TIMESTAMP,solar_TIMESTAMP,AUS_BRI_BRI_Ncu_Jt_1,AUS_BRI_BRI_Ncu_Jt_2,AUS_BRI_BRI_Ncu_Jt_3,AUS_BRI_BRI_Ncu_Jt_4,AUS_BRI_BRI_Ncu_Jt_5
2009-09-09T14:00:00Z,2009-09-09T23:47:36Z,,,,,
2009-09-09T14:29:59Z,2009-09-10T00:17:57Z,,,,,
2009-09-09T15:00:00Z,2009-09-10T00:47:58Z,,,,,
2009-09-09T15:30:00Z,2009-09-10T01:17:58Z,,,,,
2009-09-09T15:59:59Z,2009-09-10T01:47:57Z,,,,,
2009-09-09T16:30:00Z,2009-09-10T02:17:58Z,,,,,
2009-09-09T17:00:00Z,2009-09-10T02:47:58Z,,,,,
2009-09-09T17:29:59Z,2009-09-10T03:17:57Z,,,,,
2009-09-09T18:00:00Z,2009-09-10T03:47:58Z,,,,,
2009-09-09T18:30:00Z,2009-09-10T04:17:58Z,,,,,
2009-09-09T18:59:59Z,2009-09-10T04:47:57Z,,,,,
2009-09-09T19:30:00Z,2009-09-10T05:17:58Z,,,,,
2009-09-09T20:00:00Z,2009-09-10T05:47:58Z,,,,,
2009-09-09T20:29:59Z,2009-09-10T06:17:57Z,,,,,
2009-09-09T21:00:00Z,2009-09-10T06:47:58Z,,,,,
2009-09-09T21:30:00Z,2009-09-10T07:17:58Z,,,,,
2009-09-09T21:59:59Z,2009-09-10T07:47:57Z,,,,,
2009-09-09T22:30:00Z,2009-09-10T08:17:58Z,,,,,
2009-09-09T23:00:00Z,2009-09-10T08:47:58Z,,,,,
2009-09-09T23:29:59Z,2009-09-10T09:17:57Z,,,,,
2009-09-10T00:00:00Z,2009-09-10T09:47:58Z,,,,,
2009-09-10T00:30:00Z,2009-09-10T10:17:58Z,,,,,
2009-09-10T00:59:59Z,2009-09-10T10:47:57Z,,,,,
2009-09-10T01:30:00Z,2009-09-10T11:17:58Z,,,,,
2009-09-10T02:00:00Z,2009-09-10T11:47:58Z,,,,,
2009-09-10T02:29:59Z,2009-09-10T12:17:57Z,,,,,
2009-09-10T03:00:00Z,2009-09-10T12:47:58Z,,,,,
2009-09-10T03:30:00Z,2009-09-10T13:17:58Z,,,,,
2009-09-10T03:59:59Z,2009-09-10T13:47:57Z,,,,,
2009-09-10T04:30:00Z,2009-09-10T14:17:58Z,,,,,
2009-09-10T05:00:00Z,2009-09-10T14:47:58Z,,,,,OUT_WARN
2009-09-10T05:29:59Z,2009-09-10T15:17:57Z,,,,,OUT_WARN
2009-09-10T06:00:00Z,2009-09-10T15:47:58Z,,,,,
2009-09-10T06:30:00Z,2009-09-10T16:17:58Z,,,,,
2009-09-10T06:59:59Z,2009-09-10T16:47:57Z,,,,,
2009-09-10T07:30:00Z,2009-09-10T17:17:58Z,,,,,
2009-09-10T08:00:00Z,2009-09-10T17:47:58Z,,,,,
2009-09-10T08:29:59Z,2009-09-10T18:17:57Z,,,,,
2009-09-10T09:00:00Z,2009-09-10T18:47:58Z,,,,,
2009-09-10T09:30:00Z,2009-09-10T19:17:58Z,,,,,
2009-09-10T09:59:59Z,2009-09-10T19:47:57Z,,,,,
2009-09-10T10:30:00Z,2009-09-10T20:17:58Z,,,,,
2009-09-10T11:00:00Z,2009-09-10T20:47:58Z,,,,,
2009-09-10T11:29:59Z,2009-09-10T21:17:57Z,,,,,
2009-09-10T12:00:00Z,2009-09-10T21:47:58Z,,,,,
2009-09-10T12:30:00Z,2009-09-10T22:17:58Z,,,,,
2009-09-10T12:59:59Z,2009-09-10T22:47:57Z,,,,,
2009-09-10T13:30:00Z,2009-09-10T23:17:58Z,,,,,
2009-09-10T14:00:00Z,2009-09-10T23:47:58Z,,,,,
2009-09-10T14:29:59Z,2009-09-11T00:18:19Z,,,,,
2009-09-10T15:00:00Z,2009-09-11T00:48:20Z,,,,,
2009-09-10T15:30:00Z,2009-09-11T01:18:20Z,,,,,
2009-09-10T15:59:59Z,2009-09-11T01:48:19Z,,,,,
2009-09-10T16:30:00Z,2009-09-11T02:18:20Z,,,,,
2009-09-10T17:00:00Z,2009-09-11T02:48:20Z,,,,,
2009-09-10T17:29:59Z,2009-09-11T03:18:19Z,,,,,
2009-09-10T18:00:00Z,2009-09-11T03:48:20Z,,,,,
2009-09-10T18:30:00Z,2009-09-11T04:18:20Z,,,,,
2009-09-10T18:59:59Z,2009-09-11T04:48:19Z,,,,,
2009-09-10T19:30:00Z,2009-09-11T05:18:20Z,,,,,
2009-09-10T20:00:00Z,2009-09-11T05:48:20Z,,,,,
2009-09-10T20:29:59Z,2009-09-11T06:18:19Z,,,,,
2009-09-10T21:00:00Z,2009-09-11T06:48:20Z,,,,,
2009-09-10T21:30:00Z,2009-09-11T07:18:20Z,,,,,
2009-09-10T21:59:59Z,2009-09-11T07:48:19Z,,,,,
2009-09-10T22:30:00Z,2009-09-11T08:18:20Z,,,,,
2009-09-10T23:00:00Z,2009-09-11T08:48:20Z,,,,,
2009-09-10T23:29:59Z,2009-09-11T09:18:19Z,,,,,
2009-09-11T00:00:00Z,2009-09-11T09:48:20Z,,,,,
2009-09-11T00:30:00Z,2009-09-11T10:18:20Z,,,,,
2009-09-11T00:59:59Z,2009-09-11T10:48:19Z,,,,,
2009-09-11T01:30:00Z,2009-09-11T11:18:20Z,,,,,
2009-09-11T02:00:00Z,2009-09-11T11:48:20Z,,,,,
2009-09-11T02:29:59Z,2009-09-11T12:18:19Z,,,,,
2009-09-11T03:00:00Z,2009-09-11T12:48:20Z,,,,,
2009-09-11T03:30:00Z,2009-09-11T13:18:20Z,,,,,
2009-09-11T03:59:59Z,2009-09-11T13:48:19Z,,,,,
2009-09-11T04:30:00Z,2009-09-11T14:18:20Z,,,,,
2009-09-11T05:00:00Z,2009-09-11T14:48:20Z,,,,,
2009-09-11T05:29:59Z,2009-09-11T15:18:19Z,,,,,
2009-09-11T06:00:00Z,2009-09-11T15:48:20Z,,,,,
2009-09-11T06:30:00Z,2009-09-11T16:18:20Z,,,,,
2009-09-11T06:59:59Z,2009-09-11T16:48:19Z,,,,,
2009-09-11T07:30:00Z,2009-09-11T17:18:20Z,,,,,
2009-09-11T08:00:00Z,2009-09-11T17:48:20Z,,,,,
2009-09-11T08:29:59Z,2009-09-11T18:18:19Z,,,,,
2009-09-11T09:00:00Z,2009-09-11T18:48:20Z,,,,,
2009-09-11T09:30:00Z,2009-09-11T19:18:20Z,,,,,
2009-09-11T09:59:59Z,2009-09-11T19:48:19Z,,,,,
2009-09-11T10:30:00Z,2009-09-11T20:18:20Z,,,,,
2009-09-11T11:00:00Z,2009-09-11T20:48:20Z,,,,,
2009-09-11T11:29:59Z,2009-09-11T21:18:19Z,,,,,
2009-09-11T12:00:00Z,2009-09-11T21:48:20Z,,,,,
2009-09-11T12:30:00Z,2009-09-11T22:18:20Z,,,,,
2009-09-11T12:59:59Z,2009-09-11T22:48:19Z,,,,,
2009-09-11T13:30:00Z,2009-09-11T23:18:20Z,,,,,
2009-09-11T14:00:00Z,2009-09-11T23:48:20Z,,,,,
2009-09-11T14:29:59Z,2009-09-12T00:18:41Z,,,,,
2009-09-11T15:00:00Z,2009-09-12T00:48:42Z,,,,,
2009-09-11T15:30:00Z,2009-09-12T01:18:42Z,,,,,
2009-09-11T15:59:59Z,2009-09-12T01:48:41Z,,,,,
2009-09-11T16:30:00Z,2009-09-12T02:18:42Z,,,,,
2009-09-11T17:00:00Z,2009-09-12T02:48:42Z,,,,,
2009-09-11T17:29:59Z,2009-09-12T03:18:41Z,,,,,
2009-09-11T18:00:00Z,2009-09-12T03:48:42Z,,,,,
2009-09-11T18:30:00Z,2009-09-12T04:18:42Z,,,,,
2009-09-11T18:59:59Z,2009-09-12T04:48:41Z,,,,,
2009-09-11T19:30:00Z,2009-09-12T05:18:42Z,,,,,
2009-09-11T20:00:00Z,2009-09-12T05:48:42Z,,,,,
2009-09-11T20:29:59Z,2009-09-12T06:18:41Z,,,,,
2009-09-11T21:00:00Z,2009-09-12T06:48:42Z,,,,,
2009-09-11T21:30:00Z,2009-09-12T07:18:42Z,,,,,
2009-09-11T21:59:59Z,2009-09-12T07:48:41Z,,,,,
2009-09-11T22:30:00Z,2009-09-12T08:18:42Z,,,,,
2009-09-11T23:00:00Z,2009-09-12T08:48:42Z,,,,,
2009-09-11T23:29:59Z,2009-09-12T09:18:41Z,,,,,
2009-09-12T00:00:00Z,2009-09-12T09:48:42Z,,,,,
2009-09-12T00:30:00Z,2009-09-12T10:18:42Z,,,,,
2009-09-12T00:59:59Z,2009-09-12T10:48:41Z,,,,,
2009-09-12T01:30:00Z,2009-09-12T11:18:42Z,,,,,
2009-09-12T02:00:00Z,2009-09-12T11:48:42Z,,,,,
2009-09-12T02:29:59Z,2009-09-12T12:18:41Z,,,,,
2009-09-12T03:00:00Z,2009-09-12T12:48:42Z,,,,,
2009-09-12T03:30:00Z,2009-09-12T13:18:42Z,,,,,
2009-09-12T03:59:59Z,2009-09-12T13:48:41Z,,,,,
2009-09-12T04:30:00Z,2009-09-12T14:18:42Z,,,,,
2009-09-12T05:00:00Z,2009-09-12T14:48:42Z,,,,,
2009-09-12T05:29:59Z,2009-09-12T15:18:41Z,,,,,
2009-09-12T06:00:00Z,2009-09-12T15:48:42Z,,,,,
2009-09-12T06:30:00Z,2009-09-12T16:18:42Z,,,,,
2009-09-12T06:59:59Z,2009-09-12T16:48:41Z,,,,,
2009-09-12T07:30:00Z,2009-09-12T17:18:42Z,,,,,
2009-09-12T08:00:00Z,2009-09-12T17:48:42Z,,,,,
2009-09-12T08:29:59Z,2009-09-12T18:18:41Z,,,,,
2009-09-12T09:00:00Z,2009-09-12T18:48:42Z,,,,,
2009-09-12T09:30:00Z,2009-09-12T19:18:42Z,,,,,
2009-09-12T09:59:59Z,2009-09-12T19:48:41Z,,,,,
2009-09-12T10:30:00Z,2009-09-12T20:18:42Z,,,,,
2009-09-12T11:00:00Z,2009-09-12T20:48:42Z,,,,,
2009-09-12T11:29:59Z,2009-09-12T21:18:41Z,,,,,
2009-09-12T12:00:00Z,2009-09-12T21:48:42Z,,,,,
2009-09-12T12:30:00Z,2009-09-12T22:18:42Z,,,,,
2009-09-12T12:59:59Z,2009-09-12T22:48:41Z,,,,,
2009-09-12T13:30:00Z,2009-09-12T23:18:42Z,,,,,
2009-09-12T14:00:00Z,2009-09-12T23:48:42Z,,,,,
2009-09-12T14:29:59Z,2009-09-13T00:19:03Z,,,,,
2009-09-12T15:00:00Z,2009-09-13T00:49:04Z,,,,,
2009-09-12T15:30:00Z,2009-09-13T01:19:04Z,,,,,
2009-09-12T15:59:59Z,2009-09-13T01:49:03Z,,,,,
2009-09-12T16:30:00Z,2009-09-13T02:19:04Z,,,,,
2009-09-12T17:00:00Z,2009-09-13T02:49:04Z,,,,,
2009-09-12T17:29:59Z,2009-09-13T03:19:03Z,,,,,
2009-09-12T18:00:00Z,2009-09-13T03:49:04Z,,,,,
2009-09-12T18:30:00Z,2009-09-13T04:19:04Z,,,,,
2009-09-12T18:59:59Z,2009-09-13T04:49:03Z,,,,,
2009-09-12T19:30:00Z,2009-09-13T05:19:04Z,,,,,
2009-09-12T20:00:00Z,2009-09-13T05:49:04Z,,,,,
2009-09-12T20:29:59Z,2009-09-13T06:19:03Z,,,,,
2009-09-12T21:00:00Z,2009-09-13T06:49:04Z,,,,,
2009-09-12T21:30:00Z,2009-09-13T07:19:04Z,,,,,
2009-09-12T21:59:59Z,2009-09-13T07:49:03Z,,,,,
2009-09-12T22:30:00Z,2009-09-13T08:19:04Z,,,,,
2009-09-12T23:00:00Z,2009-09-13T08:49:04Z,,,,,
2009-09-12T23:29:59Z,2009-09-13T09:19:03Z,,,,,
2009-09-13T00:00:00Z,2009-09-13T09:49:04Z,,,,,
2009-09-13T00:30:00Z,2009-09-13T10:19:04Z,,,,,
2009-09-13T00:59:59Z,2009-09-13T10:49:03Z,,,,,
2009-09-13T01:30:00Z,2009-09-13T11:19:04Z,,,,,
2009-09-13T02:00:00Z,2009-09-13T11:49:04Z,,,,,
2009-09-13T02:29:59Z,2009-09-13T12:19:03Z,,,,,
2009-09-13T03:00:00Z,2009-09-13T12:49:04Z,,,,,
2009-09-13T03:30:00Z,2009-09-13T13:19:04Z,,,,,
2009-09-13T03:59:59Z,2009-09-13T13:49:03Z,,,,,
2009-09-13T04:30:00Z,2009-09-13T14:19:04Z,,,,,
2009-09-13T05:00:00Z,2009-09-13T14:49:04Z,,,,,
2009-09-13T05:29:59Z,2009-09-13T15:19:03Z,,,,,
2009-09-13T06:00:00Z,2009-09-13T15:49:04Z,,,,,
2009-09-13T06:30:00Z,2009-09-13T16:19:04Z,,,,,
2009-09-13T06:59:59Z,2009-09-13T16:49:03Z,,,,,
2009-09-13T07:30:00Z,2009-09-13T17:19:04Z,,,,,
2009-09-13T08:00:00Z,2009-09-13T17:49:04Z,,,,,
2009-09-13T08:29:59Z,2009-09-13T18:19:03Z,,,,,
2009-09-13T09:00:00Z,2009-09-13T18:49:04Z,,,,,
2009-09-13T09:30:00Z,2009-09-13T19:19:04Z,,,,,
2009-09-13T09:59:59Z,2009-09-13T19:49:03Z,,,,,
2009-09-13T10:30:00Z,2009-09-13T20:19:04Z,,,,,
2009-09-13T11:00:00Z,2009-09-13T20:49:04Z,,,,,
2009-09-13T11:29:59Z,2009-09-13T21:19:03Z,,,,,
2009-09-13T12:00:00Z,2009-09-13T21:49:04Z,,,,,
2009-09-13T12:30:00Z,2009-09-13T22:19:04Z,,,,,
2009-09-13T12:59:59Z,2009-09-13T22:49:03Z,,,,,
2009-09-13T13:30:00Z,2009-09-13T23:19:04Z,,,,,
2009-09-13T14:00:00Z,2009-09-13T23:49:04Z,,,,,
2009-09-13T14:29:59Z,2009-09-14T00:19:25Z,,,,,
2009-09-13T15:00:00Z,2009-09-14T00:49:26Z,,,,,
2009-09-13T15:30:00Z,2009-09-14T01:19:26Z,,,,,
2009-09-13T15:59:59Z,2009-09-14T01:49:25Z,,,,,
2009-09-13T16:30:00Z,2009-09-14T02:19:26Z,,,,,
2009-09-13T17:00:00Z,2009-09-14T02:49:26Z,,,,,
2009-09-13T17:29:59Z,2009-09-14T03:19:25Z,,,,,
2009-09-13T18:00:00Z,2009-09-14T03:49:26Z,,,,,
2009-09-13T18:30:00Z,2009-09-14T04:19:26Z,,,,,
2009-09-13T18:59:59Z,2009-09-14T04:49:25Z,,,,,
2009-09-13T19:30:00Z,2009-09-14T05:19:26Z,,,,,
2009-09-13T20:00:00Z,2009-09-14T05:49:26Z,,,,,
2009-09-13T20:29:59Z,2009-09-14T06:19:25Z,,,,,
2009-09-13T21:00:00Z,2009-09-14T06:49:26Z,,,,,
2009-09-13T21:30:00Z,2009-09-14T07:19:26Z,,,,,
2009-09-13T21:59:59Z,2009-09-14T07:49:25Z,,,,,
2009-09-13T22:30:00Z,2009-09-14T08:19:26Z,,,,,
2009-09-13T23:00:00Z,2009-09-14T08:49:26Z,,,,,
2009-09-13T23:29:59Z,2009-09-14T09:19:25Z,,,,,
2009-09-14T00:00:00Z,2009-09-14T09:49:26Z,,,,,
2009-09-14T00:30:00Z,2009-09-14T10:19:26Z,,,,,
2009-09-14T00:59:59Z,2009-09-14T10:49:25Z,,,,,
2009-09-14T01:30:00Z,2009-09-14T11:19:26Z,,,,,
2009-09-14T02:00:00Z,2009-09-14T11:49:26Z,,,,,
2009-09-14T02:29:59Z,2009-09-14T12:19:25Z,,,,,OUT_WARN
2009-09-14T03:00:00Z,2009-09-14T12:49:26Z,OUT_WARN,,,,OUT_WARN
2009-09-14T03:30:00Z,2009-09-14T13:19:26Z,OUT_WARN,OUT_WARN,OUT_WARN,,OUT_WARN
2009-09-14T03:59:59Z,2009-09-14T13:49:25Z,OUT_WARN,OUT_WARN,OUT_WARN,,OUT_WARN
2009-09-14T04:30:00Z,2009-09-14T14:19:26Z,OUT_WARN,OUT_WARN,OUT_WARN,,OUT_WARN
2009-09-14T05:00:00Z,2009-09-14T14:49:26Z,OUT_WARN,OUT_WARN,,,OUT_WARN
2009-09-14T05:29:59Z,2009-09-14T15:19:25Z,OUT_WARN,OUT_WARN,,,OUT_WARN
2009-09-14T06:00:00Z,2009-09-14T15:49:26Z,OUT_WARN,OUT_WARN,,,OUT_WARN
2009-09-14T06:30:00Z,2009-09-14T16:19:26Z,OUT_WARN,OUT_WARN,OUT_WARN,OUT_WARN,OUT_WARN
2009-09-14T06:59:59Z,2009-09-14T16:49:25Z,,,,,
2009-09-14T07:30:00Z,2009-09-14T17:19:26Z,,,,,
2009-09-14T08:00:00Z,2009-09-14T17:49:26Z,,,,,
2009-09-14T08:29:59Z,2009-09-14T18:19:25Z,,,,,
2009-09-14T09:00:00Z,2009-09-14T18:49:26Z,,,,,
2009-09-14T09:30:00Z,2009-09-14T19:19:26Z,,,,,
2009-09-14T09:59:59Z,2009-09-14T19:49:25Z,,,,,
2009-09-14T10:30:00Z,2009-09-14T20:19:26Z,,,,,
2009-09-14T11:00:00Z,2009-09-14T20:49:26Z,,,,,
2009-09-14T11:29:59Z,2009-09-14T21:19:25Z,,,,,
2009-09-14T12:00:00Z,2009-09-14T21:49:26Z,,,,,
2009-09-14T12:30:00Z,2009-09-14T22:19:26Z,,,,,
2009-09-14T12:59:59Z,2009-09-14T22:49:25Z,,,,,
2009-09-14T13:30:00Z,2009-09-14T23:19:26Z,,,,,
2009-09-14T14:00:00Z,2009-09-14T23:49:26Z,,,,,
2009-09-14T14:29:59Z,2009-09-15T00:19:46Z,,,,,
2009-09-14T15:00:00Z,2009-09-15T00:49:47Z,,,,,
2009-09-14T15:30:00Z,2009-09-15T01:19:47Z,,,,,
2009-09-14T15:59:59Z,2009-09-15T01:49:46Z,,,,,
2009-09-14T16:30:00Z,2009-09-15T02:19:47Z,,,,,
2009-09-14T17:00:00Z,2009-09-15T02:49:47Z,,,,,
2009-09-14T17:29:59Z,2009-09-15T03:19:46Z,,,,,
2009-09-14T18:00:00Z,2009-09-15T03:49:47Z,,,,,
2009-09-14T18:30:00Z,2009-09-15T04:19:47Z,,,,,
2009-09-14T18:59:59Z,2009-09-15T04:49:46Z,,,,,
2009-09-14T19:30:00Z,2009-09-15T05:19:47Z,,,,,
2009-09-14T20:00:00Z,2009-09-15T05:49:47Z,,,,,
2009-09-14T20:29:59Z,2009-09-15T06:19:46Z,,,,,
2009-09-14T21:00:00Z,2009-09-15T06:49:47Z,,,,,
2009-09-14T21:30:00Z,2009-09-15T07:19:47Z,,,,,
2009-09-14T21:59:59Z,2009-09-15T07:49:46Z,,,,,
2009-09-14T22:30:00Z,2009-09-15T08:19:47Z,,,,,
2009-09-14T23:00:00Z,2009-09-15T08:49:47Z,,,,,
2009-09-14T23:29:59Z,2009-09-15T09:19:46Z,,,,,
2009-09-15T00:00:00Z,2009-09-15T09:49:47Z,,,,,
2009-09-15T00:30:00Z,2009-09-15T10:19:47Z,,,,,OUT_WARN
2009-09-15T00:59:59Z,2009-09-15T10:49:46Z,,OUT_WARN,,,OUT_WARN
2009-09-15T01:30:00Z,2009-09-15T11:19:47Z,OUT_WARN,OUT_WARN,OUT_WARN,,OUT_WARN
2009-09-15T02:00:00Z,2009-09-15T11:49:47Z,OUT_WARN,OUT_WARN,,,OUT_WARN
2009-09-15T02:29:59Z,2009-09-15T12:19:46Z,OUT_WARN,OUT_WARN,OUT_WARN,OUT_WARN,OUT_WARN
2009-09-15T03:00:00Z,2009-09-15T12:49:47Z,OUT_WARN,OUT_WARN,OUT_WARN,OUT_WARN,OUT_WARN
2009-09-15T03:30:00Z,2009-09-15T13:19:47Z,OUT_WARN,OUT_WARN,OUT_WARN,OUT_WARN,OUT_WARN
2009-09-15T03:59:59Z,2009-09-15T13:49:46Z,OUT_WARN,OUT_WARN,OUT_WARN,OUT_WARN,OUT_WARN
2009-09-15T04:30:00Z,2009-09-15T14:19:47Z,OUT_WARN,OUT_WARN,OUT_WARN,OUT_WARN,OUT_WARN
2009-09-15T05:00:00Z,2009-09-15T14:49:47Z,OUT_WARN,OUT_WARN,OUT_WARN,OUT_WARN,OUT_WARN
2009-09-15T05:29:59Z,2009-09-15T15:19:46Z,OUT_WARN,OUT_WARN,OUT_WARN,OUT_WARN,OUT_WARN
2009-09-15T06:00:00Z,2009-09-15T15:49:47Z,OUT_WARN,OUT_WARN,OUT_WARN,OUT_WARN,OUT_WARN
2009-09-15T06:30:00Z,2009-09-15T16:19:47Z,OUT_WARN,OUT_WARN,,OUT_WARN,OUT_WARN
2009-09-15T06:59:59Z,2009-09-15T16:49:46Z,OUT_WARN,OUT_WARN,,,OUT_WARN
2009-09-15T07:30:00Z,2009-09-15T17:19:47Z,,,,,
2009-09-15T08:00:00Z,2009-09-15T17:49:47Z,,,,,
2009-09-15T08:29:59Z,2009-09-15T18:19:46Z,,,,,
2009-09-15T09:00:00Z,2009-09-15T18:49:47Z,,,,,
2009-09-15T09:30:00Z,2009-09-15T19:19:47Z,,,,,
2009-09-15T09:59:59Z,2009-09-15T19:49:46Z,,,,,
2009-09-15T10:30:00Z,2009-09-15T20:19:47Z,,,,,
2009-09-15T11:00:00Z,2009-09-15T20:49:47Z,,,,,
2009-09-15T11:29:59Z,2009-09-15T21:19:46Z,,,,,
2009-09-15T12:00:00Z,2009-09-15T21:49:47Z,,,,,
2009-09-15T12:30:00Z,2009-09-15T22:19:47Z,,,,,
2009-09-15T12:59:59Z,2009-09-15T22:49:46Z,,,,,
2009-09-15T13:30:00Z,2009-09-15T23:19:47Z,,,,,
2009-09-15T14:00:00Z,2009-09-15T23:49:47Z,,,,,
2009-09-15T14:29:59Z,2009-09-16T00:20:08Z,,,,,
2009-09-15T15:00:00Z,2009-09-16T00:50:09Z,,,,,
2009-09-15T15:30:00Z,2009-09-16T01:20:09Z,,,,,
2009-09-15T15:59:59Z,2009-09-16T01:50:08Z,,,,,
2009-09-15T16:30:00Z,2009-09-16T02:20:09Z,,,,,
2009-09-15T17:00:00Z,2009-09-16T02:50:09Z,,,,,
2009-09-15T17:29:59Z,2009-09-16T03:20:08Z,,,,,
2009-09-15T18:00:00Z,2009-09-16T03:50:09Z,,,,,
2009-09-15T18:30:00Z,2009-09-16T04:20:09Z,,,,,
2009-09-15T18:59:59Z,2009-09-16T04:50:08Z,,,,,
2009-09-15T19:30:00Z,2009-09-16T05:20:09Z,,,,,
2009-09-15T20:00:00Z,2009-09-16T05:50:09Z,,,,,
2009-09-15T20:29:59Z,2009-09-16T06:20:08Z,,,,,
2009-09-15T21:00:00Z,2009-09-16T06:50:09Z,,,,,
2009-09-15T21:30:00Z,2009-09-16T07:20:09Z,,,,,
2009-09-15T21:59:59Z,2009-09-16T07:50:08Z,,,,,
2009-09-15T22:30:00Z,2009-09-16T08:20:09Z,,,,,
2009-09-15T23:00:00Z,2009-09-16T08:50:09Z,,,,,
2009-09-15T23:29:59Z,2009-09-16T09:20:08Z,,,,,
2009-09-16T00:00:00Z,2009-09-16T09:50:09Z,,,,,
2009-09-16T00:30:00Z,2009-09-16T10:20:09Z,,,,,
2009-09-16T00:59:59Z,2009-09-16T10:50:08Z,,,,,
2009-09-16T01:30:00Z,2009-09-16T11:20:09Z,,,,,
2009-09-16T02:00:00Z,2009-09-16T11:50:09Z,,,,,
2009-09-16T02:29:59Z,2009-09-16T12:20:08Z,,,,,
2009-09-16T03:00:00Z,2009-09-16T12:50:09Z,,,,,
2009-09-16T03:30:00Z,2009-09-16T13:20:09Z,,,,,
2009-09-16T03:59:59Z,2009-09-16T13:50:08Z,OUT_WARN,,,,
2009-09-16T04:30:00Z,2009-09-16T14:20:09Z,OUT_WARN,,,,
2009-09-16T05:00:00Z,2009-09-16T14:50:09Z,OUT_WARN,,,,
2009-09-16T05:29:59Z,2009-09-16T15:20:08Z,OUT_WARN,,,,
2009-09-16T06:00:00Z,2009-09-16T15:50:09Z,,,,,
2009-09-16T06:30:00Z,2009-09-16T16:20:09Z,,,,,
2009-09-16T06:59:59Z,2009-09-16T16:50:08Z,,,,,
2009-09-16T07:30:00Z,2009-09-16T17:20:09Z,,,,,
2009-09-16T08:00:00Z,2009-09-16T17:50:09Z,,,,,
2009-09-16T08:29:59Z,2009-09-16T18:20:08Z,,,,,
2009-09-16T09:00:00Z,2009-09-16T18:50:09Z,,,,,
2009-09-16T09:30:00Z,2009-09-16T19:20:09Z,,,,,
2009-09-16T09:59:59Z,2009-09-16T19:50:08Z,,,,,
2009-09-16T10:30:00Z,2009-09-16T20:20:09Z,,,,,
2009-09-16T11:00:00Z,2009-09-16T20:50:09Z,,,,,
2009-09-16T11:29:59Z,2009-09-16T21:20:08Z,,,,,
2009-09-16T12:00:00Z,2009-09-16T21:50:09Z,,,,,
2009-09-16T12:30:00Z,2009-09-16T22:20:09Z,,,,,
2009-09-16T12:59:59Z,2009-09-16T22:50:08Z,,,,,
2009-09-16T13:30:00Z,2009-09-16T23:20:09Z,,,,,
2009-09-16T14:00:00Z,2009-09-16T23:50:09Z,,,,,
2009-09-16T14:29:59Z,2009-09-17T00:20:30Z,,,,,
2009-09-16T15:00:00Z,2009-09-17T00:50:31Z,,,,,
2009-09-16T15:30:00Z,2009-09-17T01:20:31Z,,,,,
2009-09-16T15:59:59Z,2009-09-17T01:50:30Z,,,,,
2009-09-16T16:30:00Z,2009-09-17T02:20:31Z,,,,,
2009-09-16T17:00:00Z,2009-09-17T02:50:31Z,,,,,
2009-09-16T17:29:59Z,2009-09-17T03:20:30Z,,,,,
2009-09-16T18:00:00Z,2009-09-17T03:50:31Z,,,,,
2009-09-16T18:30:00Z,2009-09-17T04:20:31Z,,,,,
2009-09-16T18:59:59Z,2009-09-17T04:50:30Z,,,,,
2009-09-16T19:30:00Z,2009-09-17T05:20:31Z,,,,,
2009-09-16T20:00:00Z,2009-09-17T05:50:31Z,,,,,
2009-09-16T20:29:59Z,2009-09-17T06:20:30Z,,,,,
2009-09-16T21:00:00Z,2009-09-17T06:50:31Z,,,,,
2009-09-16T21:30:00Z,2009-09-17T07:20:31Z,,,,,
2009-09-16T21:59:59Z,2009-09-17T07:50:30Z,,,,,
2009-09-16T22:30:00Z,2009-09-17T08:20:31Z,,,,,
2009-09-16T23:00:00Z,2009-09-17T08:50:31Z,,,,,
2009-09-16T23:29:59Z,2009-09-17T09:20:30Z,,,,,
2009-09-17T00:00:00Z,2009-09-17T09:50:31Z,,,,,
2009-09-17T00:30:00Z,2009-09-17T10:20:31Z,,,,,
2009-09-17T00:59:59Z,2009-09-17T10:50:30Z,,,,,
2009-09-17T01:30:00Z,2009-09-17T11:20:31Z,,,,,
2009-09-17T02:00:00Z,2009-09-17T11:50:31Z,,,,,
2009-09-17T02:29:59Z,2009-09-17T12:20:30Z,,,,,
2009-09-17T03:00:00Z,2009-09-17T12:50:31Z,,,,,
2009-09-17T03:30:00Z,2009-09-17T13:20:31Z,,,,,
2009-09-17T03:59:59Z,2009-09-17T13:50:30Z,,,,,
2009-09-17T04:30:00Z,2009-09-17T14:20:31Z,,,,,
2009-09-17T05:00:00Z,2009-09-17T14:50:31Z,,,,,
2009-09-17T05:29:59Z,2009-09-17T15:20:30Z,,,,,
2009-09-17T06:00:00Z,2009-09-17T15:50:31Z,,,,,
2009-09-17T06:30:00Z,2009-09-17T16:20:31Z,,,,,
2009-09-17T06:59:59Z,2009-09-17T16:50:30Z,,,,,
2009-09-17T07:30:00Z,2009-09-17T17:20:31Z,,,,,
2009-09-17T08:00:00Z,2009-09-17T17:50:31Z,,,,,
2009-09-17T08:29:59Z,2009-09-17T18:20:30Z,,,,,
2009-09-17T09:00:00Z,2009-09-17T18:50:31Z,,,,,
2009-09-17T09:30:00Z,2009-09-17T19:20:31Z,,,,,
2009-09-17T09:59:59Z,2009-09-17T19:50:30Z,,,,,
2009-09-17T10:30:00Z,2009-09-17T20:20:31Z,,,,,
2009-09-17T11:00:00Z,2009-09-17T20:50:31Z,,,,,
2009-09-17T11:29:59Z,2009-09-17T21:20:30Z,,,,,
2009-09-17T12:00:00Z,2009-09-17T21:50:31Z,,,,,
2009-09-17T12:30:00Z,2009-09-17T22:20:31Z,,,,,
2009-09-17T12:59:59Z,2009-09-17T22:50:30Z,,,,,
2009-09-17T13:30:00Z,2009-09-17T23:20:31Z,,,,,
2009-09-17T14:00:00Z,2009-09-17T23:50:31Z,,,,,
2009-09-17T14:29:59Z,2009-09-18T00:20:52Z,,,,,
2009-09-17T15:00:00Z,2009-09-18T00:50:53Z,,,,,
2009-09-17T15:30:00Z,2009-09-18T01:20:53Z,,,,,
2009-09-17T15:59:59Z,2009-09-18T01:50:52Z,,,,,
2009-09-17T16:30:00Z,2009-09-18T02:20:53Z,,,,,
2009-09-17T17:00:00Z,2009-09-18T02:50:53Z,,,,,
2009-09-17T17:29:59Z,2009-09-18T03:20:52Z,,,,,
2009-09-17T18:00:00Z,2009-09-18T03:50:53Z,,,,,
2009-09-17T18:30:00Z,2009-09-18T04:20:53Z,,,,,
2009-09-17T18:59:59Z,2009-09-18T04:50:52Z,,,,,
2009-09-17T19:30:00Z,2009-09-18T05:20:53Z,,,,,
2009-09-17T20:00:00Z,2009-09-18T05:50:53Z,,,,,
2009-09-17T20:29:59Z,2009-09-18T06:20:52Z,,,,,
2009-09-17T21:00:00Z,2009-09-18T06:50:53Z,,,,,
2009-09-17T21:30:00Z,2009-09-18T07:20:53Z,,,,,
2009-09-17T21:59:59Z,2009-09-18T07:50:52Z,,,,,
2009-09-17T22:30:00Z,2009-09-18T08:20:53Z,,,,,
2009-09-17T23:00:00Z,2009-09-18T08:50:53Z,,,,,
2009-09-17T23:29:59Z,2009-09-18T09:20:52Z,,,,,
2009-09-18T00:00:00Z,2009-09-18T09:50:53Z,,,,,
2009-09-18T00:30:00Z,2009-09-18T10:20:53Z,,,,,OUT_WARN
2009-09-18T00:59:59Z,2009-09-18T10:50:52Z,,,,,OUT_WARN
2009-09-18T01:30:00Z,2009-09-18T11:20:53Z,,,,,OUT_WARN
2009-09-18T02:00:00Z,2009-09-18T11:50:53Z,OUT_WARN,,,,OUT_WARN
2009-09-18T02:29:59Z,2009-09-18T12:20:52Z,OUT_WARN,OUT_WARN,,,OUT_WARN
2009-09-18T03:00:00Z,2009-09-18T12:50:53Z,OUT_WARN,OUT_WARN,OUT_WARN,,OUT_WARN
2009-09-18T03:30:00Z,2009-09-18T13:20:53Z,OUT_WARN,OUT_WARN,OUT_WARN,,OUT_WARN
2009-09-18T03:59:59Z,2009-09-18T13:50:52Z,OUT_WARN,OUT_WARN,OUT_WARN,,OUT_WARN
2009-09-18T04:30:00Z,2009-09-18T14:20:53Z,OUT_WARN,OUT_WARN,OUT_WARN,,OUT_WARN
2009-09-18T05:00:00Z,2009-09-18T14:50:53Z,OUT_WARN,OUT_WARN,OUT_WARN,,OUT_WARN
2009-09-18T05:29:59Z,2009-09-18T15:20:52Z,OUT_WARN,OUT_WARN,OUT_WARN,,OUT_WARN
2009-09-18T06:00:00Z,2009-09-18T15:50:53Z,OUT_WARN,OUT_WARN,,,OUT_WARN
2009-09-18T06:30:00Z,2009-09-18T16:20:53Z,OUT_WARN,,,,
2009-09-18T06:59:59Z,2009-09-18T16:50:52Z,,,,,OUT_WARN
2009-09-18T07:30:00Z,2009-09-18T17:20:53Z,,,,,OUT_WARN
2009-09-18T08:00:00Z,2009-09-18T17:50:53Z,,,,,
2009-09-18T08:29:59Z,2009-09-18T18:20:52Z,,,,,
2009-09-18T09:00:00Z,2009-09-18T18:50:53Z,,,,,
2009-09-18T09:30:00Z,2009-09-18T19:20:53Z,,,,,
2009-09-18T09:59:59Z,2009-09-18T19:50:52Z,,,,,
2009-09-18T10:30:00Z,2009-09-18T20:20:53Z,,,,,
2009-09-18T11:00:00Z,2009-09-18T20:50:53Z,,,,,
2009-09-18T11:29:59Z,2009-09-18T21:20:52Z,,,,,
2009-09-18T12:00:00Z,2009-09-18T21:50:53Z,,,,,
2009-09-18T12:30:00Z,2009-09-18T22:20:53Z,,,,,
2009-09-18T12:59:59Z,2009-09-18T22:50:52Z,,,,,
2009-09-18T13:30:00Z,2009-09-18T23:20:53Z,,,,,
2009-09-18T14:00:00Z,2009-09-18T23:50:53Z,,,,,
2009-09-18T14:29:59Z,2009-09-19T00:21:13Z,,,,,
2009-09-18T15:00:00Z,2009-09-19T00:51:14Z,,,,,
2009-09-18T15:30:00Z,2009-09-19T01:21:14Z,,,,,
2009-09-18T15:59:59Z,2009-09-19T01:51:13Z,,,,,
2009-09-18T16:30:00Z,2009-09-19T02:21:14Z,,,,,
2009-09-18T17:00:00Z,2009-09-19T02:51:14Z,,,,,
2009-09-18T17:29:59Z,2009-09-19T03:21:13Z,,,,,
2009-09-18T18:00:00Z,2009-09-19T03:51:14Z,,,,,
2009-09-18T18:30:00Z,2009-09-19T04:21:14Z,,,,,
2009-09-18T18:59:59Z,2009-09-19T04:51:13Z,,,,,
2009-09-18T19:30:00Z,2009-09-19T05:21:14Z,,,,,
2009-09-18T20:00:00Z,2009-09-19T05:51:14Z,,,,,
2009-09-18T20:29:59Z,2009-09-19T06:21:13Z,,,,,
2009-09-18T21:00:00Z,2009-09-19T06:51:14Z,,,,,
2009-09-18T21:30:00Z,2009-09-19T07:21:14Z,,,,,
2009-09-18T21:59:59Z,2009-09-19T07:51:13Z,,,,,
2009-09-18T22:30:00Z,2009-09-19T08:21:14Z,,,,,
2009-09-18T23:00:00Z,2009-09-19T08:51:14Z,,,,,
2009-09-18T23:29:59Z,2009-09-19T09:21:13Z,,,,,OUT_WARN
2009-09-19T00:00:00Z,2009-09-19T09:51:14Z,OUT_WARN,OUT_WARN,OUT_WARN,,OUT_WARN
2009-09-19T00:30:00Z,2009-09-19T10:21:14Z,OUT_WARN,OUT_WARN,OUT_WARN,,OUT_WARN
2009-09-19T00:59:59Z,2009-09-19T10:51:13Z,OUT_WARN,OUT_WARN,OUT_WARN,,OUT_WARN
2009-09-19T01:30:00Z,2009-09-19T11:21:14Z,OUT_WARN,OUT_WARN,OUT_WARN,,OUT_WARN
2009-09-19T02:00:00Z,2009-09-19T11:51:14Z,OUT_WARN,OUT_WARN,OUT_WARN,,OUT_WARN
2009-09-19T02:29:59Z,2009-09-19T12:21:13Z,OUT_WARN,OUT_WARN,OUT_WARN,,OUT_WARN
2009-09-19T03:00:00Z,2009-09-19T12:51:14Z,OUT_WARN,OUT_WARN,OUT_WARN,,OUT_WARN
2009-09-19T03:30:00Z,2009-09-19T13:21:14Z,OUT_WARN,OUT_WARN,,,OUT_WARN
2009-09-19T03:59:59Z,2009-09-19T13:51:13Z,OUT_WARN,,,,
2009-09-19T04:30:00Z,2009-09-19T14:21:14Z,,,,,
2009-09-19T05:00:00Z,2009-09-19T14:51:14Z,,,,,
2009-09-19T05:29:59Z,2009-09-19T15:21:13Z,,,,,OUT_WARN
2009-09-19T06:00:00Z,2009-09-19T15:51:14Z,OUT_WARN,OUT_WARN,,,OUT_WARN
2009-09-19T06:30:00Z,2009-09-19T16:21:14Z,OUT_WARN,OUT_WARN,,,OUT_WARN
2009-09-19T06:59:59Z,2009-09-19T16:51:13Z,OUT_WARN,OUT_WARN,,,
2009-09-19T07:30:00Z,2009-09-19T17:21:14Z,,,,,
2009-09-19T08:00:00Z,2009-09-19T17:51:14Z,,,,,
2009-09-19T08:29:59Z,2009-09-19T18:21:13Z,,,,,
2009-09-19T09:00:00Z,2009-09-19T18:51:14Z,,,,,
2009-09-19T09:30:00Z,2009-09-19T19:21:14Z,,,,,
2009-09-19T09:59:59Z,2009-09-19T19:51:13Z,,,,,
2009-09-19T10:30:00Z,2009-09-19T20:21:14Z,,,,,
2009-09-19T11:00:00Z,2009-09-19T20:51:14Z,,,,,
2009-09-19T11:29:59Z,2009-09-19T21:21:13Z,,,,,
2009-09-19T12:00:00Z,2009-09-19T21:51:14Z,,,,,
2009-09-19T12:30:00Z,2009-09-19T22:21:14Z,,,,,
2009-09-19T12:59:59Z,2009-09-19T22:51:13Z,,,,,
2009-09-19T13:30:00Z,2009-09-19T23:21:14Z,,,,,
2009-09-19T14:00:00Z,2009-09-19T23:51:14Z,,,,,
2009-09-19T14:29:59Z,2009-09-20T00:21:34Z,,,,,
2009-09-19T15:00:00Z,2009-09-20T00:51:35Z,,,,,
2009-09-19T15:30:00Z,2009-09-20T01:21:35Z,,,,,
2009-09-19T15:59:59Z,2009-09-20T01:51:34Z,,,,,
2009-09-19T16:30:00Z,2009-09-20T02:21:35Z,,,,,
2009-09-19T17:00:00Z,2009-09-20T02:51:35Z,,,,,
2009-09-19T17:29:59Z,2009-09-20T03:21:34Z,,,,,
2009-09-19T18:00:00Z,2009-09-20T03:51:35Z,,,,,
2009-09-19T18:30:00Z,2009-09-20T04:21:35Z,,,,,
2009-09-19T18:59:59Z,2009-09-20T04:51:34Z,,,,,
2009-09-19T19:30:00Z,2009-09-20T05:21:35Z,,,,,
2009-09-19T20:00:00Z,2009-09-20T05:51:35Z,,,,,
2009-09-19T20:29:59Z,2009-09-20T06:21:34Z,,,,,
2009-09-19T21:00:00Z,2009-09-20T06:51:35Z,,,,,
2009-09-19T21:30:00Z,2009-09-20T07:21:35Z,,,,,
2009-09-19T21:59:59Z,2009-09-20T07:51:34Z,,,,,
2009-09-19T22:30:00Z,2009-09-20T08:21:35Z,,,,,
2009-09-19T23:00:00Z,2009-09-20T08:51:35Z,,,,,
2009-09-19T23:29:59Z,2009-09-20T09:21:34Z,,,,,
2009-09-20T00:00:00Z,2009-09-20T09:51:35Z,,,,,
2009-09-20T00:30:00Z,2009-09-20T10:21:35Z,,,,,
2009-09-20T00:59:59Z,2009-09-20T10:51:34Z,,,,,
2009-09-20T01:30:00Z,2009-09-20T11:21:35Z,,,,,
2009-09-20T02:00:00Z,2009-09-20T11:51:35Z,,,,,
2009-09-20T02:29:59Z,2009-09-20T12:21:34Z,,OUT_WARN,OUT_WARN,,OUT_WARN
2009-09-20T03:00:00Z,2009-09-20T12:51:35Z,OUT_WARN,OUT_WARN,OUT_WARN,,OUT_WARN
2009-09-20T03:30:00Z,2009-09-20T13:21:35Z,OUT_WARN,OUT_WARN,OUT_WARN,,OUT_WARN
2009-09-20T03:59:59Z,2009-09-20T13:51:34Z,OUT_WARN,OUT_WARN,OUT_WARN,,OUT_WARN
2009-09-20T04:30:00Z,2009-09-20T14:21:35Z,OUT_WARN,OUT_WARN,OUT_WARN,,OUT_WARN
2009-09-20T05:00:00Z,2009-09-20T14:51:35Z,OUT_WARN,OUT_WARN,OUT_WARN,,OUT_WARN
2009-09-20T05:29:59Z,2009-09-20T15:21:34Z,OUT_WARN,OUT_WARN,OUT_WARN,,OUT_WARN
2009-09-20T06:00:00Z,2009-09-20T15:51:35Z,OUT_WARN,OUT_WARN,OUT_WARN,,OUT_WARN
2009-09-20T06:30:00Z,2009-09-20T16:21:35Z,OUT_WARN,OUT_WARN,OUT_WARN,,OUT_WARN
2009-09-20T06:59:59Z,2009-09-20T16:51:34Z,OUT_WARN,OUT_WARN,OUT_WARN,,OUT_WARN
2009-09-20T07:30:00Z,2009-09-20T17:21:35Z,,OUT_WARN,OUT_WARN,,
2009-09-20T08:00:00Z,2009-09-20T17:51:35Z,,,,,
2009-09-20T08:29:59Z,2009-09-20T18:21:34Z,,,,,
2009-09-20T09:00:00Z,2009-09-20T18:51:35Z,,,,,
2009-09-20T09:30:00Z,2009-09-20T19:21:35Z,,,,,
2009-09-20T09:59:59Z,2009-09-20T19:51:34Z,,,,,
2009-09-20T10:30:00Z,2009-09-20T20:21:35Z,,,,,
2009-09-20T11:00:00Z,2009-09-20T20:51:35Z,,,,,
2009-09-20T11:29:59Z,2009-09-20T21:21:34Z,,,,,
2009-09-20T12:00:00Z,2009-09-20T21:51:35Z,,,,,
2009-09-20T12:30:00Z,2009-09-20T22:21:35Z,,,,,
2009-09-20T12:59:59Z,2009-09-20T22:51:34Z,,,,,
2009-09-20T13:30:00Z,2009-09-20T23:21:35Z,,,,,
2009-09-20T14:00:00Z,2009-09-20T23:51:35Z,,,,,
2009-09-20T14:29:59Z,2009-09-21T00:21:55Z,,,,,
2009-09-20T15:00:00Z,2009-09-21T00:51:56Z,,,,,
2009-09-20T15:30:00Z,2009-09-21T01:21:56Z,,,,,
2009-09-20T15:59:59Z,2009-09-21T01:51:55Z,,,,,
2009-09-20T16:30:00Z,2009-09-21T02:21:56Z,,,,,
2009-09-20T17:00:00Z,2009-09-21T02:51:56Z,,,,,
2009-09-20T17:29:59Z,2009-09-21T03:21:55Z,,,,,
2009-09-20T18:00:00Z,2009-09-21T03:51:56Z,,,,,
2009-09-20T18:30:00Z,2009-09-21T04:21:56Z,,,,,
2009-09-20T18:59:59Z,2009-09-21T04:51:55Z,,,,,
2009-09-20T19:30:00Z,2009-09-21T05:21:56Z,,,,,
2009-09-20T20:00:00Z,2009-09-21T05:51:56Z,,,,,
2009-09-20T20:29:59Z,2009-09-21T06:21:55Z,,,,,
2009-09-20T21:00:00Z,2009-09-21T06:51:56Z,,,,,
2009-09-20T21:30:00Z,2009-09-21T07:21:56Z,,,,,
2009-09-20T21:59:59Z,2009-09-21T07:51:55Z,,,,,
2009-09-20T22:30:00Z,2009-09-21T08:21:56Z,,,,,
2009-09-20T23:00:00Z,2009-09-21T08:51:56Z,,,,,
2009-09-20T23:29:59Z,2009-09-21T09:21:55Z,,,,,
2009-09-21T00:00:00Z,2009-09-21T09:51:56Z,,,,,
2009-09-21T00:30:00Z,2009-09-21T10:21:56Z,,,,,OUT_WARN
2009-09-21T00:59:59Z,2009-09-21T10:51:55Z,,,,,OUT_WARN
2009-09-21T01:30:00Z,2009-09-21T11:21:56Z,OUT_WARN,,,,OUT_WARN
2009-09-21T02:00:00Z,2009-09-21T11:51:56Z,OUT_WARN,OUT_WARN,,,OUT_WARN
2009-09-21T02:29:59Z,2009-09-21T12:21:55Z,OUT_WARN,OUT_WARN,OUT_WARN,,OUT_WARN
2009-09-21T03:00:00Z,2009-09-21T12:51:56Z,OUT_WARN,OUT_WARN,OUT_WARN,,OUT_WARN
2009-09-21T03:30:00Z,2009-09-21T13:21:56Z,OUT_WARN,OUT_WARN,OUT_WARN,,
2009-09-21T03:59:59Z,2009-09-21T13:51:55Z,OUT_WARN,,,,OUT_WARN
2009-09-21T04:30:00Z,2009-09-21T14:21:56Z,OUT_WARN,OUT_WARN,OUT_WARN,,OUT_WARN
2009-09-21T05:00:00Z,2009-09-21T14:51:56Z,OUT_WARN,OUT_WARN,,,OUT_WARN
2009-09-21T05:29:59Z,2009-09-21T15:21:55Z,OUT_WARN,,,,
2009-09-21T06:00:00Z,2009-09-21T15:51:56Z,OUT_WARN,,,,
2009-09-21T06:30:00Z,2009-09-21T16:21:56Z,,,,,
2009-09-21T06:59:59Z,2009-09-21T16:51:55Z,,,,,
2009-09-21T07:30:00Z,2009-09-21T17:21:56Z,,,,,
2009-09-21T08:00:00Z,2009-09-21T17:51:56Z,,,,,
2009-09-21T08:29:59Z,2009-09-21T18:21:55Z,,,,,
2009-09-21T09:00:00Z,2009-09-21T18:51:56Z,,,,,
2009-09-21T09:30:00Z,2009-09-21T19:21:56Z,,,,,
2009-09-21T09:59:59Z,2009-09-21T19:51:55Z,,,,,
2009-09-21T10:30:00Z,2009-09-21T20:21:56Z,,,,,
2009-09-21T11:00:00Z,2009-09-21T20:51:56Z,,,,,
2009-09-21T11:29:59Z,2009-09-21T21:21:55Z,,,,,
2009-09-21T12:00:00Z,2009-09-21T21:51:56Z,,,,,
2009-09-21T12:30:00Z,2009-09-21T22:21:56Z,,,,,
2009-09-21T12:59:59Z,2009-09-21T22:51:55Z,,,,,
2009-09-21T13:30:00Z,2009-09-21T23:21:56Z,,,,,
2009-09-21T14:00:00Z,2009-09-21T23:51:56Z,,,,,
2009-09-21T14:29:59Z,2009-09-22T00:22:16Z,,,,,
2009-09-21T15:00:00Z,2009-09-22T00:52:17Z,,,,,
2009-09-21T15:30:00Z,2009-09-22T01:22:17Z,,,,,
2009-09-21T15:59:59Z,2009-09-22T01:52:16Z,,,,,
2009-09-21T16:30:00Z,2009-09-22T02:22:17Z,,,,,
2009-09-21T17:00:00Z,2009-09-22T02:52:17Z,,,,,
2009-09-21T17:29:59Z,2009-09-22T03:22:16Z,,,,,
2009-09-21T18:00:00Z,2009-09-22T03:52:17Z,,,,,
2009-09-21T18:30:00Z,2009-09-22T04:22:17Z,,,,,
2009-09-21T18:59:59Z,2009-09-22T04:52:16Z,,,,,
2009-09-21T19:30:00Z,2009-09-22T05:22:17Z,,,,,
2009-09-21T20:00:00Z,2009-09-22T05:52:17Z,,,,,
2009-09-21T20:29:59Z,2009-09-22T06:22:16Z,,,,,
2009-09-21T21:00:00Z,2009-09-22T06:52:17Z,,,,,
2009-09-21T21:30:00Z,2009-09-22T07:22:17Z,,,,,
2009-09-21T21:59:59Z,2009-09-22T07:52:16Z,,,,,RANGE_WARN
2009-09-21T22:30:00Z,2009-09-22T08:22:17Z,,,,,
2009-09-21T23:00:00Z,2009-09-22T08:52:17Z,,,,,
2009-09-21T23:29:59Z,2009-09-22T09:22:16Z,,,,,
2009-09-22T00:00:00Z,2009-09-22T09:52:17Z,,,,,
2009-09-22T00:30:00Z,2009-09-22T10:22:17Z,,,,,
2009-09-22T00:59:59Z,2009-09-22T10:52:16Z,,,,,OUT_WARN
2009-09-22T01:30:00Z,2009-09-22T11:22:17Z,,,,,OUT_WARN
2009-09-22T02:00:00Z,2009-09-22T11:52:17Z,,,,,OUT_WARN
2009-09-22T02:29:59Z,2009-09-22T12:22:16Z,,,,,OUT_WARN
2009-09-22T03:00:00Z,2009-09-22T12:52:17Z,,OUT_WARN,,,OUT_WARN
2009-09-22T03:30:00Z,2009-09-22T13:22:17Z,,OUT_WARN,,,OUT_WARN
2009-09-22T03:59:59Z,2009-09-22T13:52:16Z,,OUT_WARN,,,OUT_WARN
2009-09-22T04:30:00Z,2009-09-22T14:22:17Z,,OUT_WARN,,,OUT_WARN
2009-09-22T05:00:00Z,2009-09-22T14:52:17Z,OUT_WARN,OUT_WARN,,,OUT_WARN
2009-09-22T05:29:59Z,2009-09-22T15:22:16Z,,OUT_WARN,,,OUT_WARN
2009-09-22T06:00:00Z,2009-09-22T15:52:17Z,,OUT_WARN,,,OUT_WARN
2009-09-22T06:30:00Z,2009-09-22T16:22:17Z,,OUT_WARN,,,OUT_WARN
2009-09-22T06:59:59Z,2009-09-22T16:52:16Z,,OUT_WARN,,,OUT_WARN
2009-09-22T07:30:00Z,2009-09-22T17:22:17Z,,,,,
2009-09-22T08:00:00Z,2009-09-22T17:52:17Z,,,,,
2009-09-22T08:29:59Z,2009-09-22T18:22:16Z,,,,,
2009-09-22T09:00:00Z,2009-09-22T18:52:17Z,,,,,
2009-09-22T09:30:00Z,2009-09-22T19:22:17Z,,,,,
2009-09-22T09:59:59Z,2009-09-22T19:52:16Z,,,,,
2009-09-22T10:30:00Z,2009-09-22T20:22:17Z,,,,,
2009-09-22T11:00:00Z,2009-09-22T20:52:17Z,,,,,
2009-09-22T11:29:59Z,2009-09-22T21:22:16Z,,,,,
2009-09-22T12:00:00Z,2009-09-22T21:52:17Z,,,,,
2009-09-22T12:30:00Z,2009-09-22T22:22:17Z,,,,,
2009-09-22T12:59:59Z,2009-09-22T22:52:16Z,,,,,
2009-09-22T13:30:00Z,2009-09-22T23:22:17Z,,,,,
2009-09-22T14:00:00Z,2009-09-22T23:52:17Z,,,,,
2009-09-22T14:29:59Z,2009-09-23T00:22:37Z,,,,,
2009-09-22T15:00:00Z,2009-09-23T00:52:38Z,,,,,
2009-09-22T15:30:00Z,2009-09-23T01:22:38Z,,,,,
2009-09-22T15:59:59Z,2009-09-23T01:52:37Z,,,,,
2009-09-22T16:30:00Z,2009-09-23T02:22:38Z,,,,,
2009-09-22T17:00:00Z,2009-09-23T02:52:38Z,,,,,
2009-09-22T17:29:59Z,2009-09-23T03:22:37Z,,,,,
2009-09-22T18:00:00Z,2009-09-23T03:52:38Z,,,,,
2009-09-22T18:30:00Z,2009-09-23T04:22:38Z,,,,,
2009-09-22T18:59:59Z,2009-09-23T04:52:37Z,,,,,
2009-09-22T19:30:00Z,2009-09-23T05:22:38Z,,,,,
2009-09-22T20:00:00Z,2009-09-23T05:52:38Z,,,,,
2009-09-22T20:29:59Z,2009-09-23T06:22:37Z,,,,,
2009-09-22T21:00:00Z,2009-09-23T06:52:38Z,,,,,
2009-09-22T21:30:00Z,2009-09-23T07:22:38Z,,,,,
2009-09-22T21:59:59Z,2009-09-23T07:52:37Z,,,,,
2009-09-22T22:30:00Z,2009-09-23T08:22:38Z,,,,,
2009-09-22T23:00:00Z,2009-09-23T08:52:38Z,,,,,
2009-09-22T23:29:59Z,2009-09-23T09:22:37Z,,,,,
2009-09-23T00:00:00Z,2009-09-23T09:52:38Z,,,,,
2009-09-23T00:30:00Z,2009-09-23T10:22:38Z,,,,,
2009-09-23T00:59:59Z,2009-09-23T10:52:37Z,,,,,
2009-09-23T01:30:00Z,2009-09-23T11:22:38Z,,,,,
2009-09-23T02:00:00Z,2009-09-23T11:52:38Z,,,,,
2009-09-23T02:29:59Z,2009-09-23T12:22:37Z,,,,,
2009-09-23T03:00:00Z,2009-09-23T12:52:38Z,,,,,
2009-09-23T03:30:00Z,2009-09-23T13:22:38Z,,,,,
2009-09-23T03:59:59Z,2009-09-23T13:52:37Z,,,,,
2009-09-23T04:30:00Z,2009-09-23T14:22:38Z,,,,,
2009-09-23T05:00:00Z,2009-09-23T14:52:38Z,,,,,
2009-09-23T05:29:59Z,2009-09-23T15:22:37Z,,,,,
2009-09-23T06:00:00Z,2009-09-23T15:52:38Z,,,,,
2009-09-23T06:30:00Z,2009-09-23T16:22:38Z,,,,,
2009-09-23T06:59:59Z,2009-09-23T16:52:37Z,,,,,
2009-09-23T07:30:00Z,2009-09-23T17:22:38Z,,,,,
2009-09-23T08:00:00Z,2009-09-23T17:52:38Z,,,,,
2009-09-23T08:29:59Z,2009-09-23T18:22:37Z,,,,,
2009-09-23T09:00:00Z,2009-09-23T18:52:38Z,,,,,
2009-09-23T09:30:00Z,2009-09-23T19:22:38Z,,,,,
2009-09-23T09:59:59Z,2009-09-23T19:52:37Z,,,,,
2009-09-23T10:30:00Z,2009-09-23T20:22:38Z,,,,,
2009-09-23T11:00:00Z,2009-09-23T20:52:38Z,,,,,
2009-09-23T11:29:59Z,2009-09-23T21:22:37Z,,,,,
2009-09-23T12:00:00Z,2009-09-23T21:52:38Z,,,,,
2009-09-23T12:30:00Z,2009-09-23T22:22:38Z,,,,,
2009-09-23T12:59:59Z,2009-09-23T22:52:37Z,,,,,
2009-09-23T13:30:00Z,2009-09-23T23:22:38Z,,,,,
2009-09-23T14:00:00Z,2009-09-23T23:52:38Z,,,,,
2009-09-23T14:29:59Z,2009-09-24T00:22:57Z,,,,,
2009-09-23T15:00:00Z,2009-09-24T00:52:58Z,,,,,
2009-09-23T15:30:00Z,2009-09-24T01:22:58Z,,,,,
2009-09-23T15:59:59Z,2009-09-24T01:52:57Z,,,,,
2009-09-23T16:30:00Z,2009-09-24T02:22:58Z,,,,,
2009-09-23T17:00:00Z,2009-09-24T02:52:58Z,,,,,
2009-09-23T17:29:59Z,2009-09-24T03:22:57Z,,,,,
2009-09-23T18:00:00Z,2009-09-24T03:52:58Z,,,,,
2009-09-23T18:30:00Z,2009-09-24T04:22:58Z,,,,,
2009-09-23T18:59:59Z,2009-09-24T04:52:57Z,,,,,
2009-09-23T19:30:00Z,2009-09-24T05:22:58Z,,,,,
2009-09-23T20:00:00Z,2009-09-24T05:52:58Z,,,,,
2009-09-23T20:29:59Z,2009-09-24T06:22:57Z,,,,,
2009-09-23T21:00:00Z,2009-09-24T06:52:58Z,,,,,
2009-09-23T21:30:00Z,2009-09-24T07:22:58Z,,,,,
2009-09-23T21:59:59Z,2009-09-24T07:52:57Z,,,,,
2009-09-23T22:30:00Z,2009-09-24T08:22:58Z,,,,,
2009-09-23T23:00:00Z,2009-09-24T08:52:58Z,,,,,
2009-09-23T23:29:59Z,2009-09-24T09:22:57Z,,,,,
2009-09-24T00:00:00Z,2009-09-24T09:52:58Z,,,,,
2009-09-24T00:30:00Z,2009-09-24T10:22:58Z,,,,,
2009-09-24T00:59:59Z,2009-09-24T10:52:57Z,,,,,
2009-09-24T01:30:00Z,2009-09-24T11:22:58Z,,,,,
2009-09-24T02:00:00Z,2009-09-24T11:52:58Z,,,,,OUT_WARN
2009-09-24T02:29:59Z,2009-09-24T12:22:57Z,OUT_WARN,,OUT_WARN,,OUT_WARN
2009-09-24T03:00:00Z,2009-09-24T12:52:58Z,OUT_WARN,,OUT_WARN,,OUT_WARN
2009-09-24T03:30:00Z,2009-09-24T13:22:58Z,OUT_WARN,,,,
2009-09-24T03:59:59Z,2009-09-24T13:52:57Z,,,,,
2009-09-24T04:30:00Z,2009-09-24T14:22:58Z,,,,,
2009-09-24T05:00:00Z,2009-09-24T14:52:58Z,,,,,
2009-09-24T05:29:59Z,2009-09-24T15:22:57Z,,,,,
2009-09-24T06:00:00Z,2009-09-24T15:52:58Z,,,,,
2009-09-24T06:30:00Z,2009-09-24T16:22:58Z,,,,,
2009-09-24T06:59:59Z,2009-09-24T16:52:57Z,,,,,
2009-09-24T07:30:00Z,2009-09-24T17:22:58Z,,,,,
2009-09-24T08:00:00Z,2009-09-24T17:52:58Z,,,,,
2009-09-24T08:29:59Z,2009-09-24T18:22:57Z,,,,,
2009-09-24T09:00:00Z,2009-09-24T18:52:58Z,,,,,
2009-09-24T09:30:00Z,2009-09-24T19:22:58Z,,,,,
2009-09-24T09:59:59Z,2009-09-24T19:52:57Z,,,,,
2009-09-24T10:30:00Z,2009-09-24T20:22:58Z,,,,,
2009-09-24T11:00:00Z,2009-09-24T20:52:58Z,,,,,
2009-09-24T11:29:59Z,2009-09-24T21:22:57Z,,,,,
2009-09-24T12:00:00Z,2009-09-24T21:52:58Z,,,,,
2009-09-24T12:30:00Z,2009-09-24T22:22:58Z,,,,,
2009-09-24T12:59:59Z,2009-09-24T22:52:57Z,,,,,
2009-09-24T13:30:00Z,2009-09-24T23:22:58Z,,,,,
2009-09-24T14:00:00Z,2009-09-24T23:52:58Z,,,,,
2009-09-24T14:29:59Z,2009-09-25T00:23:18Z,,,,,
2009-09-24T15:00:00Z,2009-09-25T00:53:19Z,,,,,
2009-09-24T15:30:00Z,2009-09-25T01:23:19Z,,,,,
2009-09-24T15:59:59Z,2009-09-25T01:53:18Z,,,,,
2009-09-24T16:30:00Z,2009-09-25T02:23:19Z,,,,,
2009-09-24T17:00:00Z,2009-09-25T02:53:19Z,,,,,
2009-09-24T17:29:59Z,2009-09-25T03:23:18Z,,,,,
2009-09-24T18:00:00Z,2009-09-25T03:53:19Z,,,,,
2009-09-24T18:30:00Z,2009-09-25T04:23:19Z,,,,,
2009-09-24T18:59:59Z,2009-09-25T04:53:18Z,,,,,
2009-09-24T19:30:00Z,2009-09-25T05:23:19Z,,,,,
2009-09-24T20:00:00Z,2009-09-25T05:53:19Z,,,,,
2009-09-24T20:29:59Z,2009-09-25T06:23:18Z,,,,,
2009-09-24T21:00:00Z,2009-09-25T06:53:19Z,,,,,
2009-09-24T21:30:00Z,2009-09-25T07:23:19Z,,,,,
2009-09-24T21:59:59Z,2009-09-25T07:53:18Z,,,,,
2009-09-24T22:30:00Z,2009-09-25T08:23:19Z,,OUT_WARN,,,OUT_WARN
2009-09-24T23:00:00Z,2009-09-25T08:53:19Z,,OUT_WARN,OUT_WARN,,OUT_WARN
2009-09-24T23:29:59Z,2009-09-25T09:23:18Z,,OUT_WARN,OUT_WARN,,OUT_WARN
2009-09-25T00:00:00Z,2009-09-25T09:53:19Z,,OUT_WARN,,,OUT_WARN
2009-09-25T00:30:00Z,2009-09-25T10:23:19Z,,OUT_WARN,,,OUT_WARN
2009-09-25T00:59:59Z,2009-09-25T10:53:18Z,,,,,OUT_WARN
2009-09-25T01:30:00Z,2009-09-25T11:23:19Z,,,,,OUT_WARN
2009-09-25T02:00:00Z,2009-09-25T11:53:19Z,,,,,
2009-09-25T02:29:59Z,2009-09-25T12:23:18Z,,,,,
2009-09-25T03:00:00Z,2009-09-25T12:53:19Z,,,,,
2009-09-25T03:30:00Z,2009-09-25T13:23:19Z,,,,,
2009-09-25T03:59:59Z,2009-09-25T13:53:18Z,,,,,
2009-09-25T04:30:00Z,2009-09-25T14:23:19Z,,,,,
2009-09-25T05:00:00Z,2009-09-25T14:53:19Z,,,,,
2009-09-25T05:29:59Z,2009-09-25T15:23:18Z,,,,,
2009-09-25T06:00:00Z,2009-09-25T15:53:19Z,,,,,
2009-09-25T06:30:00Z,2009-09-25T16:23:19Z,,,,,
2009-09-25T06:59:59Z,2009-09-25T16:53:18Z,,,,,
2009-09-25T07:30:00Z,2009-09-25T17:23:19Z,,,,,
2009-09-25T08:00:00Z,2009-09-25T17:53:19Z,,,,,
2009-09-25T08:29:59Z,2009-09-25T18:23:18Z,,,,,
2009-09-25T09:00:00Z,2009-09-25T18:53:19Z,,,,,
2009-09-25T09:30:00Z,2009-09-25T19:23:19Z,,,,,
2009-09-25T09:59:59Z,2009-09-25T19:53:18Z,,,,,
2009-09-25T10:30:00Z,2009-09-25T20:23:19Z,,,,,
2009-09-25T11:00:00Z,2009-09-25T20:53:19Z,,,,,
2009-09-25T11:29:59Z,2009-09-25T21:23:18Z,,,,,
2009-09-25T12:00:00Z,2009-09-25T21:53:19Z,,,,,
2009-09-25T12:30:00Z,2009-09-25T22:23:19Z,,,,,
2009-09-25T12:59:59Z,2009-09-25T22:53:18Z,,,,,
2009-09-25T13:30:00Z,2009-09-25T23:23:19Z,,,,,
2009-09-25T14:00:00Z,2009-09-25T23:53:19Z,,,,,
2009-09-25T14:29:59Z,2009-09-26T00:23:37Z,,,,,
2009-09-25T15:00:00Z,2009-09-26T00:53:38Z,,,,,
2009-09-25T15:30:00Z,2009-09-26T01:23:38Z,,,,,
2009-09-25T15:59:59Z,2009-09-26T01:53:37Z,,,,,
2009-09-25T16:30:00Z,2009-09-26T02:23:38Z,,,,,
2009-09-25T17:00:00Z,2009-09-26T02:53:38Z,,,,,
2009-09-25T17:29:59Z,2009-09-26T03:23:37Z,,,,,
2009-09-25T18:00:00Z,2009-09-26T03:53:38Z,,,,,
2009-09-25T18:30:00Z,2009-09-26T04:23:38Z,,,,,
2009-09-25T18:59:59Z,2009-09-26T04:53:37Z,,,,,
2009-09-25T19:30:00Z,2009-09-26T05:23:38Z,,,,,
2009-09-25T20:00:00Z,2009-09-26T05:53:38Z,,,,,
2009-09-25T20:29:59Z,2009-09-26T06:23:37Z,,,,,
2009-09-25T21:00:00Z,2009-09-26T06:53:38Z,,,,,
2009-09-25T21:30:00Z,2009-09-26T07:23:38Z,,,,,
2009-09-25T21:59:59Z,2009-09-26T07:53:37Z,,,,,
2009-09-25T22:30:00Z,2009-09-26T08:23:38Z,,,,,
2009-09-25T23:00:00Z,2009-09-26T08:53:38Z,,,,,
2009-09-25T23:29:59Z,2009-09-26T09:23:37Z,,,,,
2009-09-26T00:00:00Z,2009-09-26T09:53:38Z,,,,,
2009-09-26T00:30:00Z,2009-09-26T10:23:38Z,,,,,
2009-09-26T00:59:59Z,2009-09-26T10:53:37Z,,,,,
2009-09-26T01:30:00Z,2009-09-26T11:23:38Z,,,,,
2009-09-26T02:00:00Z,2009-09-26T11:53:38Z,,,,,
2009-09-26T02:29:59Z,2009-09-26T12:23:37Z,,,,,
2009-09-26T03:00:00Z,2009-09-26T12:53:38Z,,,,,
2009-09-26T03:30:00Z,2009-09-26T13:23:38Z,,,,,
2009-09-26T03:59:59Z,2009-09-26T13:53:37Z,,,,,
2009-09-26T04:30:00Z,2009-09-26T14:23:38Z,,,,,
2009-09-26T05:00:00Z,2009-09-26T14:53:38Z,,,,,
2009-09-26T05:29:59Z,2009-09-26T15:23:37Z,,,,,
2009-09-26T06:00:00Z,2009-09-26T15:53:38Z,,,,,
2009-09-26T06:30:00Z,2009-09-26T16:23:38Z,,,,,
2009-09-26T06:59:59Z,2009-09-26T16:53:37Z,,,,,
2009-09-26T07:30:00Z,2009-09-26T17:23:38Z,,,,,
2009-09-26T08:00:00Z,2009-09-26T17:53:38Z,,,,,
2009-09-26T08:29:59Z,2009-09-26T18:23:37Z,,,,,
2009-09-26T09:00:00Z,2009-09-26T18:53:38Z,,,,,
2009-09-26T09:30:00Z,2009-09-26T19:23:38Z,,,,,
2009-09-26T09:59:59Z,2009-09-26T19:53:37Z,,,,,
2009-09-26T10:30:00Z,2009-09-26T20:23:38Z,,,,,
2009-09-26T11:00:00Z,2009-09-26T20:53:38Z,,,,,
2009-09-26T11:29:59Z,2009-09-26T21:23:37Z,,,,,
2009-09-26T12:00:00Z,2009-09-26T21:53:38Z,,,,,
2009-09-26T12:30:00Z,2009-09-26T22:23:38Z,,,,,
2009-09-26T12:59:59Z,2009-09-26T22:53:37Z,,,,,
2009-09-26T13:30:00Z,2009-09-26T23:23:38Z,,,,,
2009-09-26T14:00:00Z,2009-09-26T23:53:38Z,,,,,
2009-09-26T14:29:59Z,2009-09-27T00:23:57Z,,,,,
2009-09-26T15:00:00Z,2009-09-27T00:53:58Z,,,,,
2009-09-26T15:30:00Z,2009-09-27T01:23:58Z,,,,,
2009-09-26T15:59:59Z,2009-09-27T01:53:57Z,,,,,
2009-09-26T16:30:00Z,2009-09-27T02:23:58Z,,,,,
2009-09-26T17:00:00Z,2009-09-27T02:53:58Z,,,,,
2009-09-26T17:29:59Z,2009-09-27T03:23:57Z,,,,,
2009-09-26T18:00:00Z,2009-09-27T03:53:58Z,,,,,
2009-09-26T18:30:00Z,2009-09-27T04:23:58Z,,,,,
2009-09-26T18:59:59Z,2009-09-27T04:53:57Z,,,,,
2009-09-26T19:30:00Z,2009-09-27T05:23:58Z,,,,,
2009-09-26T20:00:00Z,2009-09-27T05:53:58Z,,,,,
2009-09-26T20:29:59Z,2009-09-27T06:23:57Z,,,,,
2009-09-26T21:00:00Z,2009-09-27T06:53:58Z,,,,,
2009-09-26T21:30:00Z,2009-09-27T07:23:58Z,,,,,
2009-09-26T21:59:59Z,2009-09-27T07:53:57Z,,,,,
2009-09-26T22:30:00Z,2009-09-27T08:23:58Z,,,,,
2009-09-26T23:00:00Z,2009-09-27T08:53:58Z,,,,,
2009-09-26T23:29:59Z,2009-09-27T09:23:57Z,,,,,
2009-09-27T00:00:00Z,2009-09-27T09:53:58Z,,,,,
2009-09-27T00:30:00Z,2009-09-27T10:23:58Z,,,,,
2009-09-27T00:59:59Z,2009-09-27T10:53:57Z,,,,,
2009-09-27T01:30:00Z,2009-09-27T11:23:58Z,,,,,
2009-09-27T02:00:00Z,2009-09-27T11:53:58Z,,,,,
2009-09-27T02:29:59Z,2009-09-27T12:23:57Z,,,,,
2009-09-27T03:00:00Z,2009-09-27T12:53:58Z,,,,,
2009-09-27T03:30:00Z,2009-09-27T13:23:58Z,,,,,
2009-09-27T03:59:59Z,2009-09-27T13:53:57Z,,,,,
2009-09-27T04:30:00Z,2009-09-27T14:23:58Z,,,,,
2009-09-27T05:00:00Z,2009-09-27T14:53:58Z,,,,,
2009-09-27T05:29:59Z,2009-09-27T15:23:57Z,,,,,
2009-09-27T06:00:00Z,2009-09-27T15:53:58Z,,,,,
2009-09-27T06:30:00Z,2009-09-27T16:23:58Z,,,,,
2009-09-27T06:59:59Z,2009-09-27T16:53:57Z,,,,,
2009-09-27T07:30:00Z,2009-09-27T17:23:58Z,,,,,
2009-09-27T08:00:00Z,2009-09-27T17:53:58Z,,,,,
2009-09-27T08:29:59Z,2009-09-27T18:23:57Z,,,,,
2009-09-27T09:00:00Z,2009-09-27T18:53:58Z,,,,,
2009-09-27T09:30:00Z,2009-09-27T19:23:58Z,,,,,
2009-09-27T09:59:59Z,2009-09-27T19:53:57Z,,,,,
2009-09-27T10:30:00Z,2009-09-27T20:23:58Z,,,,,
2009-09-27T11:00:00Z,2009-09-27T20:53:58Z,,,,,
2009-09-27T11:29:59Z,2009-09-27T21:23:57Z,,,,,
2009-09-27T12:00:00Z,2009-09-27T21:53:58Z,,,,,
2009-09-27T12:30:00Z,2009-09-27T22:23:58Z,,,,,
2009-09-27T12:59:59Z,2009-09-27T22:53:57Z,,,,,
2009-09-27T13:30:00Z,2009-09-27T23:23:58Z,,,,,
2009-09-27T14:00:00Z,2009-09-27T23:53:58Z,,,,,
2009-09-27T14:29:59Z,2009-09-28T00:24:16Z,,,,,
2009-09-27T15:00:00Z,2009-09-28T00:54:17Z,,,,,
2009-09-27T15:30:00Z,2009-09-28T01:24:17Z,,,,,
2009-09-27T15:59:59Z,2009-09-28T01:54:16Z,,,,,
2009-09-27T16:30:00Z,2009-09-28T02:24:17Z,,,,,
2009-09-27T17:00:00Z,2009-09-28T02:54:17Z,,,,,
2009-09-27T17:29:59Z,2009-09-28T03:24:16Z,,,,,
2009-09-27T18:00:00Z,2009-09-28T03:54:17Z,,,,,
2009-09-27T18:30:00Z,2009-09-28T04:24:17Z,,,,,
2009-09-27T18:59:59Z,2009-09-28T04:54:16Z,,,,,
2009-09-27T19:30:00Z,2009-09-28T05:24:17Z,,,,,
2009-09-27T20:00:00Z,2009-09-28T05:54:17Z,,,,,
2009-09-27T20:29:59Z,2009-09-28T06:24:16Z,,,,,
2009-09-27T21:00:00Z,2009-09-28T06:54:17Z,,,,,
2009-09-27T21:30:00Z,2009-09-28T07:24:17Z,,,,,
2009-09-27T21:59:59Z,2009-09-28T07:54:16Z,,,,,
2009-09-27T22:30:00Z,2009-09-28T08:24:17Z,,,,,
2009-09-27T23:00:00Z,2009-09-28T08:54:17Z,,,,,
2009-09-27T23:29:59Z,2009-09-28T09:24:16Z,,,,,
2009-09-28T00:00:00Z,2009-09-28T09:54:17Z,,,,,
2009-09-28T00:30:00Z,2009-09-28T10:24:17Z,,,,,
2009-09-28T00:59:59Z,2009-09-28T10:54:16Z,,,,,
2009-09-28T01:30:00Z,2009-09-28T11:24:17Z,,,,,
2009-09-28T02:00:00Z,2009-09-28T11:54:17Z,,,,,
2009-09-28T02:29:59Z,2009-09-28T12:24:16Z,,,,,
2009-09-28T03:00:00Z,2009-09-28T12:54:17Z,,,,,
2009-09-28T03:30:00Z,2009-09-28T13:24:17Z,,,,,
2009-09-28T03:59:59Z,2009-09-28T13:54:16Z,,,,,
2009-09-28T04:30:00Z,2009-09-28T14:24:17Z,,,,,
2009-09-28T05:00:00Z,2009-09-28T14:54:17Z,,,,,
2009-09-28T05:29:59Z,2009-09-28T15:24:16Z,,,,,
2009-09-28T06:00:00Z,2009-09-28T15:54:17Z,,,,,
2009-09-28T06:30:00Z,2009-09-28T16:24:17Z,,,,,
2009-09-28T06:59:59Z,2009-09-28T16:54:16Z,,,,,
2009-09-28T07:30:00Z,2009-09-28T17:24:17Z,,,,,
2009-09-28T08:00:00Z,2009-09-28T17:54:17Z,,,,,
2009-09-28T08:29:59Z,2009-09-28T18:24:16Z,,,,,
2009-09-28T09:00:00Z,2009-09-28T18:54:17Z,,,,,
2009-09-28T09:30:00Z,2009-09-28T19:24:17Z,,,,,
2009-09-28T09:59:59Z,2009-09-28T19:54:16Z,,,,,
2009-09-28T10:30:00Z,2009-09-28T20:24:17Z,,,,,
2009-09-28T11:00:00Z,2009-09-28T20:54:17Z,,,,,
2009-09-28T11:29:59Z,2009-09-28T21:24:16Z,,,,,
2009-09-28T12:00:00Z,2009-09-28T21:54:17Z,,,,,
2009-09-28T12:30:00Z,2009-09-28T22:24:17Z,,,,,
2009-09-28T12:59:59Z,2009-09-28T22:54:16Z,,,,,
2009-09-28T13:30:00Z,2009-09-28T23:24:17Z,,,,,
2009-09-28T14:00:00Z,2009-09-28T23:54:17Z,,,,,
2009-09-28T14:29:59Z,2009-09-29T00:24:35Z,,,,,
2009-09-28T15:00:00Z,2009-09-29T00:54:36Z,,,,,
2009-09-28T15:30:00Z,2009-09-29T01:24:36Z,,,,,
2009-09-28T15:59:59Z,2009-09-29T01:54:35Z,,,,,
2009-09-28T16:30:00Z,2009-09-29T02:24:36Z,,,,,
2009-09-28T17:00:00Z,2009-09-29T02:54:36Z,,,,,
2009-09-28T17:29:59Z,2009-09-29T03:24:35Z,,,,,
2009-09-28T18:00:00Z,2009-09-29T03:54:36Z,,,,,
2009-09-28T18:30:00Z,2009-09-29T04:24:36Z,,,,,
2009-09-28T18:59:59Z,2009-09-29T04:54:35Z,,,,,
2009-09-28T19:30:00Z,2009-09-29T05:24:36Z,,,,,
2009-09-28T20:00:00Z,2009-09-29T05:54:36Z,,,,,
2009-09-28T20:29:59Z,2009-09-29T06:24:35Z,,,,,
2009-09-28T21:00:00Z,2009-09-29T06:54:36Z,,,,,
2009-09-28T21:30:00Z,2009-09-29T07:24:36Z,,,,,
2009-09-28T21:59:59Z,2009-09-29T07:54:35Z,,,,,
2009-09-28T22:30:00Z,2009-09-29T08:24:36Z,,,,,
2009-09-28T23:00:00Z,2009-09-29T08:54:36Z,,,,,
2009-09-28T23:29:59Z,2009-09-29T09:24:35Z,,,,,
2009-09-29T00:00:00Z,2009-09-29T09:54:36Z,,,,,
2009-09-29T00:30:00Z,2009-09-29T10:24:36Z,,,,,
2009-09-29T00:59:59Z,2009-09-29T10:54:35Z,,,,,
2009-09-29T01:30:00Z,2009-09-29T11:24:36Z,,,,,
2009-09-29T02:00:00Z,2009-09-29T11:54:36Z,,,,,
2009-09-29T02:29:59Z,2009-09-29T12:24:35Z,,,,,
2009-09-29T03:00:00Z,2009-09-29T12:54:36Z,,,,,
2009-09-29T03:30:00Z,2009-09-29T13:24:36Z,,OUT_WARN,,,
2009-09-29T03:59:59Z,2009-09-29T13:54:35Z,,,,,
2009-09-29T04:30:00Z,2009-09-29T14:24:36Z,OUT_WARN,,,,
2009-09-29T05:00:00Z,2009-09-29T14:54:36Z,,,,,
2009-09-29T05:29:59Z,2009-09-29T15:24:35Z,,,,,
2009-09-29T06:00:00Z,2009-09-29T15:54:36Z,,,,,
2009-09-29T06:30:00Z,2009-09-29T16:24:36Z,,,,,
2009-09-29T06:59:59Z,2009-09-29T16:54:35Z,,,,,
2009-09-29T07:30:00Z,2009-09-29T17:24:36Z,,,,,
2009-09-29T08:00:00Z,2009-09-29T17:54:36Z,,,,,
2009-09-29T08:29:59Z,2009-09-29T18:24:35Z,,,,,
2009-09-29T09:00:00Z,2009-09-29T18:54:36Z,,,,,
2009-09-29T09:30:00Z,2009-09-29T19:24:36Z,,,,,
2009-09-29T09:59:59Z,2009-09-29T19:54:35Z,,,,,
2009-09-29T10:30:00Z,2009-09-29T20:24:36Z,,,,,
2009-09-29T11:00:00Z,2009-09-29T20:54:36Z,,,,,
2009-09-29T11:29:59Z,2009-09-29T21:24:35Z,,,,,
2009-09-29T12:00:00Z,2009-09-29T21:54:36Z,,,,,
2009-09-29T12:30:00Z,2009-09-29T22:24:36Z,,,,,
2009-09-29T12:59:59Z,2009-09-29T22:54:35Z,,,,,
2009-09-29T13:30:00Z,2009-09-29T23:24:36Z,,,,,
2009-09-29T14:00:00Z,2009-09-29T23:54:36Z,,,,,
2009-09-29T14:29:59Z,2009-09-30T00:24:54Z,,,,,
2009-09-29T15:00:00Z,2009-09-30T00:54:55Z,,,,,
2009-09-29T15:30:00Z,2009-09-30T01:24:55Z,,,,,
2009-09-29T15:59:59Z,2009-09-30T01:54:54Z,,,,,
2009-09-29T16:30:00Z,2009-09-30T02:24:55Z,,,,,
2009-09-29T17:00:00Z,2009-09-30T02:54:55Z,,,,,
2009-09-29T17:29:59Z,2009-09-30T03:24:54Z,,,,,
2009-09-29T18:00:00Z,2009-09-30T03:54:55Z,,,,,
2009-09-29T18:30:00Z,2009-09-30T04:24:55Z,,,,,
2009-09-29T18:59:59Z,2009-09-30T04:54:54Z,,,,,
2009-09-29T19:30:00Z,2009-09-30T05:24:55Z,,,,,
2009-09-29T20:00:00Z,2009-09-30T05:54:55Z,,,,,
2009-09-29T20:29:59Z,2009-09-30T06:24:54Z,,,,,
2009-09-29T21:00:00Z,2009-09-30T06:54:55Z,,,,,
2009-09-29T21:30:00Z,2009-09-30T07:24:55Z,,,,,
2009-09-29T21:59:59Z,2009-09-30T07:54:54Z,,,,,
2009-09-29T22:30:00Z,2009-09-30T08:24:55Z,,,,,
2009-09-29T23:00:00Z,2009-09-30T08:54:55Z,,,,,
2009-09-29T23:29:59Z,2009-09-30T09:24:54Z,,,,,
2009-09-30T00:00:00Z,2009-09-30T09:54:55Z,,,,,
2009-09-30T00:30:00Z,2009-09-30T10:24:55Z,,,,,
2009-09-30T00:59:59Z,2009-09-30T10:54:54Z,,,,,
2009-09-30T01:30:00Z,2009-09-30T11:24:55Z,,,,,
2009-09-30T02:00:00Z,2009-09-30T11:54:55Z,,,,,
2009-09-30T02:29:59Z,2009-09-30T12:24:54Z,,,,,
2009-09-30T03:00:00Z,2009-09-30T12:54:55Z,,,,,
2009-09-30T03:30:00Z,2009-09-30T13:24:55Z,,,,,
2009-09-30T03:59:59Z,2009-09-30T13:54:54Z,,,,,
2009-09-30T04:30:00Z,2009-09-30T14:24:55Z,,,,,
2009-09-30T05:00:00Z,2009-09-30T14:54:55Z,,,,,
2009-09-30T05:29:59Z,2009-09-30T15:24:54Z,,,,,
2009-09-30T06:00:00Z,2009-09-30T15:54:55Z,,,,,
2009-09-30T06:30:00Z,2009-09-30T16:24:55Z,,,,,
2009-09-30T06:59:59Z,2009-09-30T16:54:54Z,,,,,
2009-09-30T07:30:00Z,2009-09-30T17:24:55Z,,,,,
2009-09-30T08:00:00Z,2009-09-30T17:54:55Z,,,,,
2009-09-30T08:29:59Z,2009-09-30T18:24:54Z,,,,,
2009-09-30T09:00:00Z,2009-09-30T18:54:55Z,,,,,
2009-09-30T09:30:00Z,2009-09-30T19:24:55Z,,,,,
2009-09-30T09:59:59Z,2009-09-30T19:54:54Z,,,,,
2009-09-30T10:30:00Z,2009-09-30T20:24:55Z,,,,,
2009-09-30T11:00:00Z,2009-09-30T20:54:55Z,,,,,
2009-09-30T11:29:59Z,2009-09-30T21:24:54Z,,,,,
2009-09-30T12:00:00Z,2009-09-30T21:54:55Z,,,,,
2009-09-30T12:30:00Z,2009-09-30T22:24:55Z,,,,,
2009-09-30T12:59:59Z,2009-09-30T22:54:54Z,,,,,
2009-09-30T13:30:00Z,2009-09-30T23:24:55Z,,,,,
2009-09-30T14:00:00Z,2009-09-30T23:54:55Z,,,,,
2009-09-30T14:29:59Z,2009-10-01T00:25:12Z,,,,,
2009-09-30T15:00:00Z,2009-10-01T00:55:13Z,,,,,
2009-09-30T15:30:00Z,2009-10-01T01:25:13Z,,,,,
2009-09-30T15:59:59Z,2009-10-01T01:55:12Z,,,,,
2009-09-30T16:30:00Z,2009-10-01T02:25:13Z,,,,,
2009-09-30T17:00:00Z,2009-10-01T02:55:13Z,,,,,
2009-09-30T17:29:59Z,2009-10-01T03:25:12Z,,,,,
2009-09-30T18:00:00Z,2009-10-01T03:55:13Z,,,,,
2009-09-30T18:30:00Z,2009-10-01T04:25:13Z,,,,,
2009-09-30T18:59:59Z,2009-10-01T04:55:12Z,,,,,
2009-09-30T19:30:00Z,2009-10-01T05:25:13Z,,,,,
2009-09-30T20:00:00Z,2009-10-01T05:55:13Z,,,,,
2009-09-30T20:29:59Z,2009-10-01T06:25:12Z,,,,,
2009-09-30T21:00:00Z,2009-10-01T06:55:13Z,,,,,
2009-09-30T21:30:00Z,2009-10-01T07:25:13Z,,,,,
2009-09-30T21:59:59Z,2009-10-01T07:55:12Z,,,,,
2009-09-30T22:30:00Z,2009-10-01T08:25:13Z,,,,,
2009-09-30T23:00:00Z,2009-10-01T08:55:13Z,,,,,
2009-09-30T23:29:59Z,2009-10-01T09:25:12Z,,,,,
2009-10-01T00:00:00Z,2009-10-01T09:55:13Z,,,,,
2009-10-01T00:30:00Z,2009-10-01T10:25:13Z,,,,,
2009-10-01T00:59:59Z,2009-10-01T10:55:12Z,,,,,
2009-10-01T01:30:00Z,2009-10-01T11:25:13Z,,,,,
2009-10-01T02:00:00Z,2009-10-01T11:55:13Z,,,,,
2009-10-01T02:29:59Z,2009-10-01T12:25:12Z,,,,,
2009-10-01T03:00:00Z,2009-10-01T12:55:13Z,,,,,
2009-10-01T03:30:00Z,2009-10-01T13:25:13Z,,,,,
2009-10-01T03:59:59Z,2009-10-01T13:55:12Z,,,,,
2009-10-01T04:30:00Z,2009-10-01T14:25:13Z,,,,,
2009-10-01T05:00:00Z,2009-10-01T14:55:13Z,,,,,
2009-10-01T05:29:59Z,2009-10-01T15:25:12Z,,,,,
2009-10-01T06:00:00Z,2009-10-01T15:55:13Z,,,,,
2009-10-01T06:30:00Z,2009-10-01T16:25:13Z,,,,,
2009-10-01T06:59:59Z,2009-10-01T16:55:12Z,,,,,
2009-10-01T07:30:00Z,2009-10-01T17:25:13Z,,,,,
2009-10-01T08:00:00Z,2009-10-01T17:55:13Z,,,,,
2009-10-01T08:29:59Z,2009-10-01T18:25:12Z,,,,,
2009-10-01T09:00:00Z,2009-10-01T18:55:13Z,,,,,
2009-10-01T09:30:00Z,2009-10-01T19:25:13Z,,,,,
2009-10-01T09:59:59Z,2009-10-01T19:55:12Z,,,,,
2009-10-01T10:30:00Z,2009-10-01T20:25:13Z,,,,,
2009-10-01T11:00:00Z,2009-10-01T20:55:13Z,,,,,
2009-10-01T11:29:59Z,2009-10-01T21:25:12Z,,,,,
2009-10-01T12:00:00Z,2009-10-01T21:55:13Z,,,,,
2009-10-01T12:30:00Z,2009-10-01T22:25:13Z,,,,,
2009-10-01T12:59:59Z,2009-10-01T22:55:12Z,,,,,
2009-10-01T13:30:00Z,2009-10-01T23:25:13Z,,,,,
2009-10-01T14:00:00Z,2009-10-01T23:55:13Z,,,,,
2009-10-01T14:29:59Z,2009-10-02T00:25:29Z,,,,,
2009-10-01T15:00:00Z,2009-10-02T00:55:30Z,,,,,
2009-10-01T15:30:00Z,2009-10-02T01:25:30Z,,,,,
2009-10-01T15:59:59Z,2009-10-02T01:55:29Z,,,,,
2009-10-01T16:30:00Z,2009-10-02T02:25:30Z,,,,,
2009-10-01T17:00:00Z,2009-10-02T02:55:30Z,,,,,
2009-10-01T17:29:59Z,2009-10-02T03:25:29Z,,,,,
2009-10-01T18:00:00Z,2009-10-02T03:55:30Z,,,,,
2009-10-01T18:30:00Z,2009-10-02T04:25:30Z,,,,,
2009-10-01T18:59:59Z,2009-10-02T04:55:29Z,,,,,
2009-10-01T19:30:00Z,2009-10-02T05:25:30Z,,,,,
2009-10-01T20:00:00Z,2009-10-02T05:55:30Z,,,,,
2009-10-01T20:29:59Z,2009-10-02T06:25:29Z,,,,,
2009-10-01T21:00:00Z,2009-10-02T06:55:30Z,,,,,
2009-10-01T21:30:00Z,2009-10-02T07:25:30Z,,,,,
2009-10-01T21:59:59Z,2009-10-02T07:55:29Z,,,,,
2009-10-01T22:30:00Z,2009-10-02T08:25:30Z,,,,,
2009-10-01T23:00:00Z,2009-10-02T08:55:30Z,,,,,
2009-10-01T23:29:59Z,2009-10-02T09:25:29Z,,,,,
2009-10-02T00:00:00Z,2009-10-02T09:55:30Z,,,,,
2009-10-02T00:30:00Z,2009-10-02T10:25:30Z,,,,,
2009-10-02T00:59:59Z,2009-10-02T10:55:29Z,,,,,
2009-10-02T01:30:00Z,2009-10-02T11:25:30Z,,,,,
2009-10-02T02:00:00Z,2009-10-02T11:55:30Z,,,,,
2009-10-02T02:29:59Z,2009-10-02T12:25:29Z,,,,,
2009-10-02T03:00:00Z,2009-10-02T12:55:30Z,,,,,
2009-10-02T03:30:00Z,2009-10-02T13:25:30Z,,,,,
2009-10-02T03:59:59Z,2009-10-02T13:55:29Z,,,,,
2009-10-02T04:30:00Z,2009-10-02T14:25:30Z,,,,,
2009-10-02T05:00:00Z,2009-10-02T14:55:30Z,,,,,
2009-10-02T05:29:59Z,2009-10-02T15:25:29Z,,,,,
2009-10-02T06:00:00Z,2009-10-02T15:55:30Z,,,,,
2009-10-02T06:30:00Z,2009-10-02T16:25:30Z,,,,,
2009-10-02T06:59:59Z,2009-10-02T16:55:29Z,,,,,
2009-10-02T07:30:00Z,2009-10-02T17:25:30Z,,,,,
2009-10-02T08:00:00Z,2009-10-02T17:55:30Z,,,,,
2009-10-02T08:29:59Z,2009-10-02T18:25:29Z,,,,,
2009-10-02T09:00:00Z,2009-10-02T18:55:30Z,,,,,
2009-10-02T09:30:00Z,2009-10-02T19:25:30Z,,,,,
2009-10-02T09:59:59Z,2009-10-02T19:55:29Z,,,,,
2009-10-02T10:30:00Z,2009-10-02T20:25:30Z,,,,,
2009-10-02T11:00:00Z,2009-10-02T20:55:30Z,,,,,
2009-10-02T11:29:59Z,2009-10-02T21:25:29Z,,,,,
2009-10-02T12:00:00Z,2009-10-02T21:55:30Z,,,,,
2009-10-02T12:30:00Z,2009-10-02T22:25:30Z,,,,,
2009-10-02T12:59:59Z,2009-10-02T22:55:29Z,,,,,
2009-10-02T13:30:00Z,2009-10-02T23:25:30Z,,,,,
2009-10-02T14:00:00Z,2009-10-02T23:55:30Z,,,,,
2009-10-02T14:29:59Z,2009-10-03T00:25:46Z,,,,,
2009-10-02T15:00:00Z,2009-10-03T00:55:47Z,,,,,
2009-10-02T15:30:00Z,2009-10-03T01:25:47Z,,,,,
2009-10-02T15:59:59Z,2009-10-03T01:55:46Z,,,,,
2009-10-02T16:30:00Z,2009-10-03T02:25:47Z,,,,,
2009-10-02T17:00:00Z,2009-10-03T02:55:47Z,,,,,
2009-10-02T17:29:59Z,2009-10-03T03:25:46Z,,,,,
2009-10-02T18:00:00Z,2009-10-03T03:55:47Z,,,,,
2009-10-02T18:30:00Z,2009-10-03T04:25:47Z,,,,,
2009-10-02T18:59:59Z,2009-10-03T04:55:46Z,,,,,
2009-10-02T19:30:00Z,2009-10-03T05:25:47Z,,,,,
2009-10-02T20:00:00Z,2009-10-03T05:55:47Z,,,,,
2009-10-02T20:29:59Z,2009-10-03T06:25:46Z,,,,,
2009-10-02T21:00:00Z,2009-10-03T06:55:47Z,,,,,
2009-10-02T21:30:00Z,2009-10-03T07:25:47Z,,,,,
2009-10-02T21:59:59Z,2009-10-03T07:55:46Z,,,,,
2009-10-02T22:30:00Z,2009-10-03T08:25:47Z,,,,,
2009-10-02T23:00:00Z,2009-10-03T08:55:47Z,,,,,
2009-10-02T23:29:59Z,2009-10-03T09:25:46Z,,,,,
2009-10-03T00:00:00Z,2009-10-03T09:55:47Z,,,,,
2009-10-03T00:30:00Z,2009-10-03T10:25:47Z,,,,,
2009-10-03T00:59:59Z,2009-10-03T10:55:46Z,,,,,
2009-10-03T01:30:00Z,2009-10-03T11:25:47Z,,,,,
2009-10-03T02:00:00Z,2009-10-03T11:55:47Z,,,,,
2009-10-03T02:29:59Z,2009-10-03T12:25:46Z,,,,,
2009-10-03T03:00:00Z,2009-10-03T12:55:47Z,,,,,
2009-10-03T03:30:00Z,2009-10-03T13:25:47Z,,,,,
2009-10-03T03:59:59Z,2009-10-03T13:55:46Z,,,,,
2009-10-03T04:30:00Z,2009-10-03T14:25:47Z,,,,,
2009-10-03T05:00:00Z,2009-10-03T14:55:47Z,,,,,
2009-10-03T05:29:59Z,2009-10-03T15:25:46Z,,,,,
2009-10-03T06:00:00Z,2009-10-03T15:55:47Z,,,,,
2009-10-03T06:30:00Z,2009-10-03T16:25:47Z,,,,,
2009-10-03T06:59:59Z,2009-10-03T16:55:46Z,,,,,
2009-10-03T07:30:00Z,2009-10-03T17:25:47Z,,,,,
2009-10-03T08:00:00Z,2009-10-03T17:55:47Z,,,,,
2009-10-03T08:29:59Z,2009-10-03T18:25:46Z,,,,,
2009-10-03T09:00:00Z,2009-10-03T18:55:47Z,,,,,
2009-10-03T09:30:00Z,2009-10-03T19:25:47Z,,,,,
2009-10-03T09:59:59Z,2009-10-03T19:55:46Z,,,,,
2009-10-03T10:30:00Z,2009-10-03T20:25:47Z,,,,,
2009-10-03T11:00:00Z,2009-10-03T20:55:47Z,,,,,
2009-10-03T11:29:59Z,2009-10-03T21:25:46Z,,,,,
2009-10-03T12:00:00Z,2009-10-03T21:55:47Z,,,,,
2009-10-03T12:30:00Z,2009-10-03T22:25:47Z,,,,,
2009-10-03T12:59:59Z,2009-10-03T22:55:46Z,,,,,
2009-10-03T13:30:00Z,2009-10-03T23:25:47Z,,,,,
2009-10-03T14:00:00Z,2009-10-03T23:55:47Z,,,,,
2009-10-03T14:29:59Z,2009-10-04T00:26:03Z,,,,,
2009-10-03T15:00:00Z,2009-10-04T00:56:04Z,,,,,
2009-10-03T15:30:00Z,2009-10-04T01:26:04Z,,,,,
2009-10-03T15:59:59Z,2009-10-04T01:56:03Z,,,,,
2009-10-03T16:30:00Z,2009-10-04T02:26:04Z,,,,,
2009-10-03T17:00:00Z,2009-10-04T02:56:04Z,,,,,
2009-10-03T17:29:59Z,2009-10-04T03:26:03Z,,,,,
2009-10-03T18:00:00Z,2009-10-04T03:56:04Z,,,,,
2009-10-03T18:30:00Z,2009-10-04T04:26:04Z,,,,,
2009-10-03T18:59:59Z,2009-10-04T04:56:03Z,,,,,
2009-10-03T19:30:00Z,2009-10-04T05:26:04Z,,,,,
2009-10-03T20:00:00Z,2009-10-04T05:56:04Z,,,,,
2009-10-03T20:29:59Z,2009-10-04T06:26:03Z,,,,,
2009-10-03T21:00:00Z,2009-10-04T06:56:04Z,,,,,
2009-10-03T21:30:00Z,2009-10-04T07:26:04Z,,,,,
2009-10-03T21:59:59Z,2009-10-04T07:56:03Z,,,,,
2009-10-03T22:30:00Z,2009-10-04T08:26:04Z,,,,,
2009-10-03T23:00:00Z,2009-10-04T08:56:04Z,,,,,
2009-10-03T23:29:59Z,2009-10-04T09:26:03Z,,,,,
2009-10-04T00:00:00Z,2009-10-04T09:56:04Z,,,,,
2009-10-04T00:30:00Z,2009-10-04T10:26:04Z,,,OUT_WARN,,
2009-10-04T00:59:59Z,2009-10-04T10:56:03Z,OUT_WARN,,OUT_WARN,,
2009-10-04T01:30:00Z,2009-10-04T11:26:04Z,OUT_WARN,,OUT_WARN,,
2009-10-04T02:00:00Z,2009-10-04T11:56:04Z,,,,,
2009-10-04T02:29:59Z,2009-10-04T12:26:03Z,,,,,
2009-10-04T03:00:00Z,2009-10-04T12:56:04Z,,,,,
2009-10-04T03:30:00Z,2009-10-04T13:26:04Z,,,,,
2009-10-04T03:59:59Z,2009-10-04T13:56:03Z,,,,,
2009-10-04T04:30:00Z,2009-10-04T14:26:04Z,,,,,
2009-10-04T05:00:00Z,2009-10-04T14:56:04Z,,,,,
2009-10-04T05:29:59Z,2009-10-04T15:26:03Z,,,,,
2009-10-04T06:00:00Z,2009-10-04T15:56:04Z,,,,,
2009-10-04T06:30:00Z,2009-10-04T16:26:04Z,,,,,
2009-10-04T06:59:59Z,2009-10-04T16:56:03Z,,,,,
2009-10-04T07:30:00Z,2009-10-04T17:26:04Z,,,,,
2009-10-04T08:00:00Z,2009-10-04T17:56:04Z,,,,,
2009-10-04T08:29:59Z,2009-10-04T18:26:03Z,,,,,
2009-10-04T09:00:00Z,2009-10-04T18:56:04Z,,,,,
2009-10-04T09:30:00Z,2009-10-04T19:26:04Z,,,,,
2009-10-04T09:59:59Z,2009-10-04T19:56:03Z,,,,,
2009-10-04T10:30:00Z,2009-10-04T20:26:04Z,,,,,
2009-10-04T11:00:00Z,2009-10-04T20:56:04Z,,,,,
2009-10-04T11:29:59Z,2009-10-04T21:26:03Z,,,,,
2009-10-04T12:00:00Z,2009-10-04T21:56:04Z,,,,,
2009-10-04T12:30:00Z,2009-10-04T22:26:04Z,,,,,
2009-10-04T12:59:59Z,2009-10-04T22:56:03Z,,,,,
2009-10-04T13:30:00Z,2009-10-04T23:26:04Z,,,,,
2009-10-04T14:00:00Z,2009-10-04T23:56:04Z,,,,,
2009-10-04T14:29:59Z,2009-10-05T00:26:19Z,,,,,
2009-10-04T15:00:00Z,2009-10-05T00:56:20Z,,,,,
2009-10-04T15:30:00Z,2009-10-05T01:26:20Z,,,,,
2009-10-04T15:59:59Z,2009-10-05T01:56:19Z,,,,,
2009-10-04T16:30:00Z,2009-10-05T02:26:20Z,,,,,
2009-10-04T17:00:00Z,2009-10-05T02:56:20Z,,,,,
2009-10-04T17:29:59Z,2009-10-05T03:26:19Z,,,,,
2009-10-04T18:00:00Z,2009-10-05T03:56:20Z,,,,,
2009-10-04T18:30:00Z,2009-10-05T04:26:20Z,,,,,
2009-10-04T18:59:59Z,2009-10-05T04:56:19Z,,,,,
2009-10-04T19:30:00Z,2009-10-05T05:26:20Z,,,,,
2009-10-04T20:00:00Z,2009-10-05T05:56:20Z,,,,,
2009-10-04T20:29:59Z,2009-10-05T06:26:19Z,,,,,
2009-10-04T21:00:00Z,2009-10-05T06:56:20Z,,,,,
2009-10-04T21:30:00Z,2009-10-05T07:26:20Z,,,,,
2009-10-04T21:59:59Z,2009-10-05T07:56:19Z,,,,,
2009-10-04T22:30:00Z,2009-10-05T08:26:20Z,,,,,
2009-10-04T23:00:00Z,2009-10-05T08:56:20Z,,,,,
2009-10-04T23:29:59Z,2009-10-05T09:26:19Z,,,,,
2009-10-05T00:00:00Z,2009-10-05T09:56:20Z,,,,,
2009-10-05T00:30:00Z,2009-10-05T10:26:20Z,,,,,
2009-10-05T00:59:59Z,2009-10-05T10:56:19Z,,,,,
2009-10-05T01:30:00Z,2009-10-05T11:26:20Z,,,,,
2009-10-05T02:00:00Z,2009-10-05T11:56:20Z,,,,,
2009-10-05T02:29:59Z,2009-10-05T12:26:19Z,,,,,
2009-10-05T03:00:00Z,2009-10-05T12:56:20Z,,,,,
2009-10-05T03:30:00Z,2009-10-05T13:26:20Z,,,,,
2009-10-05T03:59:59Z,2009-10-05T13:56:19Z,,,,,
2009-10-05T04:30:00Z,2009-10-05T14:26:20Z,,,,,
2009-10-05T05:00:00Z,2009-10-05T14:56:20Z,,,,,
2009-10-05T05:29:59Z,2009-10-05T15:26:19Z,,,,,
2009-10-05T06:00:00Z,2009-10-05T15:56:20Z,,,,,
2009-10-05T06:30:00Z,2009-10-05T16:26:20Z,,,,,
2009-10-05T06:59:59Z,2009-10-05T16:56:19Z,,,,,
2009-10-05T07:30:00Z,2009-10-05T17:26:20Z,,,,,
2009-10-05T08:00:00Z,2009-10-05T17:56:20Z,,,,,
2009-10-05T08:29:59Z,2009-10-05T18:26:19Z,,,,,
2009-10-05T09:00:00Z,2009-10-05T18:56:20Z,,,,,
2009-10-05T09:30:00Z,2009-10-05T19:26:20Z,,,,,
2009-10-05T09:59:59Z,2009-10-05T19:56:19Z,,,,,
2009-10-05T10:30:00Z,2009-10-05T20:26:20Z,,,,,
2009-10-05T11:00:00Z,2009-10-05T20:56:20Z,,,,,
2009-10-05T11:29:59Z,2009-10-05T21:26:19Z,,,,,
2009-10-05T12:00:00Z,2009-10-05T21:56:20Z,,,,,
2009-10-05T12:30:00Z,2009-10-05T22:26:20Z,,,,,
2009-10-05T12:59:59Z,2009-10-05T22:56:19Z,,,,,
2009-10-05T13:30:00Z,2009-10-05T23:26:20Z,,,,,
2009-10-05T14:00:00Z,2009-10-05T23:56:20Z,,,,,
2009-10-05T14:29:59Z,2009-10-06T00:26:35Z,,,,,
2009-10-05T15:00:00Z,2009-10-06T00:56:36Z,,,,,
2009-10-05T15:30:00Z,2009-10-06T01:26:36Z,,,,,
2009-10-05T15:59:59Z,2009-10-06T01:56:35Z,,,,,
2009-10-05T16:30:00Z,2009-10-06T02:26:36Z,,,,,
2009-10-05T17:00:00Z,2009-10-06T02:56:36Z,,,,,
2009-10-05T17:29:59Z,2009-10-06T03:26:35Z,,,,,
2009-10-05T18:00:00Z,2009-10-06T03:56:36Z,,,,,
2009-10-05T18:30:00Z,2009-10-06T04:26:36Z,,,,,
2009-10-05T18:59:59Z,2009-10-06T04:56:35Z,,,,,
2009-10-05T19:30:00Z,2009-10-06T05:26:36Z,,,,,
2009-10-05T20:00:00Z,2009-10-06T05:56:36Z,,,,,
2009-10-05T20:29:59Z,2009-10-06T06:26:35Z,,,,,
2009-10-05T21:00:00Z,2009-10-06T06:56:36Z,,,,,
2009-10-05T21:30:00Z,2009-10-06T07:26:36Z,,,,,
2009-10-05T21:59:59Z,2009-10-06T07:56:35Z,,,,,
2009-10-05T22:30:00Z,2009-10-06T08:26:36Z,,,,,
2009-10-05T23:00:00Z,2009-10-06T08:56:36Z,,,,,
2009-10-05T23:29:59Z,2009-10-06T09:26:35Z,,,,,
2009-10-06T00:00:00Z,2009-10-06T09:56:36Z,,,,,
2009-10-06T00:30:00Z,2009-10-06T10:26:36Z,,,,,
2009-10-06T00:59:59Z,2009-10-06T10:56:35Z,,,,,
2009-10-06T01:30:00Z,2009-10-06T11:26:36Z,,,,,
2009-10-06T02:00:00Z,2009-10-06T11:56:36Z,,,,,
2009-10-06T02:29:59Z,2009-10-06T12:26:35Z,,,,,
2009-10-06T03:00:00Z,2009-10-06T12:56:36Z,,,,,
2009-10-06T03:30:00Z,2009-10-06T13:26:36Z,,,,,
2009-10-06T03:59:59Z,2009-10-06T13:56:35Z,,,,,
2009-10-06T04:30:00Z,2009-10-06T14:26:36Z,,,,,
2009-10-06T05:00:00Z,2009-10-06T14:56:36Z,,,,,
2009-10-06T05:29:59Z,2009-10-06T15:26:35Z,,,,,
2009-10-06T06:00:00Z,2009-10-06T15:56:36Z,,,,,
2009-10-06T06:30:00Z,2009-10-06T16:26:36Z,,,,,
2009-10-06T06:59:59Z,2009-10-06T16:56:35Z,,,,,
2009-10-06T07:30:00Z,2009-10-06T17:26:36Z,,,,,
2009-10-06T08:00:00Z,2009-10-06T17:56:36Z,,,,,
2009-10-06T08:29:59Z,2009-10-06T18:26:35Z,,,,,
2009-10-06T09:00:00Z,2009-10-06T18:56:36Z,,,,,
2009-10-06T09:30:00Z,2009-10-06T19:26:36Z,,,,,
2009-10-06T09:59:59Z,2009-10-06T19:56:35Z,,,,,
2009-10-06T10:30:00Z,2009-10-06T20:26:36Z,,,,,
2009-10-06T11:00:00Z,2009-10-06T20:56:36Z,,,,,
2009-10-06T11:29:59Z,2009-10-06T21:26:35Z,,,,,
2009-10-06T12:00:00Z,2009-10-06T21:56:36Z,,,,,
2009-10-06T12:30:00Z,2009-10-06T22:26:36Z,,,,,
2009-10-06T12:59:59Z,2009-10-06T22:56:35Z,,,,,
2009-10-06T13:30:00Z,2009-10-06T23:26:36Z,,,,,
2009-10-06T14:00:00Z,2009-10-06T23:56:36Z,,,,,
2009-10-06T14:29:59Z,2009-10-07T00:26:50Z,,,,,
2009-10-06T15:00:00Z,2009-10-07T00:56:51Z,,,,,
2009-10-06T15:30:00Z,2009-10-07T01:26:51Z,,,,,
2009-10-06T15:59:59Z,2009-10-07T01:56:50Z,,,,,
2009-10-06T16:30:00Z,2009-10-07T02:26:51Z,,,,,
2009-10-06T17:00:00Z,2009-10-07T02:56:51Z,,,,,
2009-10-06T17:29:59Z,2009-10-07T03:26:50Z,,,,,
2009-10-06T18:00:00Z,2009-10-07T03:56:51Z,,,,,
2009-10-06T18:30:00Z,2009-10-07T04:26:51Z,,,,,
2009-10-06T18:59:59Z,2009-10-07T04:56:50Z,,,,,
2009-10-06T19:30:00Z,2009-10-07T05:26:51Z,,,,,
2009-10-06T20:00:00Z,2009-10-07T05:56:51Z,,,,,
2009-10-06T20:29:59Z,2009-10-07T06:26:50Z,,,,,
2009-10-06T21:00:00Z,2009-10-07T06:56:51Z,,,,,
2009-10-06T21:30:00Z,2009-10-07T07:26:51Z,,,,,
2009-10-06T21:59:59Z,2009-10-07T07:56:50Z,,,,,
2009-10-06T22:30:00Z,2009-10-07T08:26:51Z,,,,,
2009-10-06T23:00:00Z,2009-10-07T08:56:51Z,,,,,
2009-10-06T23:29:59Z,2009-10-07T09:26:50Z,,,,,
2009-10-07T00:00:00Z,2009-10-07T09:56:51Z,,,,,
2009-10-07T00:30:00Z,2009-10-07T10:26:51Z,,,,,
2009-10-07T00:59:59Z,2009-10-07T10:56:50Z,OUT_WARN,,,,OUT_WARN
2009-10-07T01:30:00Z,2009-10-07T11:26:51Z,OUT_WARN,,,,OUT_WARN
2009-10-07T02:00:00Z,2009-10-07T11:56:51Z,OUT_WARN,OUT_WARN,,,
2009-10-07T02:29:59Z,2009-10-07T12:26:50Z,,,,,
2009-10-07T03:00:00Z,2009-10-07T12:56:51Z,OUT_WARN,,,,
2009-10-07T03:30:00Z,2009-10-07T13:26:51Z,OUT_WARN,OUT_WARN,,,OUT_WARN
2009-10-07T03:59:59Z,2009-10-07T13:56:50Z,OUT_WARN,OUT_WARN,,,OUT_WARN
2009-10-07T04:30:00Z,2009-10-07T14:26:51Z,OUT_WARN,OUT_WARN,,,OUT_WARN
2009-10-07T05:00:00Z,2009-10-07T14:56:51Z,OUT_WARN,,,,
2009-10-07T05:29:59Z,2009-10-07T15:26:50Z,OUT_WARN,,,,
2009-10-07T06:00:00Z,2009-10-07T15:56:51Z,OUT_WARN,,,,
2009-10-07T06:30:00Z,2009-10-07T16:26:51Z,OUT_WARN,,,,
2009-10-07T06:59:59Z,2009-10-07T16:56:50Z,,,,,
2009-10-07T07:30:00Z,2009-10-07T17:26:51Z,,,,,
2009-10-07T08:00:00Z,2009-10-07T17:56:51Z,,,,,
2009-10-07T08:29:59Z,2009-10-07T18:26:50Z,,,,,
2009-10-07T09:00:00Z,2009-10-07T18:56:51Z,,,,,
2009-10-07T09:30:00Z,2009-10-07T19:26:51Z,,,,,
2009-10-07T09:59:59Z,2009-10-07T19:56:50Z,,,,,
2009-10-07T10:30:00Z,2009-10-07T20:26:51Z,,,,,
2009-10-07T11:00:00Z,2009-10-07T20:56:51Z,,,,,
2009-10-07T11:29:59Z,2009-10-07T21:26:50Z,,,,,
2009-10-07T12:00:00Z,2009-10-07T21:56:51Z,,,,,
2009-10-07T12:30:00Z,2009-10-07T22:26:51Z,,,,,
2009-10-07T12:59:59Z,2009-10-07T22:56:50Z,,,,,
2009-10-07T13:30:00Z,2009-10-07T23:26:51Z,,,,,
2009-10-07T14:00:00Z,2009-10-07T23:56:51Z,,,,,
2009-10-07T14:29:59Z,2009-10-08T00:27:05Z,,,,,
2009-10-07T15:00:00Z,2009-10-08T00:57:06Z,,,,,
2009-10-07T15:30:00Z,2009-10-08T01:27:06Z,,,,,
2009-10-07T15:59:59Z,2009-10-08T01:57:05Z,,,,,
2009-10-07T16:30:00Z,2009-10-08T02:27:06Z,,,,,
2009-10-07T17:00:00Z,2009-10-08T02:57:06Z,,,,,
2009-10-07T17:29:59Z,2009-10-08T03:27:05Z,,,,,
2009-10-07T18:00:00Z,2009-10-08T03:57:06Z,,,,,
2009-10-07T18:30:00Z,2009-10-08T04:27:06Z,,,,,
2009-10-07T18:59:59Z,2009-10-08T04:57:05Z,,,,,
2009-10-07T19:30:00Z,2009-10-08T05:27:06Z,,,,,
2009-10-07T20:00:00Z,2009-10-08T05:57:06Z,,,,,
2009-10-07T20:29:59Z,2009-10-08T06:27:05Z,,,,,
2009-10-07T21:00:00Z,2009-10-08T06:57:06Z,,,,,
2009-10-07T21:30:00Z,2009-10-08T07:27:06Z,,,,,
2009-10-07T21:59:59Z,2009-10-08T07:57:05Z,,,,,
2009-10-07T22:30:00Z,2009-10-08T08:27:06Z,,,,,
2009-10-07T23:00:00Z,2009-10-08T08:57:06Z,,,,,
2009-10-07T23:29:59Z,2009-10-08T09:27:05Z,,,,,
2009-10-08T00:00:00Z,2009-10-08T09:57:06Z,,,,,
2009-10-08T00:30:00Z,2009-10-08T10:27:06Z,,,,,
2009-10-08T00:59:59Z,2009-10-08T10:57:05Z,,,,,
2009-10-08T01:30:00Z,2009-10-08T11:27:06Z,,,,,
2009-10-08T02:00:00Z,2009-10-08T11:57:06Z,,,,,
2009-10-08T02:29:59Z,2009-10-08T12:27:05Z,,,,,
2009-10-08T03:00:00Z,2009-10-08T12:57:06Z,,,,,
2009-10-08T03:30:00Z,2009-10-08T13:27:06Z,,,,,
2009-10-08T03:59:59Z,2009-10-08T13:57:05Z,,,,,
2009-10-08T04:30:00Z,2009-10-08T14:27:06Z,,,,,
2009-10-08T05:00:00Z,2009-10-08T14:57:06Z,,,,,
2009-10-08T05:29:59Z,2009-10-08T15:27:05Z,,,,,
2009-10-08T06:00:00Z,2009-10-08T15:57:06Z,,,,,
2009-10-08T06:30:00Z,2009-10-08T16:27:06Z,,,,,
2009-10-08T06:59:59Z,2009-10-08T16:57:05Z,,,,,
2009-10-08T07:30:00Z,2009-10-08T17:27:06Z,,,,,
2009-10-08T08:00:00Z,2009-10-08T17:57:06Z,,,,,
2009-10-08T08:29:59Z,2009-10-08T18:27:05Z,,,,,
2009-10-08T09:00:00Z,2009-10-08T18:57:06Z,,,,,
2009-10-08T09:30:00Z,2009-10-08T19:27:06Z,,,,,
2009-10-08T09:59:59Z,2009-10-08T19:57:05Z,,,,,
2009-10-08T10:30:00Z,2009-10-08T20:27:06Z,,,,,
2009-10-08T11:00:00Z,2009-10-08T20:57:06Z,,,,,
2009-10-08T11:29:59Z,2009-10-08T21:27:05Z,,,,,
2009-10-08T12:00:00Z,2009-10-08T21:57:06Z,,,,,
2009-10-08T12:30:00Z,2009-10-08T22:27:06Z,,,,,
2009-10-08T12:59:59Z,2009-10-08T22:57:05Z,,,,,
2009-10-08T13:30:00Z,2009-10-08T23:27:06Z,,,,,
2009-10-08T14:00:00Z,2009-10-08T23:57:06Z,,,,,
2009-10-08T14:29:59Z,2009-10-09T00:27:19Z,,,,,
2009-10-08T15:00:00Z,2009-10-09T00:57:20Z,,,,,
2009-10-08T15:30:00Z,2009-10-09T01:27:20Z,,,,,
2009-10-08T15:59:59Z,2009-10-09T01:57:19Z,,,,,
2009-10-08T16:30:00Z,2009-10-09T02:27:20Z,,,,,
2009-10-08T17:00:00Z,2009-10-09T02:57:20Z,,,,,
2009-10-08T17:29:59Z,2009-10-09T03:27:19Z,,,,,
2009-10-08T18:00:00Z,2009-10-09T03:57:20Z,,,,,
2009-10-08T18:30:00Z,2009-10-09T04:27:20Z,,,,,
2009-10-08T18:59:59Z,2009-10-09T04:57:19Z,,,,,
2009-10-08T19:30:00Z,2009-10-09T05:27:20Z,,,,,
2009-10-08T20:00:00Z,2009-10-09T05:57:20Z,,,,,
2009-10-08T20:29:59Z,2009-10-09T06:27:19Z,,,,,
2009-10-08T21:00:00Z,2009-10-09T06:57:20Z,,,,,
2009-10-08T21:30:00Z,2009-10-09T07:27:20Z,,,,,
2009-10-08T21:59:59Z,2009-10-09T07:57:19Z,,,,,
2009-10-08T22:30:00Z,2009-10-09T08:27:20Z,,,,,
2009-10-08T23:00:00Z,2009-10-09T08:57:20Z,,,,,
2009-10-08T23:29:59Z,2009-10-09T09:27:19Z,,,,,
2009-10-09T00:00:00Z,2009-10-09T09:57:20Z,,,,,
2009-10-09T00:30:00Z,2009-10-09T10:27:20Z,,,,,
2009-10-09T00:59:59Z,2009-10-09T10:57:19Z,,,,,
2009-10-09T01:30:00Z,2009-10-09T11:27:20Z,,,,,
2009-10-09T02:00:00Z,2009-10-09T11:57:20Z,,,,,
2009-10-09T02:29:59Z,2009-10-09T12:27:19Z,,,,,
2009-10-09T03:00:00Z,2009-10-09T12:57:20Z,,,,,
2009-10-09T03:30:00Z,2009-10-09T13:27:20Z,,,,,
2009-10-09T03:59:59Z,2009-10-09T13:57:19Z,,,,,
2009-10-09T04:30:00Z,2009-10-09T14:27:20Z,,,,,
2009-10-09T05:00:00Z,2009-10-09T14:57:20Z,,,,,
2009-10-09T05:29:59Z,2009-10-09T15:27:19Z,,,,,
2009-10-09T06:00:00Z,2009-10-09T15:57:20Z,,,,,
2009-10-09T06:30:00Z,2009-10-09T16:27:20Z,,,,,
2009-10-09T06:59:59Z,2009-10-09T16:57:19Z,,,,,
2009-10-09T07:30:00Z,2009-10-09T17:27:20Z,,,,,
2009-10-09T08:00:00Z,2009-10-09T17:57:20Z,,,,,
2009-10-09T08:29:59Z,2009-10-09T18:27:19Z,,,,,
2009-10-09T09:00:00Z,2009-10-09T18:57:20Z,,,,,
2009-10-09T09:30:00Z,2009-10-09T19:27:20Z,,,,,
2009-10-09T09:59:59Z,2009-10-09T19:57:19Z,,,,,
2009-10-09T10:30:00Z,2009-10-09T20:27:20Z,,,,,
2009-10-09T11:00:00Z,2009-10-09T20:57:20Z,,,,,
2009-10-09T11:29:59Z,2009-10-09T21:27:19Z,,,,,
2009-10-09T12:00:00Z,2009-10-09T21:57:20Z,,,,,
2009-10-09T12:30:00Z,2009-10-09T22:27:20Z,,,,,
2009-10-09T12:59:59Z,2009-10-09T22:57:19Z,,,,,
2009-10-09T13:30:00Z,2009-10-09T23:27:20Z,,,,,
2009-10-09T14:00:00Z,2009-10-09T23:57:20Z,,,,,
2009-10-09T14:29:59Z,2009-10-10T00:27:32Z,,,,,
2009-10-09T15:00:00Z,2009-10-10T00:57:33Z,,,,,
2009-10-09T15:30:00Z,2009-10-10T01:27:33Z,,,,,
2009-10-09T15:59:59Z,2009-10-10T01:57:32Z,,,,,
2009-10-09T16:30:00Z,2009-10-10T02:27:33Z,,,,,
2009-10-09T17:00:00Z,2009-10-10T02:57:33Z,,,,,
2009-10-09T17:29:59Z,2009-10-10T03:27:32Z,,,,,
2009-10-09T18:00:00Z,2009-10-10T03:57:33Z,,,,,
2009-10-09T18:30:00Z,2009-10-10T04:27:33Z,,,,,
2009-10-09T18:59:59Z,2009-10-10T04:57:32Z,,,,,
2009-10-09T19:30:00Z,2009-10-10T05:27:33Z,,,,,
2009-10-09T20:00:00Z,2009-10-10T05:57:33Z,,,,,
2009-10-09T20:29:59Z,2009-10-10T06:27:32Z,,,,,
2009-10-09T21:00:00Z,2009-10-10T06:57:33Z,,,,,
2009-10-09T21:30:00Z,2009-10-10T07:27:33Z,,,,,
2009-10-09T21:59:59Z,2009-10-10T07:57:32Z,,,,,
2009-10-09T22:30:00Z,2009-10-10T08:27:33Z,,,,,
2009-10-09T23:00:00Z,2009-10-10T08:57:33Z,,,,,
2009-10-09T23:29:59Z,2009-10-10T09:27:32Z,,,,,
2009-10-10T00:00:00Z,2009-10-10T09:57:33Z,,OUT_WARN,OUT_WARN,,OUT_WARN
2009-10-10T00:30:00Z,2009-10-10T10:27:33Z,,OUT_WARN,OUT_WARN,,OUT_WARN
2009-10-10T00:59:59Z,2009-10-10T10:57:32Z,OUT_WARN,OUT_WARN,OUT_WARN,,OUT_WARN
2009-10-10T01:30:00Z,2009-10-10T11:27:33Z,OUT_WARN,OUT_WARN,OUT_WARN,,OUT_WARN
2009-10-10T02:00:00Z,2009-10-10T11:57:33Z,OUT_WARN,OUT_WARN,OUT_WARN,,OUT_WARN
2009-10-10T02:29:59Z,2009-10-10T12:27:32Z,OUT_WARN,OUT_WARN,OUT_WARN,,OUT_WARN
2009-10-10T03:00:00Z,2009-10-10T12:57:33Z,OUT_WARN,OUT_WARN,OUT_WARN,,OUT_WARN
2009-10-10T03:30:00Z,2009-10-10T13:27:33Z,OUT_WARN,OUT_WARN,OUT_WARN,OUT_WARN,OUT_WARN
2009-10-10T03:59:59Z,2009-10-10T13:57:32Z,OUT_WARN,OUT_WARN,OUT_WARN,,OUT_WARN
2009-10-10T04:30:00Z,2009-10-10T14:27:33Z,OUT_WARN,OUT_WARN,OUT_WARN,,OUT_WARN
2009-10-10T05:00:00Z,2009-10-10T14:57:33Z,OUT_WARN,OUT_WARN,OUT_WARN,,OUT_WARN
2009-10-10T05:29:59Z,2009-10-10T15:27:32Z,OUT_WARN,OUT_WARN,OUT_WARN,,OUT_WARN
2009-10-10T06:00:00Z,2009-10-10T15:57:33Z,OUT_WARN,OUT_WARN,OUT_WARN,,OUT_WARN
2009-10-10T06:30:00Z,2009-10-10T16:27:33Z,,OUT_WARN,,,OUT_WARN
2009-10-10T06:59:59Z,2009-10-10T16:57:32Z,,,,,
2009-10-10T07:30:00Z,2009-10-10T17:27:33Z,,,,,
2009-10-10T08:00:00Z,2009-10-10T17:57:33Z,,,,,
2009-10-10T08:29:59Z,2009-10-10T18:27:32Z,,,,,
2009-10-10T09:00:00Z,2009-10-10T18:57:33Z,,,,,
2009-10-10T09:30:00Z,2009-10-10T19:27:33Z,,,,,
2009-10-10T09:59:59Z,2009-10-10T19:57:32Z,,,,,
2009-10-10T10:30:00Z,2009-10-10T20:27:33Z,,,,,
2009-10-10T11:00:00Z,2009-10-10T20:57:33Z,,,,,
2009-10-10T11:29:59Z,2009-10-10T21:27:32Z,,,,,
2009-10-10T12:00:00Z,2009-10-10T21:57:33Z,,,,,
2009-10-10T12:30:00Z,2009-10-10T22:27:33Z,,,,,
2009-10-10T12:59:59Z,2009-10-10T22:57:32Z,,,,,
2009-10-10T13:30:00Z,2009-10-10T23:27:33Z,,,,,
2009-10-10T14:00:00Z,2009-10-10T23:57:33Z,,,,,
2009-10-10T14:29:59Z,2009-10-11T00:27:45Z,,,,,
2009-10-10T15:00:00Z,2009-10-11T00:57:46Z,,,,,
2009-10-10T15:30:00Z,2009-10-11T01:27:46Z,,,,,
2009-10-10T15:59:59Z,2009-10-11T01:57:45Z,,,,,
2009-10-10T16:30:00Z,2009-10-11T02:27:46Z,,,,,
2009-10-10T17:00:00Z,2009-10-11T02:57:46Z,,,,,
2009-10-10T17:29:59Z,2009-10-11T03:27:45Z,,,,,
2009-10-10T18:00:00Z,2009-10-11T03:57:46Z,,,,,
2009-10-10T18:30:00Z,2009-10-11T04:27:46Z,,,,,
2009-10-10T18:59:59Z,2009-10-11T04:57:45Z,,,,,
2009-10-10T19:30:00Z,2009-10-11T05:27:46Z,,,,,
2009-10-10T20:00:00Z,2009-10-11T05:57:46Z,,,,,
2009-10-10T20:29:59Z,2009-10-11T06:27:45Z,,,,,
2009-10-10T21:00:00Z,2009-10-11T06:57:46Z,,,,,
2009-10-10T21:30:00Z,2009-10-11T07:27:46Z,,,,,
2009-10-10T21:59:59Z,2009-10-11T07:57:45Z,,,,,
2009-10-10T22:30:00Z,2009-10-11T08:27:46Z,,,,,
2009-10-10T23:00:00Z,2009-10-11T08:57:46Z,,,,,
2009-10-10T23:29:59Z,2009-10-11T09:27:45Z,,,,,
2009-10-11T00:00:00Z,2009-10-11T09:57:46Z,,OUT_WARN,OUT_WARN,,OUT_WARN
2009-10-11T00:30:00Z,2009-10-11T10:27:46Z,OUT_WARN,OUT_WARN,OUT_WARN,,OUT_WARN
2009-10-11T00:59:59Z,2009-10-11T10:57:45Z,OUT_WARN,OUT_WARN,OUT_WARN,,OUT_WARN
2009-10-11T01:30:00Z,2009-10-11T11:27:46Z,OUT_WARN,OUT_WARN,OUT_WARN,OUT_WARN,OUT_WARN
2009-10-11T02:00:00Z,2009-10-11T11:57:46Z,OUT_WARN,OUT_WARN,OUT_WARN,,OUT_WARN
2009-10-11T02:29:59Z,2009-10-11T12:27:45Z,OUT_WARN,OUT_WARN,OUT_WARN,,OUT_WARN
2009-10-11T03:00:00Z,2009-10-11T12:57:46Z,OUT_WARN,OUT_WARN,OUT_WARN,,OUT_WARN
2009-10-11T03:30:00Z,2009-10-11T13:27:46Z,OUT_WARN,OUT_WARN,OUT_WARN,,OUT_WARN
2009-10-11T03:59:59Z,2009-10-11T13:57:45Z,OUT_WARN,OUT_WARN,OUT_WARN,,OUT_WARN
2009-10-11T04:30:00Z,2009-10-11T14:27:46Z,OUT_WARN,OUT_WARN,OUT_WARN,,OUT_WARN
2009-10-11T05:00:00Z,2009-10-11T14:57:46Z,OUT_WARN,,OUT_WARN,,
2009-10-11T05:29:59Z,2009-10-11T15:27:45Z,,,,,
2009-10-11T06:00:00Z,2009-10-11T15:57:46Z,,,,,
2009-10-11T06:30:00Z,2009-10-11T16:27:46Z,,,,,
2009-10-11T06:59:59Z,2009-10-11T16:57:45Z,,,,,
2009-10-11T07:30:00Z,2009-10-11T17:27:46Z,,,,,
2009-10-11T08:00:00Z,2009-10-11T17:57:46Z,,,,,
2009-10-11T08:29:59Z,2009-10-11T18:27:45Z,,,,,
2009-10-11T09:00:00Z,2009-10-11T18:57:46Z,,,,,
2009-10-11T09:30:00Z,2009-10-11T19:27:46Z,,,,,
2009-10-11T09:59:59Z,2009-10-11T19:57:45Z,,,,,
2009-10-11T10:30:00Z,2009-10-11T20:27:46Z,,,,,
2009-10-11T11:00:00Z,2009-10-11T20:57:46Z,,,,,
2009-10-11T11:29:59Z,2009-10-11T21:27:45Z,,,,,
2009-10-11T12:00:00Z,2009-10-11T21:57:46Z,,,,,
2009-10-11T12:30:00Z,2009-10-11T22:27:46Z,,,,,
2009-10-11T12:59:59Z,2009-10-11T22:57:45Z,,,,,
2009-10-11T13:30:00Z,2009-10-11T23:27:46Z,,,,,
2009-10-11T14:00:00Z,2009-10-11T23:57:46Z,,,,,
2009-10-11T14:29:59Z,2009-10-12T00:27:57Z,,,,,
2009-10-11T15:00:00Z,2009-10-12T00:57:58Z,,,,,
2009-10-11T15:30:00Z,2009-10-12T01:27:58Z,,,,,
2009-10-11T15:59:59Z,2009-10-12T01:57:57Z,,,,,
2009-10-11T16:30:00Z,2009-10-12T02:27:58Z,,,,,
2009-10-11T17:00:00Z,2009-10-12T02:57:58Z,,,,,
2009-10-11T17:29:59Z,2009-10-12T03:27:57Z,,,,,
2009-10-11T18:00:00Z,2009-10-12T03:57:58Z,,,,,
2009-10-11T18:30:00Z,2009-10-12T04:27:58Z,,,,,
2009-10-11T18:59:59Z,2009-10-12T04:57:57Z,,,,,
2009-10-11T19:30:00Z,2009-10-12T05:27:58Z,,,,,
2009-10-11T20:00:00Z,2009-10-12T05:57:58Z,,,,,
2009-10-11T20:29:59Z,2009-10-12T06:27:57Z,,,,,
2009-10-11T21:00:00Z,2009-10-12T06:57:58Z,,,,,
2009-10-11T21:30:00Z,2009-10-12T07:27:58Z,,,,,
2009-10-11T21:59:59Z,2009-10-12T07:57:57Z,,,,,
2009-10-11T22:30:00Z,2009-10-12T08:27:58Z,,,,,
2009-10-11T23:00:00Z,2009-10-12T08:57:58Z,,,,,
2009-10-11T23:29:59Z,2009-10-12T09:27:57Z,,,,,
2009-10-12T00:00:00Z,2009-10-12T09:57:58Z,,,,,
2009-10-12T00:30:00Z,2009-10-12T10:27:58Z,,,OUT_WARN,,OUT_WARN
2009-10-12T00:59:59Z,2009-10-12T10:57:57Z,OUT_WARN,OUT_WARN,OUT_WARN,,OUT_WARN
2009-10-12T01:30:00Z,2009-10-12T11:27:58Z,OUT_WARN,OUT_WARN,OUT_WARN,,OUT_WARN
2009-10-12T02:00:00Z,2009-10-12T11:57:58Z,OUT_WARN,,OUT_WARN,,OUT_WARN
2009-10-12T02:29:59Z,2009-10-12T12:27:57Z,OUT_WARN,,OUT_WARN,,OUT_WARN
2009-10-12T03:00:00Z,2009-10-12T12:57:58Z,OUT_WARN,OUT_WARN,OUT_WARN,,OUT_WARN
2009-10-12T03:30:00Z,2009-10-12T13:27:58Z,OUT_WARN,OUT_WARN,OUT_WARN,OUT_WARN,OUT_WARN
2009-10-12T03:59:59Z,2009-10-12T13:57:57Z,OUT_WARN,OUT_WARN,OUT_WARN,,OUT_WARN
2009-10-12T04:30:00Z,2009-10-12T14:27:58Z,OUT_WARN,,OUT_WARN,,OUT_WARN
2009-10-12T05:00:00Z,2009-10-12T14:57:58Z,OUT_WARN,,OUT_WARN,,OUT_WARN
2009-10-12T05:29:59Z,2009-10-12T15:27:57Z,OUT_WARN,,OUT_WARN,,OUT_WARN
2009-10-12T06:00:00Z,2009-10-12T15:57:58Z,OUT_WARN,,OUT_WARN,,
2009-10-12T06:30:00Z,2009-10-12T16:27:58Z,OUT_WARN,,OUT_WARN,,OUT_WARN
2009-10-12T06:59:59Z,2009-10-12T16:57:57Z,OUT_WARN,,OUT_WARN,,
2009-10-12T07:30:00Z,2009-10-12T17:27:58Z,OUT_WARN,,,,
2009-10-12T08:00:00Z,2009-10-12T17:57:58Z,OUT_WARN,,,,
2009-10-12T08:29:59Z,2009-10-12T18:27:57Z,,,,,
2009-10-12T09:00:00Z,2009-10-12T18:57:58Z,,,,,
2009-10-12T09:30:00Z,2009-10-12T19:27:58Z,,,,,
2009-10-12T09:59:59Z,2009-10-12T19:57:57Z,,,,,
2009-10-12T10:30:00Z,2009-10-12T20:27:58Z,,,,,
2009-10-12T11:00:00Z,2009-10-12T20:57:58Z,,,,,
2009-10-12T11:29:59Z,2009-10-12T21:27:57Z,,,,,
2009-10-12T12:00:00Z,2009-10-12T21:57:58Z,,,,,
2009-10-12T12:30:00Z,2009-10-12T22:27:58Z,,,,,
2009-10-12T12:59:59Z,2009-10-12T22:57:57Z,,,,,
2009-10-12T13:30:00Z,2009-10-12T23:27:58Z,,,,,
2009-10-12T14:00:00Z,2009-10-12T23:57:58Z,,,,,
2009-10-12T14:29:59Z,2009-10-13T00:28:09Z,,,,,
2009-10-12T15:00:00Z,2009-10-13T00:58:10Z,,,,,
2009-10-12T15:30:00Z,2009-10-13T01:28:10Z,,,,,
2009-10-12T15:59:59Z,2009-10-13T01:58:09Z,,,,,
2009-10-12T16:30:00Z,2009-10-13T02:28:10Z,,,,,
2009-10-12T17:00:00Z,2009-10-13T02:58:10Z,,,,,
2009-10-12T17:29:59Z,2009-10-13T03:28:09Z,,,,,
2009-10-12T18:00:00Z,2009-10-13T03:58:10Z,,,,,
2009-10-12T18:30:00Z,2009-10-13T04:28:10Z,,,,,
2009-10-12T18:59:59Z,2009-10-13T04:58:09Z,,,,,
2009-10-12T19:30:00Z,2009-10-13T05:28:10Z,,,,,
2009-10-12T20:00:00Z,2009-10-13T05:58:10Z,,,,,
2009-10-12T20:29:59Z,2009-10-13T06:28:09Z,,,,,
2009-10-12T21:00:00Z,2009-10-13T06:58:10Z,,,,,
2009-10-12T21:30:00Z,2009-10-13T07:28:10Z,,,,,
2009-10-12T21:59:59Z,2009-10-13T07:58:09Z,,,,,
2009-10-12T22:30:00Z,2009-10-13T08:28:10Z,,,,,
2009-10-12T23:00:00Z,2009-10-13T08:58:10Z,,,,,
2009-10-12T23:29:59Z,2009-10-13T09:28:09Z,,,,,
2009-10-13T00:00:00Z,2009-10-13T09:58:10Z,,,,,
2009-10-13T00:30:00Z,2009-10-13T10:28:10Z,,,,,
2009-10-13T00:59:59Z,2009-10-13T10:58:09Z,,,,,
2009-10-13T01:30:00Z,2009-10-13T11:28:10Z,,,,,
2009-10-13T02:00:00Z,2009-10-13T11:58:10Z,,,,,
2009-10-13T02:29:59Z,2009-10-13T12:28:09Z,,,,,OUT_WARN
2009-10-13T03:00:00Z,2009-10-13T12:58:10Z,,OUT_WARN,,,OUT_WARN
2009-10-13T03:30:00Z,2009-10-13T13:28:10Z,OUT_WARN,OUT_WARN,OUT_WARN,,OUT_WARN
2009-10-13T03:59:59Z,2009-10-13T13:58:09Z,OUT_WARN,OUT_WARN,OUT_WARN,,OUT_WARN
2009-10-13T04:30:00Z,2009-10-13T14:28:10Z,OUT_WARN,OUT_WARN,OUT_WARN,,OUT_WARN
2009-10-13T05:00:00Z,2009-10-13T14:58:10Z,OUT_WARN,OUT_WARN,OUT_WARN,,OUT_WARN
2009-10-13T05:29:59Z,2009-10-13T15:28:09Z,OUT_WARN,OUT_WARN,OUT_WARN,,OUT_WARN
2009-10-13T06:00:00Z,2009-10-13T15:58:10Z,OUT_WARN,OUT_WARN,,,OUT_WARN
2009-10-13T06:30:00Z,2009-10-13T16:28:10Z,,,,,
2009-10-13T06:59:59Z,2009-10-13T16:58:09Z,,,,,
2009-10-13T07:30:00Z,2009-10-13T17:28:10Z,,,,,
2009-10-13T08:00:00Z,2009-10-13T17:58:10Z,,,,,
2009-10-13T08:29:59Z,2009-10-13T18:28:09Z,,,,,
2009-10-13T09:00:00Z,2009-10-13T18:58:10Z,,,,,
2009-10-13T09:30:00Z,2009-10-13T19:28:10Z,,,,,
2009-10-13T09:59:59Z,2009-10-13T19:58:09Z,,,,,
2009-10-13T10:30:00Z,2009-10-13T20:28:10Z,,,,,
2009-10-13T11:00:00Z,2009-10-13T20:58:10Z,,,,,
2009-10-13T11:29:59Z,2009-10-13T21:28:09Z,,,,,
2009-10-13T12:00:00Z,2009-10-13T21:58:10Z,,,,,
2009-10-13T12:30:00Z,2009-10-13T22:28:10Z,,,,,
2009-10-13T12:59:59Z,2009-10-13T22:58:09Z,,,,,
2009-10-13T13:30:00Z,2009-10-13T23:28:10Z,,,,,
2009-10-13T14:00:00Z,2009-10-13T23:58:10Z,,,,,
2009-10-13T14:29:59Z,2009-10-14T00:28:20Z,,,,,
2009-10-13T15:00:00Z,2009-10-14T00:58:21Z,,,,,
2009-10-13T15:30:00Z,2009-10-14T01:28:21Z,,,,,
2009-10-13T15:59:59Z,2009-10-14T01:58:20Z,,,,,
2009-10-13T16:30:00Z,2009-10-14T02:28:21Z,,,,,
2009-10-13T17:00:00Z,2009-10-14T02:58:21Z,,,,,
2009-10-13T17:29:59Z,2009-10-14T03:28:20Z,,,,,
2009-10-13T18:00:00Z,2009-10-14T03:58:21Z,,,,,
2009-10-13T18:30:00Z,2009-10-14T04:28:21Z,,,,,
2009-10-13T18:59:59Z,2009-10-14T04:58:20Z,,,,,
2009-10-13T19:30:00Z,2009-10-14T05:28:21Z,,,,,
2009-10-13T20:00:00Z,2009-10-14T05:58:21Z,,,,,
2009-10-13T20:29:59Z,2009-10-14T06:28:20Z,,,,,
2009-10-13T21:00:00Z,2009-10-14T06:58:21Z,,,,,
2009-10-13T21:30:00Z,2009-10-14T07:28:21Z,,,,,
2009-10-13T21:59:59Z,2009-10-14T07:58:20Z,,,,,
2009-10-13T22:30:00Z,2009-10-14T08:28:21Z,,,,,
2009-10-13T23:00:00Z,2009-10-14T08:58:21Z,,,,,
2009-10-13T23:29:59Z,2009-10-14T09:28:20Z,,,,,
2009-10-14T00:00:00Z,2009-10-14T09:58:21Z,,,,,
