TIMESTAMP,ta,rh,vpd,sw_in,ws,precip,swc_shallow,ppfd_in,ext_rad,interpolated
2009-11-18 03:00:00+00:00,1.0,41.71878,0.3827381143750613,0.0,13.58,0.0,0.3957,0.0,0.0,False
2009-11-18 03:30:00+00:00,1.1,41.634240000000005,0.3860682296771957,0.0,14.28,0.0,0.39629125,0.0,0.0,True
2009-11-18 04:00:00+00:00,1.2,41.5497,0.3894242222743051,0.0,15.82,0.0,0.39643,0.0,0.0,False
2009-11-18 04:30:00+00:00,1.325,41.483567903225804,0.39295458236617964,0.0,19.6,0.0,0.39583360981308413,0.0,0.0,True
2009-11-18 05:00:00+00:00,1.4,41.38062,0.3962142399598258,0.0,22.54,0.0,0.395,0.0,0.0,False
2009-11-18 05:30:00+00:00,1.25,40.42170459677419,0.3987803444836851,0.0,19.031327433628316,0.0,0.3945263901869159,0.0,0.0,True
2009-11-18 06:00:00+00:00,1.0,38.92896,0.4010591180576512,0.0,13.58,0.0,0.39429,0.0,0.0,False
2009-11-18 06:30:00+00:00,0.75,37.3966725,0.40282728371159854,0.0,9.178672566371683,0.0,0.39429,0.0,0.0,True
2009-11-18 07:00:00+00:00,0.6,36.4773,0.4052697231209398,0.0,6.72,0.0,0.39429,0.0,0.0,False
2009-11-18 07:30:00+00:00,0.99375,36.85773,0.4154351979199871,0.0,13.51,0.0,0.3940193706293706,0.0,0.0,True
2009-11-18 08:00:00+00:00,1.65,37.49178,0.4301570802001025,0.0,20.3,0.0,0.39357,0.0,0.0,False
2009-11-18 08:30:00+00:00,2.1610372340425528,38.12583,0.4421573836616749,0.0,12.880542635658916,0.0,0.393215,0.0,24.659082832909768,True
2009-11-18 09:00:00+00:00,2.7,38.50626,0.4561502635815451,0.0,4.48,0.0,0.39286,0.0,77.68296796231975,False
2009-11-18 09:30:00+00:00,3.3327127659574467,38.379450000000006,0.4775869815105979,0.0,2.869457364341085,0.0,0.39249999999999996,0.0,170.42628675447187,True
2009-11-18 10:00:00+00:00,4.0,38.1681,0.5028547965949,0.0,2.24,0.0,0.39214,0.0,288.003572747225,False
2009-11-18 10:30:00+00:00,4.641136363636363,38.03579146341464,0.525798586409391,34.932000000000016,2.24,0.0,0.391785,73.84624799999999,395.9688768383969,True
2009-11-18 11:00:00+00:00,5.3,37.82994,0.55377849759437,99.4,2.24,0.0,0.39143,210.1316,503.33204269396265,False
2009-11-18 11:30:00+00:00,6.015113636363637,35.92800478658536,0.6013682634417963,167.46800000000002,2.87929203539823,0.0,0.3909806293706294,354.02735199999995,608.3252067764869,True
2009-11-18 12:00:00+00:00,6.75,32.96889,0.6601153049495331,245.0,4.48,0.0,0.39071,517.93,708.998375900476,False
2009-11-18 12:30:00+00:00,7.495913461538461,30.1686872465035,0.7233394692825426,318.52863961813847,11.75070796460177,0.0,0.39071,673.3695441527445,803.8864344917736,True
2009-11-18 13:00:00+00:00,8.2,28.10784,0.7818053105644159,413.0,18.06,0.0,0.39071,873.082,890.9908654030614,False
2009-11-18 13:30:00+00:00,8.791586538461539,27.426051503496502,0.8221594275882668,652.2713603818617,16.939999999999998,0.0,0.38964000000000004,1378.9016558472554,969.3714802622071,True
2009-11-18 14:00:00+00:00,9.35,26.92428,0.858997643230267,831.6,15.82,0.0,0.38857,1758.0024,1036.9106917684985,False
2009-11-18 14:30:00+00:00,10.06875,26.32412575471698,0.9080982409253877,739.9,17.686666666666667,0.0,0.38857,1564.1486000000002,1093.6887695951202,True
2009-11-18 15:00:00+00:00,10.5,25.74072,0.9428826650557368,648.2,20.3,0.0,0.38857,1370.2948,1136.8166290126524,False
2009-11-18 15:30:00+00:00,10.5,25.204867995283017,0.9508061832470949,655.891482300885,21.793333333333333,0.0,0.38803375,1386.5545935840707,1168.3601659372434,True
2009-11-18 16:00:00+00:00,10.5,24.68397,0.9563003989241188,677.6,22.54,0.0,0.38714,1432.4464,1183.9023160008278,False
2009-11-18 16:30:00+00:00,10.5,24.227646136363635,0.9620944203672837,986.3085176991151,21.84,0.0,0.3864243728070175,2085.056206415929,1181.3940033045092,True
2009-11-18 17:00:00+00:00,10.5,23.62722,0.9697181327925006,1281.0,20.3,0.0,0.38571,2708.034,1174.959952790251,False
2009-11-18 17:30:00+00:00,10.5,22.075718863636364,0.9894178056992612,1121.3999999999999,17.486371681415932,0.0,0.3849413164453189,2370.6396,1151.1457292902337,True
2009-11-18 18:00:00+00:00,10.5,20.03427,1.0153384279449988,961.8,13.58,0.0,0.38429,2033.2452,1110.5988320812849,False
2009-11-18 18:30:00+00:00,10.5,17.788676249999998,1.0438511124153105,998.2,8.063628318584072,0.0,0.38389993137703426,2110.1948,1059.2695543882978,True
2009-11-18 19:00:00+00:00,10.5,16.44132,1.060958723097497,1034.6,4.48,0.0,0.38357,2187.1444,995.2038187179616,False
2009-11-18 19:30:00+00:00,10.425,16.742493749999998,1.0518785793345975,752.7135931558936,11.27,0.0,0.3832442391837135,1591.236535931559,920.8793923481398,True
2009-11-18 20:00:00+00:00,10.3,17.24445,1.0368176554592683,420.0,18.06,0.0,0.38286,887.88,836.6366070787633,False
2009-11-18 20:30:00+00:00,10.175,17.746406249999996,1.021972728735581,333.68640684410644,18.06,0.0,0.3821461111171484,705.413064068441,744.5304871464817,True
2009-11-18 21:00:00+00:00,10.1,18.04758,1.0131085821243238,298.2,18.06,0.0,0.38143,630.3947999999999,645.700110202946,False
2009-11-18 21:30:00+00:00,10.1,17.92077,1.014676227098068,319.2,18.06,0.0,0.38103964969913806,674.7887999999999,542.1306563541546,True
2009-11-18 22:00:00+00:00,10.1,17.70942,1.0172889687209754,340.2,18.06,0.0,0.38071,719.1827999999999,435.4024717325291,False
2009-11-18 22:30:00+00:00,10.1,17.498070000000002,1.0199017103438828,269.18414634146336,11.27,0.0,0.3803842391837135,569.0552853658537,327.4389634729318,True
2009-11-18 23:00:00+00:00,10.1,17.37126,1.021469355317627,175.0,4.48,0.0,0.38,369.95,220.0708428308024,False
2009-11-18 23:30:00+00:00,9.5,19.41607125,0.9581446901293872,141.39105365853658,6.7200000000000015,0.0,0.3791663901869159,298.9006874341464,94.2817298642974,True
2009-11-19 00:00:00+00:00,8.5,22.82409,0.8565391004861382,110.6,8.96,0.0,0.37857,233.8084,14.375301162433692,False
2009-11-19 00:30:00+00:00,7.653846153846154,25.988988941082805,0.776337675213344,45.12479999999999,8.96,0.0,0.37857,95.3938272,3.8285784283395605,True
2009-11-19 01:00:00+00:00,6.9,28.27692,0.7136445317833742,0.0,8.96,0.0,0.37857,0.0,0.0,False
2009-11-19 01:30:00+00:00,6.371153846153846,28.963874808917197,0.6810136283594357,0.0,7.840000000000001,0.0,0.37821499999999997,0.0,0.0,True
2009-11-19 02:00:00+00:00,5.9,29.46048,0.6550689266086699,0.0,6.72,0.0,0.37786,0.0,0.0,False
2009-11-19 02:30:00+00:00,5.275,30.111438,0.6208859728097337,0.0,12.39,0.0,0.37786,0.0,0.0,True
2009-11-19 03:00:00+00:00,4.9,30.64404,0.6007894599498094,0.0,18.06,0.0,0.37786,0.0,0.0,False
2009-11-19 03:30:00+00:00,5.200000000000001,30.923022,0.6118803996507186,0.0,15.819999999999999,0.0,0.3775,0.0,0.0,True
2009-11-19 04:00:00+00:00,5.7,31.15128,0.630560945063731,0.0,13.58,0.0,0.37714,0.0,0.0,False
2009-11-19 04:30:00+00:00,6.2,31.348991157635464,0.6498402322628671,0.0,14.7,0.0,0.37714,0.0,0.0,True
2009-11-19 05:00:00+00:00,6.5,31.65852,0.6615299137499004,0.0,15.82,0.0,0.37714,0.0,0.0,False
2009-11-19 05:30:00+00:00,5.7125,34.80542259236453,0.600454176746542,0.0,14.700000000000001,0.0,0.376425,0.0,0.0,True
2009-11-19 06:00:00+00:00,4.4,39.73209,0.5041071961102337,0.0,13.58,0.0,0.37571,0.0,0.0,False
2009-11-19 06:30:00+00:00,3.1801470588235294,44.77807125,0.4225618102042479,0.0,15.148,0.0,0.37571,0.0,0.0,True
2009-11-19 07:00:00+00:00,2.3,47.80566,0.3762876679312121,0.0,18.06,0.0,0.37571,0.0,0.0,False
2009-11-19 07:30:00+00:00,2.0386029411764706,46.64851875,0.3799648888681905,0.0,22.092000000000002,0.0,0.37544375,0.0,0.0,True
2009-11-19 08:00:00+00:00,1.85,44.71995,0.3859112995494844,0.0,24.78,0.0,0.375,0.0,0.0,False
2009-11-19 08:30:00+00:00,1.56875,43.14255347014925,0.3894413802331651,0.0,24.78,0.0,0.37455625000000003,0.0,25.74924079372726,True
2009-11-19 09:00:00+00:00,1.4,41.63424,0.3944999970671407,0.0,24.78,0.0,0.37429,0.0,80.62863072993859,False
2009-11-19 09:30:00+00:00,1.9812499999999997,40.316141529850746,0.42049026284942936,0.0,23.212,0.0,0.374645,0.0,173.6288983844223,True
2009-11-19 10:00:00+00:00,2.95,39.05577,0.4601786464284776,0.0,20.3,0.0,0.375,0.0,290.6330236899959,False
2009-11-19 10:30:00+00:00,3.7219246031746036,37.83997243670887,0.4955913154191651,35.04327272727272,16.268,0.0,0.374645,74.08147854545456,398.4827581835107,True
2009-11-19 11:00:00+00:00,4.5,36.4773,0.5350706076390856,109.2,13.58,0.0,0.37429,230.8488,505.76246833946,False
2009-11-19 11:30:00+00:00,5.296825396825397,34.54398256329114,0.583080982776219,233.83212620889748,14.252,0.0,0.37429,494.32111480560934,610.7042777306058,True
2009-11-19 12:00:00+00:00,6.1,32.37711,0.6367392603238018,385.0,15.82,0.0,0.37429,813.89,711.3607999494615,False
2009-11-19 12:30:00+00:00,6.888235294117647,30.423515287656905,0.6915993943172797,543.1246010638298,20.748,0.0,0.37375375000000005,1148.1654066489361,806.2651316141278,True
2009-11-19 13:00:00+00:00,7.7,28.27692,0.7538424868331323,635.6,24.78,0.0,0.37286,1343.6584,893.4212096952907,False
2009-11-19 13:30:00+00:00,8.586764705882352,25.417018462343094,0.83286591512289,580.3,20.299999999999997,0.0,0.37196625,1226.7541999999999,971.8840671593733,True
2009-11-19 14:00:00+00:00,9.5,22.27458,0.9229276379400644,525.0,15.82,0.0,0.37143,1109.85,1039.5404855003242,False
2009-11-19 14:30:00+00:00,10.486538461538462,18.583952027027028,1.0327259128463715,640.3073825503357,15.82,0.0,0.37143,1353.6098067114092,1096.4576239937119,True
2009-11-19 15:00:00+00:00,11.3,16.27224,1.121217043272548,855.4,15.82,0.0,0.37143,1808.3156,1139.7640012737577,False
2009-11-19 15:30:00+00:00,11.73846153846154,16.116297972972973,1.1573542746899301,1157.2926174496645,20.300000000000004,0.0,0.3712046853146853,2446.5165932885907,1171.570565558149,True
2009-11-19 16:00:00+00:00,12.1,16.01862,1.1856820495334988,1359.4,24.78,0.0,0.37071,2873.7716,1187.2638884787991,False
2009-11-19 16:30:00+00:00,12.600000000000001,15.899735625,1.2278076112799177,1136.808606557377,21.27132743362832,0.0,0.36963859538706906,2403.213394262295,1184.9015087285923,True
2009-11-19 17:00:00+00:00,12.9,15.765,1.2534181516994372,893.2,15.82,0.0,0.36857,1888.2248,1178.8041890307009,False
2009-11-19 17:30:00+00:00,12.75,15.566859375000002,1.2435213192611612,859.591393442623,11.418672566371683,0.0,0.3681710899276162,1817.176205737705,1155.2744443459906,True
2009-11-19 18:00:00+00:00,12.5,15.3423,1.2270974491348747,847.0,8.96,0.0,0.36786,1790.558,1114.9613010477358,False
2009-11-19 18:30:00+00:00,12.283333333333335,15.0781125,1.2137865249188686,975.1,11.270000000000001,0.0,0.3674106293706294,2061.3614000000002,1063.8964119266057,True
2009-11-19 19:00:00+00:00,12.1,14.9196,1.20119844478776,1103.2,13.58,0.0,0.36714,2332.1648,1000.0847002504072,False
2009-11-19 19:30:00+00:00,11.991666666666667,15.062261249999999,1.1903869212175837,1026.9,13.58,0.0,0.36714,2170.8666000000003,926.009298085375,True
2009-11-19 20:00:00+00:00,11.9,15.30003,1.1801604680682782,950.6,13.58,0.0,0.36714,2009.5684,842.0006140513466,False
2009-11-19 20:30:00+00:00,11.819871794871794,15.459152163461537,1.1717420349803356,962.5,14.7,0.0,0.36666305490654205,2034.725,750.1127695374419,True
2009-11-19 21:00:00+00:00,11.7,15.68046,1.159442999165431,974.4,15.82,0.0,0.36571,2059.8816,651.478837143122,False
2009-11-19 21:30:00+00:00,10.998878205128204,16.440710336538462,1.0975824895529762,944.9069736842105,9.030000000000001,0.0,0.3640469450934579,1997.5333423684212,548.0822854076183,True
2009-11-19 22:00:00+00:00,9.95,17.49807,1.0097035158923453,875.0,2.24,0.0,0.36286,1849.75,441.49901365842703,False
2009-11-19 22:30:00+00:00,9.104706790123455,18.293274375,0.945008482007681,684.0618465405087,4.476137931034484,0.0,0.363215,1446.1067435866353,333.6512681768164,True
2009-11-19 23:00:00+00:00,8.2,19.31568,0.8774173686710584,442.4,8.96,0.0,0.36357,935.2336,226.3663724461851,False
2009-11-19 23:30:00+00:00,7.089043209876543,21.701293125,0.7891847665582951,262.0091861043948,16.873862068965522,0.0,0.36303375000000004,553.8874194246907,101.9769274667878,True
2009-11-20 00:00:00+00:00,5.9,24.76851,0.6986411504001002,127.4,22.54,0.0,0.36214,269.3236,20.737157987525727,False
2009-11-20 00:30:00+00:00,4.61765873015873,27.70147159090909,0.6148766943171207,41.021993670886076,21.793333333333333,0.0,0.36124625,86.72049462025318,5.65921617962208,True
2009-11-20 01:00:00+00:00,3.6,30.22134,0.5517029833311197,0.0,20.3,0.0,0.36071,0.0,0.0,False
2009-11-20 01:30:00+00:00,3.1260912698412695,31.790133409090913,0.5213237262446273,0.0,17.686666666666667,0.0,0.36071,0.0,0.0,True
2009-11-20 02:00:00+00:00,2.75,33.13797,0.4977385013631233,0.0,15.82,0.0,0.36071,0.0,0.0,False
2009-11-20 02:30:00+00:00,2.3280357142857144,34.676944015486725,0.4719662058177814,0.0,15.82,0.0,0.360355,0.0,0.0,True
2009-11-20 03:00:00+00:00,1.9,36.0546,0.4480062055083167,0.0,15.82,0.0,0.36,0.0,0.0,False
2009-11-20 03:30:00+00:00,1.4532142857142856,37.035974734513275,0.42713324366230665,0.0,18.06,0.0,0.360355,0.0,0.0,True
2009-11-20 04:00:00+00:00,1.0,37.91448,0.4077213012149566,0.0,20.3,0.0,0.36071,0.0,0.0,False
2009-11-20 04:30:00+00:00,0.4375000000000001,38.77430547619048,0.3876870591997419,0.0,18.060000000000002,0.0,0.360355,0.0,0.0,True
2009-11-20 05:00:00+00:00,0.1,39.77436,0.3705440033019478,0.0,15.82,0.0,0.36,0.0,0.0,False
2009-11-20 05:30:00+00:00,0.1,41.376762023809526,0.3591588415534537,0.0,15.82,0.0,0.36,0.0,0.0,True
2009-11-20 06:00:00+00:00,0.1,43.2405,0.3492182458404246,0.0,15.82,0.0,0.36,0.0,0.0,False
2009-11-20 06:30:00+00:00,0.1,45.25803856060605,0.3374836499496243,0.0,10.15,0.0,0.359645,0.0,0.0,True
2009-11-20 07:00:00+00:00,0.1,46.70664,0.3278924883789013,0.0,4.48,0.0,0.35929,0.0,0.0,False
2009-11-20 07:30:00+00:00,0.02499999999999999,47.124910189393944,0.32287593336289216,0.0,10.15,0.0,0.35929,0.0,0.0,True
2009-11-20 08:00:00+00:00,-0.1,47.42523,0.3187971343644888,0.0,15.82,0.0,0.35929,0.0,0.0,False
2009-11-20 08:30:00+00:00,-0.225,47.87434875,0.3132177219012354,0.0,15.722212389380532,0.0,0.35893,0.0,26.810795957174,True
2009-11-20 09:00:00+00:00,-0.3,48.14382,0.3098885584656798,0.0,15.48,0.0,0.35857,0.0,83.47485711189255,False
2009-11-20 09:30:00+00:00,0.6749999999999996,47.129340000000006,0.340109021011296,0.0,14.68778761061947,0.0,0.35928499999999997,0.0,176.71191770511115,True
2009-11-20 10:00:00+00:00,2.3,45.43854,0.3933530827733834,0.0,13.56,0.0,0.36,0.0,293.1654320000861,False
2009-11-20 10:30:00+00:00,3.925,44.14480529032259,0.4510401065176761,26.63218390804597,12.36,0.0,0.36,56.30043678160919,400.9004517093903,True
2009-11-20 11:00:00+00:00,4.9,42.73326,0.4960677322855332,84.0,11.64,0.0,0.36,177.576,508.09730388327296,False
2009-11-20 11:30:00+00:00,4.825000000000001,40.89373095967742,0.5110409420238505,213.96781609195403,12.240000000000002,0.0,0.359285,452.3279632183908,612.9881021174673,True
2009-11-20 12:00:00+00:00,4.7,38.88669,0.5220368511653646,313.2,13.56,0.0,0.35857,662.1048,713.628043043438,False
2009-11-20 12:30:00+00:00,4.613235294117646,36.76585828488373,0.5378000771596141,294.8785714285714,16.8,0.0,0.35857,623.3732999999999,808.5484584264583,True
2009-11-20 13:00:00+00:00,4.5,35.04012,0.5471764025106314,259.2,19.32,0.0,0.35857,547.9487999999999,895.7557081329721,False
2009-11-20 13:30:00+00:00,4.218014705882353,34.154497965116285,0.5428725558248951,201.92142857142855,19.32,0.0,0.358215,426.86189999999993,974.3001102181779,True
2009-11-20 14:00:00+00:00,3.85,33.43386,0.535667630895401,162.0,19.32,0.0,0.35786,342.468,1042.0727375519011,False
2009-11-20 14:30:00+00:00,3.44375,32.4299475,0.52836636481926,191.4,18.36,0.0,0.35786,404.61960000000005,1099.1278680009443,True
2009-11-20 15:00:00+00:00,3.2,31.8276,0.5239661769868769,220.8,17.4,0.0,0.35786,466.7712,1142.6112192199537,False
2009-11-20 15:30:00+00:00,3.743750000000001,33.159105,0.5338309747157384,181.8,17.4,0.0,0.35732375000000005,384.32520000000005,1174.6785741290923,True
2009-11-20 16:00:00+00:00,4.65,35.37828,0.5500776614646647,142.8,17.4,0.0,0.35643,301.8792,1190.521954640598,False
2009-11-20 16:30:00+00:00,5.341813380281691,37.597455,0.5605197170648782,193.90391061452516,19.32,0.0,0.35553625,409.9128670391062,1188.3034267358446,True
2009-11-20 17:00:00+00:00,6.1,38.92896,0.5750468345379105,294.0,21.24,0.0,0.355,621.516,1182.5410563106157,False
2009-11-20 17:30:00+00:00,7.364436619718309,37.53405,0.6450469860699224,457.6960893854748,20.64,0.0,0.355,967.5695329608936,1159.2943794063387,True
2009-11-20 18:00:00+00:00,8.2,35.2092,0.7045801867090509,572.4,19.32,0.0,0.355,1210.0536,1119.2122921717507,False
2009-11-20 18:30:00+00:00,7.20297619047619,32.884350000000005,0.6781503691532059,529.2863309352517,16.080000000000002,0.0,0.3547343706293706,1118.9113035971222,1068.4097522731772,True
2009-11-20 19:00:00+00:00,5.7,31.48944,0.6274638578675892,466.8,13.56,0.0,0.35429,986.8152,1004.8500308179832,False
2009-11-20 19:30:00+00:00,4.73302380952381,34.279259999999994,0.5627672836770559,426.51366906474817,15.479999999999999,0.0,0.35392999999999997,901.6498964028777,931.02171938008,True
2009-11-20 20:00:00+00:00,4.0,38.92896,0.4966670181094064,405.6,17.4,0.0,0.35357,857.4384,847.245312939193,False
2009-11-20 20:30:00+00:00,3.587809523809524,43.57866,0.4477532308966093,413.40000000000003,17.4,0.0,0.35312562937062936,873.9276,755.5740652059817,True
2009-11-20 21:00:00+00:00,3.2,46.36848,0.4122064427890939,421.2,17.4,0.0,0.35286,890.4168,657.1350740975136,False
2009-11-20 21:30:00+00:00,2.426190476190476,46.2733725,0.3887181680479208,388.4129032258064,15.967384615384615,0.0,0.353215,821.1048774193548,553.910118174301,True
2009-11-20 22:00:00+00:00,1.9,46.11486,0.3775232793083539,320.4,13.56,0.0,0.35357,677.3255999999999,447.4706792294731,False
2009-11-20 22:30:00+00:00,2.0999999999999996,46.015055833333335,0.3818650632499802,185.78709677419354,11.092615384615385,0.0,0.35285500000000003,392.75392258064505,339.7378531008452,True
2009-11-20 23:00:00+00:00,2.3,45.86124,0.3903056872658528,86.4,9.6,0.0,0.35214,182.6496,232.5356010326477,False
2009-11-20 23:30:00+00:00,2.3,44.61368791666666,0.4037828404562156,102.0,9.6,0.0,0.35214,215.62800000000001,109.4468264694571,True
2009-11-21 00:00:00+00:00,2.3,42.69099,0.4131611535723321,117.6,9.6,0.0,0.35214,248.6064,26.9723512544461,False
2009-11-21 00:30:00+00:00,1.9558823529411762,40.70958375000001,0.41190474733897453,58.8,10.217037037037038,0.0,0.3518743706293706,124.30319999999998,7.52523442789606,True
2009-11-21 01:00:00+00:00,1.4,39.52074,0.4087853545061837,0.0,11.64,0.0,0.35143,0.0,0.0,False
2009-11-21 01:30:00+00:00,0.8941176470588235,39.64755,0.39530887733848596,0.0,15.060105820105822,0.0,0.3509806293706294,0.0,0.0,True
2009-11-21 02:00:00+00:00,0.6,39.858900000000006,0.3836953867702215,0.0,19.32,0.0,0.35071,0.0,0.0,False
2009-11-21 02:30:00+00:00,0.9999999999999998,40.00449666666667,0.3939547134479557,0.0,23.022857142857145,0.0,0.35071,0.0,0.0,True
2009-11-21 03:00:00+00:00,1.4,40.19706,0.4042140401256899,0.0,25.08,0.0,0.35071,0.0,0.0,False
2009-11-21 03:30:00+00:00,0.75,40.706648333333334,0.3839973973565926,0.0,19.382608695652173,0.0,0.35071,0.0,0.0,True
2009-11-21 04:00:00+00:00,0.1,41.38062,0.3606613352100224,0.0,11.64,0.0,0.35071,0.0,0.0,False
2009-11-21 04:30:00+00:00,0.1,42.04837175675676,0.35660829428474655,0.0,8.03923745819398,0.0,0.35035499999999997,0.0,0.0,True
2009-11-21 05:00:00+00:00,0.1,42.56418,0.3533793692475511,0.0,5.76,0.0,0.35,0.0,0.0,False
2009-11-21 05:30:00+00:00,-0.10000000000000002,42.77881449324324,0.3460213524104945,0.0,4.4381538461538454,0.0,0.35,0.0,0.0,True
2009-11-21 06:00:00+00:00,-0.3,42.94461,0.3409586390628302,0.0,3.84,0.0,0.35,0.0,0.0,False
2009-11-21 06:30:00+00:00,0.15000000000000002,43.093707095864666,0.3512701655367827,0.0,9.247964601769912,0.0,0.35,0.0,0.0,True
2009-11-21 07:00:00+00:00,0.6,43.32504,0.3615816920107353,0.0,15.48,0.0,0.35,0.0,0.0,False
2009-11-21 07:30:00+00:00,0.6,45.37926665413534,0.34904160900688036,0.0,16.53203539823009,0.0,0.350355,0.0,0.0,True
2009-11-21 08:00:00+00:00,0.6,48.56652,0.3281414706671221,0.0,17.4,0.0,0.35071,0.0,0.0,False
2009-11-21 08:30:00+00:00,0.6,51.49925285714285,0.3105536704517986,0.0,18.91813953488372,0.0,0.350075,0.0,27.77925711421606,True
2009-11-21 09:00:00+00:00,0.6,53.808,0.2947012493235088,0.0,21.24,0.0,0.34944,0.0,86.05152566358326,False
2009-11-21 09:30:00+00:00,0.35,54.848647142857146,0.2804170881545573,0.0,27.78186046511628,0.0,0.34972,0.0,179.4801222670905,True
2009-11-21 10:00:00+00:00,0.1,55.66788,0.2727576032344754,0.0,32.88,0.0,0.35,0.0,295.4205678656989,False
2009-11-21 10:30:00+00:00,0.9957142857142856,56.830304999999996,0.28333844503898414,19.71617647058824,32.262962962962966,0.0,0.34972,41.67999705882353,403.0411896353549,True
2009-11-21 11:00:00+00:00,2.3,57.52776,0.3061975712580089,49.2,30.84,0.0,0.34944,104.0088,510.158372183518,False
2009-11-21 11:30:00+00:00,2.991785714285714,54.547725,0.3461602445075063,63.00600398053958,27.557037037037038,0.0,0.34944,133.19469241486067,615.0040386696301,True
2009-11-21 12:00:00+00:00,3.6,49.581,0.3986363841978582,81.6,23.16,0.0,0.34944,172.50239999999997,715.6360015315282,False
2009-11-21 12:30:00+00:00,4.288690476190476,45.42273875394322,0.453156593800409,232.27781954887212,18.36,0.0,0.34944,491.0353105263157,810.5835241706391,True
2009-11-21 13:00:00+00:00,4.9,41.63424,0.5055878893459219,368.4,15.48,0.0,0.34944,778.7975999999999,897.8553922555998,False
2009-11-21 13:30:00+00:00,5.423809523809524,38.78096499605679,0.5506313087798401,310.8,22.200000000000003,0.0,0.3492343693693693,657.0311999999999,976.4967083911981,True
2009-11-21 14:00:00+00:00,5.7,36.18141,0.5844917730211219,253.2,28.92,0.0,0.34889,535.2647999999999,1044.402963691131,False
2009-11-21 14:30:00+00:00,5.500000000000001,32.773391249999996,0.600987457669912,336.4005633802817,27.96,0.0,0.3485406306306306,711.1507909859155,1101.6145220654137,True
2009-11-21 15:00:00+00:00,5.3,30.72858,0.6170337119479793,472.8,27.0,0.0,0.34833,999.4992,1145.2952823830808,False
2009-11-21 15:30:00+00:00,6.1,30.839538750000003,0.6572052884208545,602.5994366197183,27.0,0.0,0.34833,1273.8952090140845,1177.6503287868643,True
2009-11-21 16:00:00+00:00,6.9,31.02447,0.6863064136587564,679.2,27.0,0.0,0.34833,1435.8288,1193.6591710525336,False
2009-11-21 16:30:00+00:00,6.766666666666667,31.20940125,0.6788128412410438,498.59999999999997,27.0,0.0,0.34833,1054.0404,1191.5963061667524,True
2009-11-21 17:00:00+00:00,6.5,31.32036,0.6648032252970555,318.0,27.0,0.0,0.34833,672.252,1186.1999310261124,False
2009-11-21 17:30:00+00:00,6.033333333333333,31.20940125,0.6450047672665319,363.79268680445153,21.96,0.0,0.34814694277108427,769.0577399046105,1163.2608014248844,True
2009-11-21 18:00:00+00:00,5.7,31.02447,0.6317223527622842,470.4,15.48,0.0,0.34778,994.4256,1123.4257816968857,False
2009-11-21 18:30:00+00:00,5.7,30.839538750000003,0.6330773284105962,802.0073131955484,12.840000000000002,0.0,0.3471330572289157,1695.4434600953896,1072.9044398828835,True
2009-11-21 19:00:00+00:00,5.7,30.72858,0.6344323040589082,1072.8,11.64,0.0,0.34667,2267.8992,1009.613228274905,False
2009-11-21 19:30:00+00:00,5.7,32.07593625,0.617979028329405,914.4,12.360000000000001,0.0,0.34694499999999995,1933.0415999999998,936.0471106546685,True
2009-11-21 20:00:00+00:00,5.7,34.32153,0.6015257525999017,756.0,13.56,0.3,0.34722,1598.184,852.5157182127896,False
2009-11-21 20:30:00+00:00,6.300000000000001,36.1778875,0.6096382888653853,805.8000000000001,14.760000000000002,0.0,0.34703694277108427,1703.4612,761.0716011829834,True
2009-11-21 21:00:00+00:00,6.9,37.91448,0.6177508251308688,855.6,15.48,0.0,0.34667,1808.7384,662.8354349184152,False
2009-11-21 21:30:00+00:00,5.537878787878788,39.3340475,0.5571345404849772,565.3401459854015,15.48,0.0,0.3460230572289157,1195.1290686131388,559.7873666810806,True
2009-11-21 22:00:00+00:00,4.0,40.66203,0.4825726337813374,250.8,15.48,0.0,0.34556,530.1912,453.4942133242615,False
2009-11-21 22:30:00+00:00,3.793073593073593,41.91230059729064,0.46438257727379284,219.70935896509363,10.620000000000001,0.0,0.34556,464.4655848522078,345.8760135972224,True
2009-11-21 23:00:00+00:00,3.6,43.40958,0.4474305402534395,198.0,5.76,0.0,0.34556,418.572,238.7532463338856,False
2009-11-21 23:30:00+00:00,2.765638528138528,46.06400065270935,0.4034616870886169,167.5432223222322,8.7,0.0,0.34556,354.1863719891989,116.89761049994404,True
2009-11-22 00:00:00+00:00,1.9,49.24284,0.3556084199016429,129.6,11.64,0.0,0.34556,273.97439999999995,33.241551887009855,False
2009-11-22 00:30:00+00:00,1.6089646464646463,52.8886275,0.32211787776704937,53.60727272727272,11.64,0.0,0.34528,113.32577454545455,9.467441110112178,True
2009-11-22 01:00:00+00:00,1.4,55.0761,0.3036451237548269,0.0,11.64,0.0,0.345,0.0,0.0,False
2009-11-22 01:30:00+00:00,1.1944444444444444,54.77492625,0.30160633505326356,0.0,10.62,0.0,0.345,0.0,0.0,True
2009-11-22 02:00:00+00:00,1.0,54.27297,0.3002935978034066,0.0,9.6,0.3,0.345,0.0,0.0,False
2009-11-22 02:30:00+00:00,0.8055555555555556,53.77101375,0.29885076463047855,0.0,10.620000000000001,0.0,0.34528,0.0,0.0,True
2009-11-22 03:00:00+00:00,0.6,53.46984,0.2968586829585806,0.0,11.64,0.0,0.34556,0.0,0.0,False
2009-11-22 03:30:00+00:00,0.29444444444444445,53.73931124999999,0.28951432077592754,0.0,10.953061224489796,0.0,0.34535,0.0,0.0,True
2009-11-22 04:00:00+00:00,0.1,54.18843,0.2818600606875646,0.0,9.6,0.0,0.345,0.0,0.0,False
2009-11-22 04:30:00+00:00,0.1,54.63754875,0.2787958021658731,0.0,7.346938775510203,0.0,0.34465,0.0,0.0,True
2009-11-22 05:00:00+00:00,0.1,54.90702,0.2774388670674926,0.0,5.76,0.0,0.34444,0.0,0.0,False
2009-11-22 05:30:00+00:00,0.1,54.66925125,0.2793893936645831,0.0,6.507906976744186,0.0,0.34472,0.0,0.0,True
2009-11-22 06:00:00+00:00,0.1,54.27297,0.2813399202616737,0.0,7.68,0.0,0.345,0.0,0.0,False
2009-11-22 06:30:00+00:00,-0.6,53.88659578125,0.26940819542410754,0.0,8.438308850593943,0.0,0.345,0.0,0.0,True
2009-11-22 07:00:00+00:00,-1.3,53.63892,0.2574764705865414,0.0,9.2,0.0,0.345,0.0,0.0,False
2009-11-22 07:30:00+00:00,-0.8,53.61316171875,0.26738966738370235,0.0,10.39128417266187,0.0,0.34471999999999997,0.0,0.0,True
2009-11-22 08:00:00+00:00,-0.3,53.59665,0.2773028641808633,0.0,11.155,0.0,0.34444,0.0,0.0,False
2009-11-22 08:30:00+00:00,-0.9999999999999999,53.58067866477273,0.2638774956859222,0.0,11.155,0.0,0.34444,0.0,28.694281686998707,True
2009-11-22 09:00:00+00:00,-1.7,53.55438,0.2504521271909811,0.0,11.155,0.0,0.34444,0.0,88.46972592720999,False
2009-11-22 09:30:00+00:00,-1.2275,52.16487383522728,0.2671044241300958,0.0,9.724576923076922,0.0,0.34472,0.0,182.06369906124203,True
2009-11-22 10:00:00+00:00,-0.3,49.87689,0.2995318649332962,0.0,7.36,0.0,0.345,0.0,297.5167504747111,False
2009-11-22 10:30:00+00:00,0.9024999999999999,48.09989389925373,0.33887090491412614,34.707331730769226,5.052923076923077,0.0,0.34471999999999997,73.37129927884615,405.0238717972387,True
2009-11-22 11:00:00+00:00,2.3,46.1994,0.3878677708598284,106.95,3.68,0.0,0.34444,226.0923,512.0630465065574,False
2009-11-22 11:30:00+00:00,3.6773809523809526,43.87092235074626,0.44645671835964784,225.15844207875458,7.586554752066117,0.0,0.34472,475.9849465544872,616.8659469303864,True
2009-11-22 12:00:00+00:00,4.9,41.38061999999999,0.5077848486675501,358.8,14.835,0.0,0.345,758.5032,717.4929912822867,False
2009-11-22 12:30:00+00:00,5.867619047619048,39.01756442307692,0.5641858911078408,463.58994367926545,24.089772931549707,0.0,0.34444499999999995,980.0291409379671,812.4712892735113,True
2009-11-22 13:00:00+00:00,6.5,36.56184,0.6140668963161522,541.65,31.51,0.0,0.34389,1145.0481,899.8120257804751,False
2009-11-22 13:30:00+00:00,6.693793103448276,33.80494182692307,0.6481681109183715,576.6950310142048,33.79700564971751,0.0,0.34389,1219.133295564029,978.5549699301586,True
2009-11-22 14:00:00+00:00,6.9,30.93993,0.6871475865241292,615.25,35.19,0.0,0.34389,1300.6385,1046.600008091791,False
2009-11-22 14:30:00+00:00,8.236206896551725,27.769619957386364,0.7972591425053391,752.9189713245922,36.416666666666664,0.0,0.3436793693693694,1591.6707053801879,1103.9734281347414,True
2009-11-22 15:00:00+00:00,9.4,25.31802,0.8808403220779488,925.75,37.03,0.0,0.34333,1957.0355,1147.8573092154827,False
2009-11-22 15:30:00+00:00,9.280952380952382,24.293032542613638,0.8801748337701085,1069.7552801724137,36.11,0.0,0.343055,2261.4626622844826,1180.5073769587775,True
2009-11-22 16:00:00+00:00,9.0,23.50041,0.8782615935810947,1148.85,35.19,0.0,0.34278,2428.6689,1196.6860129890806,False
2009-11-22 16:30:00+00:00,8.069047619047618,22.394038695652174,0.838975974205213,1076.975,36.11,0.0,0.3425,2276.72515,1194.7809916276701,True
2009-11-22 17:00:00+00:00,7.3,21.6828,0.8009381067105047,1005.1,37.03,0.0,0.34222,2124.7814,1189.759815382836,False
2009-11-22 17:30:00+00:00,7.3,21.60561130434783,0.8012664821701138,1013.725,35.84946902654867,0.0,0.341945,2143.0146499999996,1167.1354906769081,True
2009-11-22 18:00:00+00:00,7.3,21.55599,0.8022349733159497,1022.35,33.35,0.0,0.34167,2161.2479,1127.550613062776,False
2009-11-22 18:30:00+00:00,8.149999999999999,21.47673375,0.8524578282841344,859.0190630797774,28.417154684791534,0.0,0.34139,1815.9662993506493,1077.315160988256,True
2009-11-22 19:00:00+00:00,9.0,21.42918,0.9020405675660922,624.45,24.035,0.0,0.34111,1320.0873,1014.2963463404752,False
2009-11-22 19:30:00+00:00,7.836206896551724,22.221742499999998,0.8290948525915478,493.9717916996345,22.960876288659797,0.0,0.34076563063063064,1044.2563676530272,940.9959063215872,True
2009-11-22 20:00:00+00:00,6.5,23.54268,0.7400893908816218,402.5,22.195,0.0,0.34056,850.885,857.7122882175184,False
2009-11-22 20:30:00+00:00,6.2637931034482754,24.42214628289474,0.7194956206468671,350.76310205512067,21.044999999999998,0.0,0.34056,741.513197744525,766.4974271363483,True
2009-11-22 21:00:00+00:00,6.1,25.65618,0.7000237487106196,311.65,20.355,0.0,0.34056,658.8281,668.4654484172574,False
2009-11-22 21:30:00+00:00,5.8999999999999995,30.123868717105264,0.648129107527581,267.3460431654677,21.275,0.0,0.34092999999999996,565.1695352517985,565.594907924832,True
2009-11-22 22:00:00+00:00,5.7,36.39276,0.5825560935235332,242.65,22.195,0.5,0.34167,512.9621,459.4478984807665,False
2009-11-22 22:30:00+00:00,5.516666666666667,43.1031225,0.5137887930586122,253.57500000000002,20.355000000000004,0.0,0.3428548014440433,536.05755,351.94344381158913,True
2009-11-22 23:00:00+00:00,5.3,47.12934,0.4709442883217863,264.5,18.515,0.5,0.34389,559.153,244.898521887774,False
2009-11-22 23:30:00+00:00,4.996124031007752,46.24167,0.4680961230793615,244.90625,19.435,0.0,0.3442751985559567,517.7318125,124.19801939224186,True
2009-11-23 00:00:00+00:00,4.5,44.76222,0.4652842607325276,201.25,20.355,0.0,0.34444,425.4425,39.43301862345168,False
2009-11-23 00:30:00+00:00,2.766186575052854,43.28277,0.428869322540277,88.59375,13.674642857142857,0.0,0.344165,187.28718749999996,11.445609027962862,True
2009-11-23 01:00:00+00:00,1.0,42.3951,0.3782966589368577,0.0,5.52,0.0,0.34389,0.0,0.0,False
2009-11-23 01:30:00+00:00,0.44025349650349654,44.28139875,0.3482034211443032,0.0,2.942857142857142,0.0,0.34389,0.0,0.0,True
2009-11-23 02:00:00+00:00,0.1,47.42523,0.3234712947588294,0.0,1.84,0.0,0.34389,0.0,0.0,False
2009-11-23 02:30:00+00:00,-0.09145299145299143,50.42829268656716,0.30241795994044807,0.0,5.064505119453925,0.0,0.34389,0.0,0.0,True
2009-11-23 03:00:00+00:00,-0.3,52.45536,0.2841231257753598,0.0,9.6,1.5,0.34389,0.0,0.0,False
2009-11-23 03:30:00+00:00,-1.077777777777778,52.833897313432836,0.26496390702366707,0.0,12.235494880546074,0.0,0.34360999999999997,0.0,0.0,True
2009-11-23 04:00:00+00:00,-1.7,53.08941,0.2529594190643588,0.0,13.56,0.0,0.34333,0.0,0.0,False
2009-11-23 04:30:00+00:00,-1.7,53.47578421875,0.25053307169373573,0.0,12.600000000000001,0.0,0.34333,0.0,0.0,True
2009-11-23 05:00:00+00:00,-1.7,53.72346,0.249540384691571,0.0,11.64,0.0,0.34333,0.0,0.0,False
2009-11-23 05:30:00+00:00,-1.7,53.74921828125,0.24942861145669687,0.0,12.240000000000002,0.0,0.343055,0.0,0.0,True
2009-11-23 06:00:00+00:00,-1.7,53.765730000000005,0.2493124490667184,0.0,13.56,0.0,0.34278,0.0,0.0,False
2009-11-23 06:30:00+00:00,-1.9500000000000002,53.782084464285724,0.24461971909901134,0.0,16.44,0.0,0.34278,0.0,0.0,True
2009-11-23 07:00:00+00:00,-2.2,53.808,0.2400382231105583,0.0,19.32,0.0,0.34278,0.0,0.0,False
2009-11-23 07:30:00+00:00,-1.95,54.13508928571428,0.2422820120276869,0.0,20.639999999999997,0.0,0.34278,0.0,0.0,True
2009-11-23 08:00:00+00:00,-1.7,54.653400000000005,0.2445258009448155,0.0,21.24,0.0,0.34278,0.0,0.0,False
2009-11-23 08:30:00+00:00,-2.2,55.181775,0.23367197226275888,0.0,18.36,0.0,0.34278,0.0,29.533134223154974,True
2009-11-23 09:00:00+00:00,-2.7,55.4988,0.2228181435807023,0.0,15.48,0.0,0.34278,0.0,90.67219493733562,False
2009-11-23 09:30:00+00:00,-2.2592592592592595,50.82268125,0.25370441063914606,0.0,17.4,0.0,0.34278,0.0,184.39802619074476,True
2009-11-23 10:00:00+00:00,-1.3,43.02915,0.3164001654904342,0.0,19.32,0.0,0.34278,0.0,299.39346524314203,False
2009-11-23 10:30:00+00:00,0.6489144316730523,35.90718899601064,0.4151723658215807,34.580281690140836,17.403310344827588,0.0,0.34278,73.10271549295774,406.78784742804265,True
2009-11-23 11:00:00+00:00,2.7,30.5595,0.5150979982390772,105.6,13.56,0.0,0.34278,223.2384,513.7515707948952,False
2009-11-23 11:30:00+00:00,3.6985801217038543,28.60397850398936,0.5682181973786036,212.86853720749696,6.7766896551724125,0.0,0.34278,450.00408765664855,618.5159355419821,True
2009-11-23 12:00:00+00:00,4.5,27.13563,0.6137582743041332,340.8,1.92,0.0,0.34278,720.4512,719.1439728702424,False
2009-11-23 12:30:00+00:00,5.511764705882352,25.326425965909092,0.6787097169109383,448.02838200529675,1.92,0.0,0.34249999999999997,947.131999559197,814.1604464892573,True
2009-11-23 13:00:00+00:00,6.1,23.71176,0.7183324686212712,562.8,1.92,0.0,0.34222,1189.7591999999995,901.5789223656368,False
2009-11-23 13:30:00+00:00,5.8999999999999995,22.572631534090913,0.7183866261889087,749.9227990970654,5.3570370370370375,0.0,0.3425,1585.3367972911963,980.433535568508,True
2009-11-23 14:00:00+00:00,5.7,21.55599,0.7184407942542542,872.4,9.6,0.0,0.34278,1844.2536,1048.6286046139028,False
2009-11-23 14:30:00+00:00,6.503030303030304,20.420361160714283,0.7692196238115011,711.0,11.022962962962964,0.0,0.3425693693693694,1503.0539999999999,1106.175781260989,True
2009-11-23 15:00:00+00:00,7.7,19.40022,0.8471406776368688,549.6,11.64,0.0,0.34222,1161.8544,1150.2757426908724,False
2009-11-23 15:30:00+00:00,8.470499108734403,18.665401339285715,0.9005573572795812,639.0,11.64,0.0,0.3419790653153153,1350.846,1183.237760512467,True
2009-11-23 16:00:00+00:00,9.0,18.00531,0.9413486674188428,728.4,11.64,0.0,0.34167,1539.8375999999998,1199.595987398237,False
2009-11-23 16:30:00+00:00,9.212834224598932,17.2520586,0.9637054563697457,699.0,9.66,0.0,0.3407315653153153,1477.686,1197.8553510750605,True
2009-11-23 17:00:00+00:00,9.4,16.6104,0.9835427786187688,669.6,7.68,0.0,0.34,1415.5344,1193.229608908625,False
2009-11-23 17:30:00+00:00,9.72030303030303,16.2223614,1.0100660926524956,985.8000000000001,10.936701030927836,0.0,0.34,2083.9812,1170.9360739688375,True
2009-11-23 18:00:00+00:00,10.1,15.89181,1.0397585466779775,1302.0,15.48,0.0,0.34,2752.428,1131.6103584389436,False
2009-11-23 18:30:00+00:00,10.593333333333332,15.442691250000001,1.0805660610108383,1260.2933333333333,18.04329896907217,0.0,0.34,2664.2601066666666,1081.6723600532848,True
2009-11-23 19:00:00+00:00,10.9,15.17322,1.1061529300227195,1191.6,19.32,0.0,0.34,2519.0424,1018.9359104822112,False
2009-11-23 19:30:00+00:00,10.9,15.56950125,1.1009853677764507,1141.0497859327215,15.479999999999999,0.0,0.34028,2412.1792474617737,945.9102192811847,True
2009-11-23 20:00:00+00:00,10.9,16.22997,1.092372764032669,1086.0,11.64,0.0,0.34056,2295.804,862.8819001808077,False
2009-11-23 20:30:00+00:00,10.9,16.65977758248731,1.0868521417397887,1014.7422227534889,13.944,0.0,0.3396302769461078,2145.1650589008755,771.9024102750034,True
2009-11-23 21:00:00+00:00,10.9,17.28672,1.0785925980426183,930.0,17.4,0.0,0.33833,1966.02,674.0790371422713,False
2009-11-23 21:30:00+00:00,10.773333333333333,20.243796167512688,1.0320672762474745,828.3794779250544,19.895999999999997,0.0,0.3377284730538922,1751.1942163335648,571.3887998386148,True
2009-11-23 22:00:00+00:00,10.5,24.55716,0.9579105269883248,717.6,21.24,0.0,0.33722,1517.0064,465.38891652131525,False
2009-11-23 22:30:00+00:00,10.076041666666667,28.408139460431656,0.8852079051667018,608.5362354643727,21.24,0.0,0.33652625,1286.4456017716836,357.99746652269164,True
2009-11-23 23:00:00+00:00,9.4,31.8276,0.8040627574794719,496.8,21.24,0.0,0.33611,1050.2352,251.02786107869255,False
2009-11-23 23:30:00+00:00,8.113125,34.20087803956835,0.7098723475359866,382.3445967649421,23.159999999999997,0.0,0.33611,808.2764775610876,131.4170576917528,True
2009-11-24 00:00:00+00:00,6.5,36.30822,0.6165218799765184,262.8,25.08,0.0,0.33611,555.5592,45.59848005010994,False
2009-11-24 00:30:00+00:00,4.911904761904761,38.576256608910896,0.5335791340503141,100.45434782608697,18.36,0.0,0.33583500000000005,212.36049130434787,13.470327795665229,True
2009-11-24 01:00:00+00:00,3.6,40.78884,0.4681513462496451,0.0,11.64,0.0,0.33556,0.0,0.0,False
2009-11-24 01:30:00+00:00,2.9298809523809526,42.84291089108911,0.4304795460612096,0.0,14.52,0.0,0.33556,0.0,0.0,True
2009-11-24 02:00:00+00:00,2.3,44.84676,0.3976194364839261,0.0,17.4,0.0,0.33556,0.0,0.0,False
2009-11-24 02:30:00+00:00,1.2432142857142858,47.382960000000004,0.35282741288202174,0.0,11.992035398230087,0.0,0.33528,0.0,0.0,True
2009-11-24 03:00:00+00:00,0.1,48.90468,0.3143688373057403,0.0,5.76,0.0,0.335,0.0,0.0,False
2009-11-24 03:30:00+00:00,-1.0475,48.76201875,0.28959371338454165,0.0,4.387964601769911,0.0,0.33528,0.0,0.0,True
2009-11-24 04:00:00+00:00,-1.7,48.52425,0.2775764665484311,0.0,3.84,0.0,0.33556,0.0,0.0,False
2009-11-24 04:30:00+00:00,-1.5714285714285714,48.286481249999994,0.28104097610689416,0.0,7.804686635944701,0.0,0.33556,0.0,0.0,True
2009-11-24 05:00:00+00:00,-1.3,48.14382,0.2879947189431394,0.0,12.61,0.0,0.33556,0.0,0.0,False
2009-11-24 05:30:00+00:00,-0.7285714285714286,48.19137375,0.3003073519213842,0.0,14.070313364055298,0.0,0.33556,0.0,0.0,True
2009-11-24 06:00:00+00:00,-0.3,48.27063,0.3091307516218468,0.0,14.69,0.0,0.33556,0.0,0.0,False
2009-11-24 06:30:00+00:00,-0.3,48.34988625,0.3087518481999303,0.0,14.69,0.0,0.33528,0.0,0.0,True
2009-11-24 07:00:00+00:00,-0.3,48.39744,0.3083729447780138,0.0,14.69,0.0,0.335,0.0,0.0,False
2009-11-24 07:30:00+00:00,-0.3,46.19411625,0.3225931035893205,0.0,14.69,0.0,0.335,0.0,0.0,True
2009-11-24 08:00:00+00:00,-0.3,42.521910000000005,0.3434846618756067,0.0,14.69,0.0,0.335,0.0,0.0,False
2009-11-24 08:30:00+00:00,-0.55,39.47138845954357,0.35334840511751,0.0,19.89,0.0,0.335,0.0,30.315229730631344,True
2009-11-24 09:00:00+00:00,-0.8,36.64638,0.365005647844859,0.0,25.09,0.0,0.335,0.0,92.71370753195302,False
2009-11-24 09:30:00+00:00,-0.2078947368421052,34.40786779045643,0.3951684081618892,0.0,25.09,0.0,0.335,0.0,186.5475405899925,True
2009-11-24 10:00:00+00:00,1.0,32.33484,0.4443633085801365,0.0,25.09,0.0,0.335,0.0,301.1093254159065,False
2009-11-24 10:30:00+00:00,3.0284829721362234,30.151289458762886,0.5326051130125415,49.907812500000006,23.529999999999998,0.0,0.33528,105.50511562500002,408.3921273103245,True
2009-11-24 11:00:00+00:00,4.9,28.0233,0.6234913729399673,140.4,20.93,0.0,0.33556,296.8056,515.2822940856747,False
2009-11-24 11:30:00+00:00,5.538502673796791,26.053823041237116,0.6697425559144012,250.42259685672516,18.676666666666666,0.0,0.33535000000000004,529.393369755117,620.0106909946493,True
2009-11-24 12:00:00+00:00,6.1,24.13446,0.7143523121189558,332.8,16.77,0.0,0.335,703.5391999999999,720.6429461530563,False
2009-11-24 12:30:00+00:00,7.066477272727273,22.059294517241376,0.7847398098609312,347.1639199115675,15.643333333333334,0.0,0.33471936936936936,733.9045266930538,815.7013928465921,True
2009-11-24 13:00:00+00:00,8.2,20.24562,0.8673045548328558,362.7,14.69,0.0,0.33444,766.7478,903.2019436653856,False
2009-11-24 13:30:00+00:00,9.539246632996633,19.05014423275862,0.9637630154098217,621.3056707317072,13.389999999999999,0.0,0.33418757340171495,1313.4401879268294,982.1729893698961,True
2009-11-24 14:00:00+00:00,10.5,18.00531,1.041100476972292,865.8,12.61,0.0,0.33389,1830.3012,1050.5232417980844,False
2009-11-24 14:30:00+00:00,10.701851851851853,16.7013795703125,1.0699611793208812,714.35,15.729999999999999,0.0,0.3333818072289157,1510.1359000000002,1108.2495885324815,True
2009-11-24 15:00:00+00:00,10.9,15.765,1.0984360370682913,562.9,18.85,0.0,0.33278,1189.9706,1152.5712378763246,False
2009-11-24 15:30:00+00:00,11.983333333333334,15.4943729296875,1.1883129085110984,797.55,17.81,0.0,0.332225,1686.0207000000003,1185.8523360273987,True
2009-11-24 16:00:00+00:00,12.9,15.30003,1.2603369127607027,1032.2,16.77,0.0,0.33167,2182.0708,1202.3943977511613,False
2009-11-24 16:30:00+00:00,12.9,15.040421749999998,1.26383159741648,894.4,16.77,0.0,0.3310693038922156,1890.7616,1200.8198169870993,True
2009-11-24 17:00:00+00:00,12.9,14.83506,1.267255673821968,756.6,16.77,0.0,0.33056,1599.4524,1196.5987911018738,False
2009-11-24 17:30:00+00:00,13.389473684210527,14.740656999999999,1.3115668230490671,1021.1500000000001,13.584999999999999,0.0,0.33018694610778443,2158.7110999999995,1174.6433828565284,True
2009-11-24 18:00:00+00:00,14.1,14.66598,1.3730316672143,1285.7,10.4,0.0,0.33,2717.9698,1135.5792789918912,False
2009-11-24 18:30:00+00:00,14.560526315789474,14.560304999999998,1.416443497767075,1269.9672916666666,12.796958762886597,0.0,0.33,2684.710854583333,1085.943133362946,True
2009-11-24 19:00:00+00:00,14.8,14.4969,1.4394546374241497,1237.6,16.77,0.0,0.33,2616.2863999999995,1023.4926060248516,False
2009-11-24 19:30:00+00:00,14.8,15.1626525,1.4301344232297457,1190.8260416666667,20.054041237113402,0.0,0.3298246846846847,2517.406252083333,950.7448226221632,True
2009-11-24 20:00:00+00:00,14.8,16.27224,1.4095665819500838,1129.7,23.01,0.0,0.32944,2388.1858,867.9742311145358,False
2009-11-24 20:30:00+00:00,14.593589743589744,17.224778192307692,1.3753583192350192,1062.5947263681592,25.017092783505156,0.0,0.3287134384384384,2246.325251542289,777.2319112604553,True
2009-11-24 21:00:00+00:00,14.1,18.04758,1.3186214345093148,984.1,27.17,0.0,0.32778,2080.3874,679.6181875191272,False
2009-11-24 21:30:00+00:00,12.561061419200954,18.56920805769231,1.186702544913161,899.4757084144495,32.091907216494846,0.0,0.32673687687687686,1901.4916475881464,577.1085891339598,True
2009-11-24 22:00:00+00:00,10.9,19.01979,1.0559931258189357,781.3,35.62,0.0,0.32611,1651.6681999999998,471.2554052443994,False
2009-11-24 22:30:00+00:00,10.261138310893514,19.438120745192304,1.0074456186876808,463.7411678986832,32.65462732919254,0.0,0.32611,980.3488289378164,363.97581754206976,True
2009-11-24 23:00:00+00:00,9.8,19.992,0.9693785913408124,176.8,27.17,0.0,0.32611,373.7552,257.0796575698075,False
2009-11-24 23:30:00+00:00,9.28421052631579,21.465251754807696,0.920105335322617,111.4266816324336,19.670372670807453,0.0,0.325555,235.55600497096464,138.4910486175063,True
2009-11-25 00:00:00+00:00,9.0,23.41587,0.8792321639478294,70.2,14.69,0.0,0.325,148.40279999999998,51.68067311220957,False
2009-11-25 00:30:00+00:00,9.0,25.135880165094342,0.8604637404655601,24.51838235294118,17.810000000000002,0.0,0.325,51.83186029411765,15.517507171548665,True
2009-11-25 01:00:00+00:00,9.0,26.83974,0.8399240640950785,0.0,20.93,0.0,0.325,0.0,0.0,False
2009-11-25 01:30:00+00:00,7.949999999999999,28.49604608490566,0.7630722323067238,0.0,13.585,0.0,0.32472,0.0,0.0,True
2009-11-25 02:00:00+00:00,6.9,30.1368,0.6951387287451712,0.0,6.24,0.0,0.32444,0.0,0.0,False
2009-11-25 02:30:00+00:00,7.1000000000000005,31.97973212264151,0.6874448267515679,0.0,6.24,0.0,0.32444,0.0,0.0,True
2009-11-25 03:00:00+00:00,7.3,33.43386,0.680761801272599,0.0,6.24,0.0,0.32444,0.0,0.0,False
2009-11-25 03:30:00+00:00,7.0,34.095425377358495,0.6598541957163244,0.0,10.465,0.0,0.32416500000000004,0.0,0.0,True
2009-11-25 04:00:00+00:00,6.5,34.61742,0.6328884377122936,0.0,14.69,0.0,0.32389,0.0,0.0,False
2009-11-25 04:30:00+00:00,5.999999999999999,35.197073360655736,0.6046390095341839,0.0,14.69,0.0,0.32389,0.0,0.0,True
2009-11-25 05:00:00+00:00,5.7,35.80098,0.5879759961167813,0.0,14.69,0.0,0.32389,0.0,0.0,False
2009-11-25 05:30:00+00:00,5.9,36.48414288934427,0.5896707361570928,0.0,13.649999999999999,0.0,0.32389,0.0,0.0,True
2009-11-25 06:00:00+00:00,6.1,37.195890000000006,0.5913654761974042,0.0,12.61,0.0,0.32389,0.0,0.0,False
2009-11-25 06:30:00+00:00,5.966666666666667,38.06770875,0.5802206377027365,0.0,14.690000000000001,0.0,0.32389,0.0,0.0,True
2009-11-25 07:00:00+00:00,5.7,38.5908,0.5624250267486115,0.0,16.77,0.0,0.32389,0.0,0.0,False
2009-11-25 07:30:00+00:00,5.233333333333333,38.337180000000004,0.5467921068428113,0.0,10.465,0.0,0.32361,0.0,0.0,True
2009-11-25 08:00:00+00:00,4.9,37.91448,0.5378099593964685,0.0,4.16,0.0,0.32333,0.0,0.0,False
2009-11-25 08:30:00+00:00,4.9,37.63868557377049,0.5393845514768637,0.0,13.585000000000003,0.0,0.32333,0.0,31.018022154563855,True
2009-11-25 09:00:00+00:00,4.9,37.23816,0.5436685175874769,0.0,23.01,0.0,0.32333,0.0,94.53739765267946,False
2009-11-25 09:30:00+00:00,5.18,35.41102192622951,0.570731564526084,0.0,23.01,0.0,0.32361,0.0,188.44799760547411,True
2009-11-25 10:00:00+00:00,5.7,32.75754,0.6158497808820574,0.0,23.01,0.0,0.32389,0.0,302.60413306364705,False
2009-11-25 10:30:00+00:00,6.264000000000001,30.210618229927007,0.6640854464106642,101.89197154471546,23.0,0.0,0.32389,215.3996278455284,409.7763307190078,True
2009-11-25 11:00:00+00:00,6.9,28.27692,0.7136445317833742,223.3,22.99,0.0,0.32389,472.0562,516.5956803597351,False
2009-11-25 11:30:00+00:00,7.629529411764706,27.532065520072994,0.7586939497224617,248.54112198046445,24.638290155440416,0.0,0.32342805389221563,525.4159318667018,621.2924896704415,True
2009-11-25 12:00:00+00:00,8.2,26.96655,0.7942164911840282,270.6,28.27,0.0,0.32278,572.0484,721.9349853497527,False
2009-11-25 12:30:00+00:00,8.393861892583121,26.337926554054054,0.8115507244370845,309.3909064748201,36.497454226582065,0.0,0.32247631547715383,654.0523762877697,817.0428804477655,True
2009-11-25 13:00:00+00:00,8.6,25.65618,0.8307205592420971,376.2,44.22,0.0,0.32222,795.2868,904.6344080690538,False
2009-11-25 13:30:00+00:00,9.632608695652173,24.784218445945946,0.9011416774340096,637.485928057554,46.77425561797753,0.0,0.321945,1347.645251913669,983.7319247570728,True
2009-11-25 14:00:00+00:00,10.5,23.83857,0.9670345860188244,930.6,47.85,0.0,0.32167,1967.2884,1052.2485542385489,False
2009-11-25 14:30:00+00:00,10.5,22.70256375,0.9835080765251449,1073.740071942446,47.85,0.0,0.32141368452284624,2269.8865120863306,1110.1659037719949,True
2009-11-25 15:00:00+00:00,10.5,22.02096,0.990113088272441,1140.7,47.85,0.0,0.32111,2411.4398,1154.7220465036237,False
2009-11-25 15:30:00+00:00,10.299999999999999,23.93896125,0.9454368903058767,919.3283018867925,41.635000000000005,0.0,0.320555,1943.4600301886794,1188.3388991545016,True
2009-11-25 16:00:00+00:00,10.1,27.13563,0.9007606923393124,642.4,35.42,0.0,0.32,1358.0336,1205.0744860875627,False
2009-11-25 16:30:00+00:00,10.7,29.78001044014085,0.904005991455056,543.1216981132076,41.249573643410855,0.0,0.3196963154771538,1148.1592698113207,1203.6718506047496,True
2009-11-25 17:00:00+00:00,11.3,32.2503,0.9072512905707996,499.4,47.85,0.0,0.31944,1055.7315999999998,1199.8759462684654,False
2009-11-25 17:30:00+00:00,10.49074074074074,34.26090330985915,0.8437235738834727,506.55,49.11542635658915,0.0,0.31918757340171494,1070.8467,1178.2748300646895,True
2009-11-25 18:00:00+00:00,9.4,36.13914,0.7532100848233376,513.7,49.61,0.0,0.31889,1085.9618,1139.4806081597956,False
2009-11-25 18:30:00+00:00,8.965141612200435,38.569665,0.6981769268630812,510.8368312757202,34.54,0.0,0.31833611112113125,1079.9090613168723,1090.1575894306673,True
2009-11-25 19:00:00+00:00,8.6,40.02798,0.6701295412756331,502.7,19.47,0.0,0.31778,1062.7078,1028.0026246229434,False
2009-11-25 19:30:00+00:00,8.113348416289593,38.062425,0.6751133355618065,371.91316872427984,23.92196551724138,0.0,0.3174069461077844,786.2244386831275,955.5415091671231,True
2009-11-25 20:00:00+00:00,7.7,34.786500000000004,0.6854238135770586,246.4,30.14,0.0,0.31722,520.8896,873.0358574625849,False
2009-11-25 20:30:00+00:00,7.430769230769231,31.510575000000003,0.7004044267312263,331.408,33.66303448275862,0.0,0.31722,700.596512,782.5365231043467,True
2009-11-25 21:00:00+00:00,7.3,29.54502,0.7205323771729132,423.5,35.42,0.0,0.31722,895.279,685.1365802165675,False
2009-11-25 21:30:00+00:00,8.149999999999999,30.73386375,0.7517379108982676,434.742,34.365093167701865,0.0,0.3170484346846847,919.044588,582.8101298560662,True
2009-11-25 22:00:00+00:00,9.0,32.715270000000004,0.7724694236070244,438.9,31.9,0.0,0.31667,927.8346,477.1043853664693,False
2009-11-25 22:30:00+00:00,8.723809523809523,34.63796791666667,0.7433309908197832,392.45512640449437,25.276279889292955,0.0,0.3157315653153153,829.6501372191011,369.93570542016323,True
2009-11-25 23:00:00+00:00,8.2,35.88552,0.6972254130085399,301.4,17.71,0.0,0.315,637.1596,263.1102807816866,False
2009-11-25 23:30:00+00:00,7.605500821018063,36.03933583333333,0.6659785792741132,162.01412542032313,13.013626943005184,0.0,0.315,342.4978611385631,145.48707682554812,True
2009-11-26 00:00:00+00:00,6.9,36.13914,0.6354154553036987,47.3,10.67,0.0,0.315,99.99219999999998,57.73136932018127,False
2009-11-26 00:30:00+00:00,5.920689655172414,36.24783428571428,0.5947045061116528,13.680748175182485,11.55,0.0,0.31478936936936935,28.921101642335767,17.599680769122337,True
2009-11-26 01:00:00+00:00,5.3,36.39276,0.5665801481183147,0.0,12.43,0.0,0.31444,0.0,0.0,False
2009-11-26 01:30:00+00:00,5.3,36.79130571428571,0.561625443239952,0.0,9.208086419753087,0.0,0.3140956306306306,0.0,0.0,True
2009-11-26 02:00:00+00:00,5.3,37.3227,0.5582967271910564,0.0,5.28,0.0,0.31389,0.0,0.0,False
2009-11-26 02:30:00+00:00,5.3,37.77580852040816,0.5546753528126468,0.0,4.266913580246913,0.0,0.31416499999999997,0.0,0.0,True
2009-11-26 03:00:00+00:00,5.3,38.25264,0.5500133062637981,0.0,3.52,0.0,0.31444,0.0,0.0,False
2009-11-26 03:30:00+00:00,5.15,38.80872772959184,0.5390172433646665,0.0,2.4200000000000004,0.0,0.31397694277108434,0.0,0.0,True
2009-11-26 04:00:00+00:00,4.9,39.39393,0.5249943633536375,0.0,1.76,0.0,0.31333,0.0,0.0,False
2009-11-26 04:30:00+00:00,4.6499999999999995,40.04201967857143,0.509872779302986,0.0,3.473540372670808,0.0,0.31296305722891565,0.0,0.0,True
2009-11-26 05:00:00+00:00,4.5,40.53522,0.5008895397664858,0.0,7.04,0.0,0.31278,0.0,0.0,False
2009-11-26 05:30:00+00:00,4.7,40.72724657142857,0.5065341535386461,0.0,13.796033270740043,0.0,0.31278,0.0,0.0,True
2009-11-26 06:00:00+00:00,4.9,40.87338,0.5121787673108064,0.0,19.47,0.0,0.31278,0.0,0.0,False
2009-11-26 06:30:00+00:00,4.9,41.08473,0.5107141277630542,0.0,20.405426356589146,0.0,0.31278,0.0,0.0,True
2009-11-26 07:00:00+00:00,4.9,41.21154,0.5092494882153022,0.0,21.23,0.0,0.31278,0.0,0.0,False
2009-11-26 07:30:00+00:00,5.3,41.053027500000006,0.524905381590675,0.0,24.200000000000003,0.0,0.31278,0.0,0.0,True
2009-11-26 08:00:00+00:00,5.7,40.78884,0.5422939599736899,0.0,26.51,0.0,0.31278,0.0,0.0,False
2009-11-26 08:30:00+00:00,5.7,40.61803970930232,0.544203882888799,0.0,25.630000000000003,0.0,0.31278,0.0,31.640145997310967,True
2009-11-26 09:00:00+00:00,5.7,40.36614,0.5461653189688671,0.0,24.75,0.0,0.31278,0.0,96.14246944819983,False
2009-11-26 09:30:00+00:00,5.824999999999999,39.06805779069768,0.5624736701488744,0.0,30.965000000000003,0.0,0.31278,0.0,190.0996506303616,True
2009-11-26 10:00:00+00:00,6.1,37.15362,0.5917634918476359,0.0,37.18,0.0,0.31278,0.0,303.877297165335,False
2009-11-26 10:30:00+00:00,6.584090909090909,35.56743825,0.627759072504845,116.60000000000002,37.18,0.0,0.31256936936936935,246.49239999999995,410.9399459572991,True
2009-11-26 11:00:00+00:00,7.3,33.9411,0.6755743348508191,233.2,37.18,0.0,0.31222,492.9848,517.6912793732909,False
2009-11-26 11:30:00+00:00,8.540909090909091,32.187951749999996,0.7574030306356747,233.2,38.25420689655172,0.0,0.31196757340171494,492.9848,622.3609248852197,True
2009-11-26 12:00:00+00:00,9.4,30.39042,0.8210136483648498,233.2,40.7,0.0,0.31167,492.9848,723.0197069952865,False
2009-11-26 12:30:00+00:00,9.2,28.274027842105262,0.8311835043191322,280.30331125827814,46.915,0.0,0.3110230572289157,592.5612,818.1845308692265,True
2009-11-26 13:00:00+00:00,9.0,26.83974,0.8399240640950785,367.4,53.13,0.0,0.31056,776.6836,905.8759200162086,False
2009-11-26 13:30:00+00:00,9.306666666666667,26.562593407894738,0.863159986322097,449.220340194004,55.57579310344828,0.0,0.31056,949.6517991701245,985.1099137848333,True
2009-11-26 14:00:00+00:00,9.8,26.37477,0.892044817325059,565.4,56.65,0.0,0.31056,1195.2556,1053.8040559534113,False
2009-11-26 14:30:00+00:00,10.15,26.08416375,0.9166035660087545,901.2263485477179,54.89,0.0,0.31035,1905.1925008298756,1111.9241843514617,True
2009-11-26 15:00:00+00:00,10.5,25.9098,0.940735827636796,1162.7,53.13,0.0,0.31,2457.9478,1156.7275197964216,False
2009-11-26 15:30:00+00:00,10.993333333333332,25.98905625,0.9711121629864038,780.9999999999999,61.105000000000004,0.0,0.30974305389221557,1651.0339999999999,1190.6966419875898,True
2009-11-26 16:00:00+00:00,11.3,26.12115,0.9893281004696184,399.3,69.08,0.3,0.30944,844.1202,1207.6353794302984,False
2009-11-26 16:30:00+00:00,11.3,26.20287529205607,0.9886053638516937,717.7500000000001,67.27713793103447,0.0,0.3088838888788687,1517.3235,1206.410151036793,True
2009-11-26 17:00:00+00:00,11.3,26.3325,0.9864978656455212,1036.2,63.69,6.9,0.30833,2190.5268,1203.0599310654156,False
2009-11-26 17:30:00+00:00,10.810526315789474,27.999695957943924,0.9345281914246033,1020.8285302593661,58.397862068965516,0.0,0.30803242659828506,2158.0315129683,1181.8294404951564,True
2009-11-26 18:00:00+00:00,10.1,30.64404,0.8573891813990523,979.0,53.13,8.1,0.30778,2069.606,1143.3129045486305,False
2009-11-26 18:30:00+00:00,9.732807017543859,32.553272473404256,0.8137306803065714,612.9460420578969,50.765854922279786,0.0,0.30752368452284623,1295.767932910394,1094.3141441186085,True
2009-11-26 19:00:00+00:00,9.4,34.95558,0.7671696420230608,272.8,47.85,3.0,0.30722,576.6992,1032.4642196014856,False
2009-11-26 19:30:00+00:00,8.973333333333334,40.08430252659574,0.6868801877303985,272.2487610160705,28.104145077720204,0.0,0.3066638888788687,575.5338807879731,960.2983852111105,True
2009-11-26 20:00:00+00:00,8.6,46.53756,0.5973912566672934,271.7,10.67,4.1,0.30611,574.3738,878.0647410658106,False
2009-11-26 20:30:00+00:00,8.42121212121212,53.23500318249258,0.522266369896217,192.08407407407407,26.565,0.0,0.30574305722891565,406.0657325925926,787.8140738830887,True
2009-11-26 21:00:00+00:00,8.2,58.11954,0.4554372276042422,91.3,42.46,0.3,0.30556,193.0082,690.6319195384916,False
2009-11-26 21:30:00+00:00,6.886525974025973,59.65946306750742,0.3959323216970244,53.749259259259254,40.7,0.0,0.3056988366030399,113.62593407407407,588.4910160195635,True
2009-11-26 22:00:00+00:00,5.3,60.78255,0.3493286083443111,34.1,38.94,0.5,0.30611,72.0874,482.9333554830415,False
2009-11-26 22:30:00+00:00,4.502065826330532,62.446931250000006,0.31457623935575385,27.793333333333337,42.46,0.0,0.3261895295669797,58.75510666666666,375.8745497914066,True
2009-11-26 23:00:00+00:00,4.0,63.44556,0.2972830446879438,25.3,45.98,2.0,0.36214,53.4842,269.1170898011387,False
2009-11-26 23:30:00+00:00,3.723529411764706,61.369046250000004,0.30966270237774585,25.85,44.92509316770186,0.0,0.40695057629005593,54.6469,152.40587502469282,True
2009-11-27 00:00:00+00:00,3.6,57.908190000000005,0.3327976941776562,26.4,42.46,3.0,0.43833,55.8096,63.747864309831975,False
2009-11-27 00:30:00+00:00,3.7444444444444445,54.447333750000006,0.36545131324339136,13.200000000000001,34.659906832298134,0.0,0.44260605753992444,27.904800000000005,19.71207954857539,True
2009-11-27 01:00:00+00:00,4.0,52.37082,0.3873495981990182,0.0,28.27,1.0,0.44417,0.0,0.0,False
2009-11-27 01:30:00+00:00,4.305555555555555,54.0510525,0.3796264658024777,0.0,30.085,0.0,0.43985823336968377,0.0,0.0,True
2009-11-27 02:00:00+00:00,4.5,56.85144,0.3634531626954073,0.0,31.9,0.0,0.43333,0.0,0.0,False
2009-11-27 02:30:00+00:00,4.1625,59.6518275,0.33365010627710573,0.0,26.565,0.0,0.42929181539250677,0.0,0.0,True
2009-11-27 03:00:00+00:00,3.6,61.33206,0.3057269637632585,0.0,21.23,0.0,0.42583,0.0,0.0,False
2009-11-27 03:30:00+00:00,3.106730769230769,61.2369525,0.2950826439723259,0.0,25.685000000000002,0.0,0.4226248065871544,0.0,0.0,True
2009-11-27 04:00:00+00:00,2.7,61.07844,0.2887136130117459,0.0,30.14,0.0,0.42,0.0,0.0,False
2009-11-27 04:30:00+00:00,2.4307692307692306,60.978693109756094,0.28442326566764653,0.0,27.445,0.0,0.4181621343590598,0.0,0.0,True
2009-11-27 05:00:00+00:00,2.3,60.82482,0.2824278862992704,0.0,24.75,0.3,0.41667,0.0,0.0,False
2009-11-27 05:30:00+00:00,2.3,59.56135939024391,0.29111296349573257,0.0,24.75,0.0,0.41537551029159514,0.0,0.0,True
2009-11-27 06:00:00+00:00,2.3,57.612300000000005,0.3055880921565028,0.0,24.75,0.3,0.41417,0.0,0.0,False
2009-11-27 06:30:00+00:00,2.3,56.07406467213115,0.31721534346352226,0.0,25.292136639409126,0.0,0.41285779976019177,0.0,0.0,True
2009-11-27 07:00:00+00:00,2.3,54.39978,0.3287482980137352,0.0,26.51,0.0,0.41167,0.0,0.0,False
2009-11-27 07:30:00+00:00,2.1,52.23410657786885,0.33952279480681635,0.0,29.758863360590873,0.0,0.41083499999999995,0.0,0.0,True
2009-11-27 08:00:00+00:00,1.9,49.87689,0.3511662186705528,0.0,32.332,0.0,0.41,0.0,0.0,False
2009-11-27 08:30:00+00:00,1.9,47.05008375,0.3702924106171858,0.0,29.441,0.0,0.4086554810205889,0.0,32.20161731719168,True
2009-11-27 09:00:00+00:00,1.9,45.354,0.382853920785662,0.0,26.55,0.0,0.4075,0.0,97.58365029712203,False
2009-11-27 09:30:00+00:00,1.9,45.48081,0.38166933379070467,0.0,27.95873846153846,0.0,0.407085,0.0,191.56629885612423,True
2009-11-27 10:00:00+00:00,1.9,45.69216,0.3804847467957473,0.0,30.326,0.0,0.40667,0.0,304.98747771490497,False
2009-11-27 10:30:00+00:00,2.426190476190476,45.903510000000004,0.3916453736356801,101.57927884615387,32.75226153846154,0.0,0.405514518979411,214.73859548076928,411.9420800779995,True
2009-11-27 11:00:00+00:00,3.2,46.03032,0.4148055063750889,244.26,34.22,0.0,0.40417,516.36564,518.6275865179056,False
2009-11-27 11:30:00+00:00,3.5789819376026273,43.4624175,0.4479153101673602,307.40134615384613,34.22,0.0,0.403335,649.8464457692307,623.2728790548692,True
2009-11-27 12:00:00+00:00,4.0,39.18258,0.4946044252809084,368.16,34.22,0.0,0.4025,778.29024,723.9513555249124,False
2009-11-27 12:30:00+00:00,5.05,34.902742499999995,0.5716563853530683,457.9268594074844,35.5416,0.0,0.40113794011519766,968.057380787422,819.1770317843691,True
2009-11-27 13:00:00+00:00,6.1,32.33484,0.6371372759740335,574.66,37.996,0.0,0.4,1214.8312399999998,906.9726758735784,False
2009-11-27 13:30:00+00:00,6.578160919540229,32.382393750000006,0.6586737069040128,788.0425155925157,41.394400000000005,0.0,0.3996401954392959,1665.9218779625778,986.3479138009166,True
2009-11-27 14:00:00+00:00,6.9,32.46165,0.6720064749474178,935.74,43.66,0.0,0.39929,1978.15436,1055.2246460676392,False
2009-11-27 14:30:00+00:00,7.166666666666667,32.54090625,0.6819841498387269,819.3112522045856,38.94,0.0,0.39829626440598503,1732.0239871604938,1113.552868994381,True
2009-11-27 15:00:00+00:00,7.3,32.58846,0.6894075786422327,619.5,34.22,0.0,0.39714,1309.6229999999998,1158.608779795108,False
2009-11-27 15:30:00+00:00,7.3,32.20803,0.6962199644616031,401.39874779541447,34.22,0.0,0.3964245999992176,848.5569528395062,1192.936922516797,True
2009-11-27 16:00:00+00:00,7.3,31.57398,0.6997825114857927,266.68,34.22,0.0,0.39571,563.76152,1210.0828812229556,False
2009-11-27 16:30:00+00:00,7.1,31.12666120879121,0.6953576879520499,789.42,37.05200000000001,0.0,0.3945589809818664,1668.8338799999997,1209.0357064484456,True
2009-11-27 17:00:00+00:00,6.9,30.5595,0.690932864418307,1312.16,39.884,0.0,0.39357,2773.90624,1206.140732250071,False
2009-11-27 17:30:00+00:00,8.15,29.31073504120879,0.7716777582412669,1277.6968484848485,36.50424691358025,0.0,0.3932151546129309,2701.0511376969694,1185.2885008694182,True
2009-11-27 18:00:00+00:00,9.4,27.72741,0.852422652064227,1218.94,32.332,0.0,0.39286,2576.83916,1147.0509175822042,False
2009-11-27 18:30:00+00:00,8.8,25.967765845588236,0.8345815688530349,1171.0827723682323,31.17590460157127,0.0,0.391865360203522,2475.6689807864427,1098.3803589029094,True
2009-11-27 19:00:00+00:00,8.2,24.89532,0.816740485641843,1117.46,30.326,0.0,0.39071,2362.31044,1036.8385204689212,False
2009-11-27 19:30:00+00:00,8.2,24.869056654411768,0.8168557869093721,1049.7156025146169,29.138848484848484,0.0,0.39,2219.0987837159005,964.9706366243363,True
2009-11-27 20:00:00+00:00,8.2,24.853050000000003,0.8172001589981249,969.96,28.438,0.0,0.38929,2050.49544,883.0109369047555,False
2009-11-27 20:30:00+00:00,9.349999999999998,24.826631250000002,0.8860597503396308,876.7951754927012,34.161,0.0,0.3882159042024631,1853.5450009915705,793.0102619127231,True
2009-11-27 21:00:00+00:00,10.5,24.81078,0.954690270859913,774.08,39.884,0.0,0.38714,1636.40512,696.0464859726138,False
2009-11-27 21:30:00+00:00,9.75,25.888665000000003,0.8950229455786459,665.492436335132,38.940000000000005,0.0,0.3864245999992175,1406.8510104124684,594.091041477783,True
2009-11-27 22:00:00+00:00,9.0,27.68514,0.8302183604277326,555.78,37.996,0.0,0.38571,1174.9189199999998,488.6806515266204,False
2009-11-27 22:30:00+00:00,9.200000000000001,29.451252042253525,0.8245416966084682,456.99430766161214,37.996,0.0,0.3844257002801121,966.0859663966479,381.73023416907796,True
2009-11-27 23:00:00+00:00,9.4,30.5595,0.8190194259077466,351.64,37.996,0.0,0.38357,743.36696,275.0385749835582,False
2009-11-27 23:30:00+00:00,8.725862068965517,30.63741670774648,0.7801887420069585,194.16272291466922,37.465457364341084,0.0,0.38357,410.45999624161067,159.18379682575096,True
2009-11-28 00:00:00+00:00,7.7,30.68631,0.7285186921864037,68.44,36.108,0.0,0.38357,144.68215999999998,69.67289166618856,False
2009-11-28 00:30:00+00:00,6.924137931034482,30.76556625,0.6902048260666607,20.440134228187926,30.986278037118765,0.0,0.3833336098130841,43.21044375838926,21.830614735966147,True
2009-11-28 01:00:00+00:00,6.5,30.81312,0.6697131926177881,0.0,22.774,0.0,0.38286,0.0,0.0,False
2009-11-28 01:30:00+00:00,6.5,30.702161250000003,0.6705126498356254,0.0,11.316264598540146,0.0,0.3821461111171484,0.0,0.0,True
2009-11-28 02:00:00+00:00,6.5,30.51723,0.6725773402215488,0.0,3.776,0.0,0.38143,0.0,0.0,False
2009-11-28 02:30:00+00:00,6.633333333333334,30.39865643382353,0.6799813376487818,0.0,7.8783274336283196,0.0,0.38103964969913806,0.0,0.0,True
2009-11-28 03:00:00+00:00,6.9,30.22134,0.6942975558797984,0.0,13.334,0.0,0.38071,0.0,0.0,False
2009-11-28 03:30:00+00:00,7.366666666666667,29.188056066176472,0.7266833937210663,0.0,15.898672566371678,0.0,0.3803842391837135,0.0,0.0,True
2009-11-28 04:00:00+00:00,7.7,27.64287,0.7605066433191133,0.0,17.11,0.0,0.38,0.0,0.0,False
2009-11-28 04:30:00+00:00,7.7,26.03132625,0.778864527704933,0.0,13.275,0.0,0.37928500000000004,0.0,0.0,True
2009-11-28 05:00:00+00:00,7.7,25.0644,0.7876075463621036,0.0,9.44,0.0,0.37857,0.0,0.0,False
2009-11-28 05:30:00+00:00,7.300000000000001,25.888665000000003,0.7597460133860506,0.0,10.443,0.0,0.3781857608162865,0.0,0.0,True
2009-11-28 06:00:00+00:00,6.9,27.26244,0.7237386061678484,0.0,11.446,0.0,0.37786,0.0,0.0,False
2009-11-28 06:30:00+00:00,6.9,28.255785000000003,0.7125156996911044,0.0,10.443,0.0,0.37741062937062936,0.0,0.0,True
2009-11-28 07:00:00+00:00,6.9,29.46048,0.7018681116681541,0.0,9.44,0.0,0.37714,0.0,0.0,False
2009-11-28 07:30:00+00:00,6.9,31.695506249999998,0.6796296040398593,0.0,15.274051652892558,0.0,0.37714,0.0,0.0,True
2009-11-28 08:00:00+00:00,6.9,34.40607,0.6526594990438422,0.0,24.662,0.0,0.37714,0.0,0.0,False
2009-11-28 08:30:00+00:00,6.9,37.49706375,0.6219041161536472,0.0,32.370279381590194,0.0,0.3766031228070175,0.0,32.70144292326317,True
2009-11-28 09:00:00+00:00,6.9,39.35166,0.6034508864195302,0.0,37.996,0.0,0.37571,0.0,98.8599991466908,False
2009-11-28 09:30:00+00:00,6.5,37.78238625,0.6053536366742963,0.0,40.30500229885057,0.0,0.3749413164453189,0.0,192.84764460804806,True
2009-11-28 10:00:00+00:00,6.1,35.16693,0.6104702274085191,0.0,41.772,0.0,0.37429,0.0,305.934045485988,False
2009-11-28 10:30:00+00:00,6.376190476190477,32.91626106907894,0.6399820973074338,156.93999999999997,42.651901234567895,0.0,0.37389993137703426,331.77116,412.78224035748684,True
2009-11-28 11:00:00+00:00,6.9,30.9822,0.6867270000914427,313.88,43.66,0.0,0.37357,663.5423199999999,519.4042289457967,False
2009-11-28 11:30:00+00:00,7.5178095238095235,29.777296430921055,0.7297874078360397,304.44000000000005,47.87376543209876,0.0,0.373215,643.58616,624.0280813172059,True
2009-11-28 12:00:00+00:00,8.2,28.74189,0.7749102102201869,295.0,51.33,0.0,0.37286,623.63,724.7297412073414,False
2009-11-28 12:30:00+00:00,8.881,27.556609709302325,0.8251172018222749,479.08,51.33,0.0,0.3725,1012.7751199999999,820.0202540120863,True
2009-11-28 13:00:00+00:00,9.4,26.50158,0.8668807648782259,663.16,51.33,0.0,0.37214,1401.92024,907.9245829512422,False
2009-11-28 13:30:00+00:00,9.587903225806453,25.763575290697677,0.8857646252535459,439.55,48.439,0.0,0.3718142391837135,929.2087,987.4458476624675,True
2009-11-28 14:00:00+00:00,9.8,25.10667,0.9074091432884536,215.94,45.548,0.0,0.37143,456.49716,1056.5102359413625,False
2009-11-28 14:30:00+00:00,11.23709677419355,24.234851250000006,1.0150096699874234,258.8996343178622,50.327000000000005,0.0,0.37071499999999996,547.3138269479606,1115.0518421576892,True
2009-11-28 15:00:00+00:00,12.5,23.71176,1.1057836995688417,362.26,55.106,0.0,0.37,765.81764,1160.3656483907998,False
2009-11-28 15:30:00+00:00,12.299999999999999,24.028785000000003,1.0877643174309122,738.7903656821379,53.218,0.0,0.3696598255016012,1561.8028330520394,1195.0594471722466,True
2009-11-28 16:00:00+00:00,12.1,24.557160000000003,1.0651315940965465,1054.92,51.33,0.0,0.36929,2230.10088,1212.4166362825445,False
2009-11-28 16:30:00+00:00,12.1,24.92167938202247,1.0595025761676848,939.87,54.162000000000006,0.0,0.36821500000000007,1986.8851799999998,1211.5478338238854,True
2009-11-28 17:00:00+00:00,12.1,25.40256,1.0531959054394222,824.82,56.994,0.0,0.36714,1743.66948,1209.1177419249846,False
2009-11-28 17:30:00+00:00,11.82,26.66015186797753,1.0165104826862024,827.77,48.86409316770186,0.0,0.36677017449839877,1749.90578,1188.651483937379,True
2009-11-28 18:00:00+00:00,11.3,28.31919,0.9598936582990074,830.72,39.884,0.0,0.36643,1756.14208,1150.6937282154563,False
2009-11-28 18:30:00+00:00,10.723478260869566,29.86213935267857,0.9040667643778053,693.9504433497538,38.86890683229814,0.0,0.36571499999999996,1467.0112372413794,1102.3551491074131,True
2009-11-28 19:00:00+00:00,10.1,31.23582,0.850073504854912,505.04,37.996,0.0,0.365,1067.65456,1041.1242598772424,False
2009-11-28 19:30:00+00:00,9.406521739130435,32.19736814732143,0.8017891845044416,415.81607406318165,35.69911627906977,0.0,0.36461576081628655,879.0351805695659,969.5568161621014,True
2009-11-28 20:00:00+00:00,9.0,33.05343,0.768587142140086,351.64,32.332,0.0,0.36429,743.36696,887.8728160665424,False
2009-11-28 20:30:00+00:00,9.0,33.83034744512195,0.7585862058198436,310.419545935481,26.663883720930233,0.0,0.36396035030086193,656.2269201076067,798.1232804647116,True
2009-11-28 21:00:00+00:00,9.0,34.87104,0.7477198792552924,267.86,22.774,0.0,0.36357,566.25604,701.3783006491011,False
2009-11-28 21:30:00+00:00,8.398780487804878,37.79803130487805,0.6861766891463457,165.14393665158374,24.662000000000003,0.0,0.36291402906976744,349.1142820814479,599.6080643165214,True
2009-11-28 22:00:00+00:00,7.3,41.71878,0.5960331830501908,90.86,26.55,0.0,0.36214,192.07804,494.3439804144447,False
2009-11-28 22:30:00+00:00,6.1000000000000005,45.9986175,0.5107074007749551,115.05000000000001,22.715,0.0,0.3613648598130841,243.21570000000003,387.5003285276895,True
2009-11-28 23:00:00+00:00,4.9,48.56652,0.4455376678880853,139.24,17.11,0.0,0.36071,294.35336,280.8721865150774,False
2009-11-28 23:30:00+00:00,3.9483348968105068,48.36045375,0.4173108819051684,108.88000000000001,13.393,0.0,0.36032514018691586,230.17232,165.82196099050412,True
2009-11-29 00:00:00+00:00,3.2,48.01701,0.3995360078073685,61.36,11.446,0.0,0.36,129.71504,75.50372016220973,False
2009-11-29 00:30:00+00:00,2.6721153846153847,47.770354943181815,0.3858981327575045,22.1,15.222,0.0,0.3596456206293706,46.71939999999999,23.950134636124996,True
2009-11-29 01:00:00+00:00,2.3,47.4675,0.3787255843372367,0.0,18.998,0.0,0.35929,0.0,0.0,False
2009-11-29 01:30:00+00:00,2.1,46.87932255681819,0.3779675601368001,0.0,11.387,0.0,0.3588406293706294,0.0,0.0,True
2009-11-29 02:00:00+00:00,1.9,46.15713,0.3772271325596146,0.0,3.776,0.0,0.35857,0.0,0.0,False
2009-11-29 02:30:00+00:00,1.45,45.33814875,0.3716643505324158,0.0,4.484,0.0,0.35857,0.0,0.0,True
2009-11-29 03:00:00+00:00,1.0,44.84676,0.3621963829733695,0.0,5.664,0.0,0.35857,0.0,0.0,False
2009-11-29 03:30:00+00:00,0.8,45.62347125,0.35160415693503005,0.0,6.844,0.0,0.35857,0.0,0.0,True
2009-11-29 04:00:00+00:00,0.6,46.91799,0.3386589596380971,0.0,7.552,0.0,0.35857,0.0,0.0,False
2009-11-29 04:30:00+00:00,0.21772575250836124,48.21250875,0.32161202660506416,0.0,6.608,0.0,0.35763468531468534,0.0,0.0,True
2009-11-29 05:00:00+00:00,-0.3,48.98922,0.3048365128401267,0.0,5.664,0.0,0.35643,0.0,0.0,False
2009-11-29 05:30:00+00:00,-0.9911231884057969,48.450277500000006,0.2925387030386317,0.0,10.443,0.0,0.35593531468531475,0.0,0.0,True
2009-11-29 06:00:00+00:00,-1.7,47.552040000000005,0.2828189859200391,0.0,15.222,0.0,0.35571,0.0,0.0,False
2009-11-29 06:30:00+00:00,-2.3458333333333337,46.9467060326087,0.2742663506154389,0.0,13.334,0.0,0.35571,0.0,0.0,True
2009-11-29 07:00:00+00:00,-2.7,46.11486,0.2698036651008568,0.0,11.446,0.0,0.35571,0.0,0.0,False
2009-11-29 07:30:00+00:00,-2.0,43.44426896739131,0.299710467796638,0.0,18.268,0.0,0.35571,0.0,0.0,True
2009-11-29 08:00:00+00:00,-1.3,39.77436,0.3344763587478038,0.0,25.09,0.0,0.35571,0.0,0.0,False
2009-11-29 08:30:00+00:00,-1.75,35.95564977272728,0.3409374526089562,0.0,16.705,0.0,0.355355,0.0,33.11750772554085,True
2009-11-29 09:00:00+00:00,-2.2,33.43386,0.3459131010765643,0.0,8.32,0.0,0.355,0.0,99.91546402670023,False
2009-11-29 09:30:00+00:00,-2.057638888888889,33.05198897727273,0.3523150561618922,0.0,12.544999999999998,0.0,0.35535500000000003,0.0,193.88016775837517,True
2009-11-29 10:00:00+00:00,-1.7,32.79981,0.3623685189935691,0.0,16.77,0.0,0.35571,0.0,306.65743426601193,False
2009-11-29 10:30:00+00:00,-0.36405922431865845,32.53532566011236,0.40154078390718134,152.7216898954704,16.77,0.0,0.355355,322.8536524390244,413.4005739034515,True
2009-11-29 11:00:00+00:00,1.4,32.16576,0.4584983983940536,379.08,16.77,0.0,0.355,801.3751199999999,519.9620882620779,False
2009-11-29 11:30:00+00:00,2.6620206938527087,30.86097058988764,0.5124258324057204,536.3183101045297,18.107142857142854,0.0,0.355,1133.7769075609754,624.569111475369,True
2009-11-29 12:00:00+00:00,3.6,29.03778,0.561060766684245,619.92,20.93,0.0,0.355,1310.5108799999998,725.30012467282,False
2009-11-29 12:30:00+00:00,4.081105990783411,27.21458941011236,0.5946280704628296,589.3535243553008,26.87285714285714,0.0,0.354645,1245.8933504871059,820.6630195750964,True
2009-11-29 13:00:00+00:00,4.5,25.9098,0.624083805223981,522.72,31.33,0.0,0.35429,1105.03008,908.6849134930684,False
2009-11-29 13:30:00+00:00,5.1085714285714285,25.54023433988764,0.6554833162379246,364.8264756446992,31.33,0.0,0.35429,771.243169512894,988.3621529077647,True
2009-11-29 14:00:00+00:00,5.7,25.27575,0.6843728350966947,243.0,31.33,0.0,0.35429,513.702,1057.625195999493,False
2009-11-29 14:30:00+00:00,6.220000000000001,24.938910937499998,0.7125091088025179,503.14232673267315,35.555,0.0,0.35321499999999995,1063.6428787128712,1116.3918063236579,True
2009-11-29 15:00:00+00:00,6.5,24.6417,0.7294511283533679,803.52,39.78,0.0,0.35214,1698.6412799999998,1161.97592454716,False
2009-11-29 15:30:00+00:00,6.5,24.439596562499997,0.7313442011670824,870.6176732673266,39.78,0.0,0.35214,1840.4857612871285,1197.0514493967946,True
2009-11-29 16:00:00+00:00,6.5,24.26127,0.7331336038439173,897.48,39.78,0.0,0.35214,1897.27272,1214.6292875974364,False
2009-11-29 16:30:00+00:00,6.7,24.02350125,0.7460588198052638,682.5600000000001,37.699999999999996,0.0,0.35154360981308413,1442.93184,1213.9430231001093,True
2009-11-29 17:00:00+00:00,6.9,23.88084,0.7573855207827624,467.64,35.62,0.0,0.35071,988.59096,1211.9988513849223,False
2009-11-29 17:30:00+00:00,6.783333333333333,23.944245,0.7507985681340791,726.84,38.349999999999994,0.0,0.3503146579034513,1536.5397599999997,1191.9354059446587,True
2009-11-29 18:00:00+00:00,6.5,24.04992,0.7351794235608893,986.04,41.86,0.0,0.35,2084.48856,1154.263841679397,False
2009-11-29 18:30:00+00:00,5.416666666666667,24.114848243243244,0.6865610918313012,863.182256214149,43.29,0.0,0.3497111016528339,1824.7672896367112,1106.2679097332036,True
2009-11-29 19:00:00+00:00,4.5,24.219,0.6383259168375643,670.68,43.94,0.0,0.34944,1417.8175199999998,1045.3569272728628,False
2009-11-29 19:30:00+00:00,4.7,25.95583050675676,0.6268960105571587,543.7816200745107,39.779999999999994,0.0,0.34916499999999995,1149.5543448375156,974.0980514998585,True
2009-11-29 20:00:00+00:00,4.9,28.74189,0.6172666548620207,421.2,35.62,0.0,0.34889,890.4168,892.6963382353407,False
2009-11-29 20:30:00+00:00,4.9,31.068115976562503,0.6003490172225622,265.8588566305949,35.62,0.0,0.3485406306306306,562.0256229170775,803.2031695183381,True
2009-11-29 21:00:00+00:00,4.9,33.26478,0.5780875469596517,146.88,35.62,0.0,0.34833,310.50431999999995,706.6805665693659,False
2009-11-29 21:30:00+00:00,4.519230769230769,35.1127165234375,0.5461280950164916,97.60989865969272,35.022773809523805,0.0,0.34833,206.3473257665904,605.0975478183755,True
2009-11-29 22:00:00+00:00,4.0,36.85773,0.5135115262088057,73.44,33.41,0.0,0.34833,155.25215999999998,499.980068461163,False
2009-11-29 22:30:00+00:00,3.730769230769231,38.421375733002826,0.49297078002162203,68.97171624713958,20.357226190476187,0.0,0.3481243693693693,145.80620814645306,393.24185133675735,True
2009-11-29 23:00:00+00:00,3.6,40.45068,0.4708249986362522,64.8,8.32,0.0,0.34778,136.98719999999997,286.67421436164483,False
2009-11-29 23:30:00+00:00,3.6,45.38076301699717,0.432980942474765,46.25765217391305,10.465,0.0,0.3475236845228462,97.78867669565216,172.38468091725557,True
2009-11-30 00:00:00+00:00,3.6,51.77904,0.3812576436849115,23.76,12.61,0.0,0.34722,50.22864,81.29227382220208,False
2009-11-30 00:30:00+00:00,1.93974358974359,58.859265,0.29145978312927323,8.117999999999999,12.61,0.0,0.3465719461077844,17.161452,26.0860857170605,True
2009-11-30 01:00:00+00:00,0.1,63.1074,0.2269852457560839,0.0,12.61,0.0,0.34611,0.0,0.0,False
2009-11-30 01:30:00+00:00,-0.1897435897435897,63.09154875,0.22234740509764286,0.0,12.61,0.0,0.34611,0.0,0.0,True
2009-11-30 02:00:00+00:00,-0.3,63.06513,0.2207199531746704,0.0,12.61,0.0,0.34611,0.0,0.0,False
2009-11-30 02:30:00+00:00,-0.3,63.038711250000006,0.22084625431530922,0.0,10.162551020408163,0.0,0.34611,0.0,0.0,True
2009-11-30 03:00:00+00:00,-0.3,63.02286,0.220972555455948,0.0,7.28,0.0,0.34611,0.0,0.0,False
2009-11-30 03:30:00+00:00,-0.3,63.16552125,0.2198358451901986,0.0,6.672448979591837,0.0,0.34611,0.0,0.0,True
2009-11-30 04:00:00+00:00,-0.3,63.40329,0.2186991349244492,0.0,6.24,0.0,0.34611,0.0,0.0,False
2009-11-30 04:30:00+00:00,-0.1692307692307692,63.631548,0.21995594526663065,0.0,5.590000000000001,0.0,0.34611,0.0,0.0,True
2009-11-30 05:00:00+00:00,0.1,63.78372,0.2228241223489575,0.0,5.2,0.0,0.34611,0.0,0.0,False
2009-11-30 05:30:00+00:00,0.5499999999999999,63.809082,0.2298500849829014,0.0,7.8325,0.0,0.3464021469329529,0.0,0.0,True
2009-11-30 06:00:00+00:00,1.0,63.82599,0.2375580397387805,0.0,10.465,0.0,0.34722,0.0,0.0,False
2009-11-30 06:30:00+00:00,1.2692307692307692,63.852408749999995,0.24049494373564664,0.0,9.424999999999999,0.0,0.35434238319209443,0.0,0.0,True
2009-11-30 07:00:00+00:00,1.4,63.86826,0.2442180368084077,0.0,8.385,0.0,0.36714,0.0,0.0,False
2009-11-30 07:30:00+00:00,1.2692307692307692,58.79586,0.27783067067078626,0.0,12.024999999999999,0.0,0.38487814177597574,0.0,0.0,True
2009-11-30 08:00:00+00:00,1.0,50.34186,0.3261095575379652,0.0,15.665,2.0,0.4,0.0,0.0,False
2009-11-30 08:30:00+00:00,0.48076923076923084,41.887859999999996,0.3662845647265194,0.0,10.4325,0.0,0.405661889239262,0.0,33.44904061227614,True
2009-11-30 09:00:00+00:00,0.1,36.81546,0.3887489182081263,0.0,5.2,1.0,0.40917,0.0,100.74962803587276,False
2009-11-30 09:30:00+00:00,0.27307692307692316,37.655576249999996,0.38878423924314515,0.0,8.492782079646018,0.0,0.4117907188597149,0.0,194.66408407384955,True
2009-11-30 10:00:00+00:00,0.6,39.05577,0.3888192916535171,0.0,13.585,0.5,0.41333,0.0,307.1573987892198,False
2009-11-30 10:30:00+00:00,0.9999999999999999,40.05547822580645,0.39281991226104324,109.9708187919463,16.792528925138672,0.0,0.41392471999999997,232.47831092617452,413.7968936367044,True
2009-11-30 11:00:00+00:00,1.4,41.29608,0.3967856542573875,265.14,19.89,1.0,0.41417,560.50596,520.3010151121541,False
2009-11-30 11:30:00+00:00,1.6197802197802198,43.80478177419355,0.38434107266984696,354.7722639148206,23.970244550770865,0.0,0.41388944,749.9885659159307,624.8958378764514,True
2009-11-30 12:00:00+00:00,1.9,46.91799,0.3718964910823065,402.3,27.17,0.3,0.41333,850.4621999999999,725.6623698815526,False
2009-11-30 12:30:00+00:00,3.507142857142857,50.431683750000005,0.38823960160280435,407.0869172932331,28.441111111111113,0.0,0.4125,860.5817431578947,821.1051686616069,True
2009-11-30 13:00:00+00:00,4.9,52.5399,0.4111186385159104,408.78,29.25,0.3,0.41167,864.1609199999999,909.2534609514584,False
2009-11-30 13:30:00+00:00,4.05,49.32209625,0.4204113589554222,344.52,29.71533333333333,0.0,0.41124999999999995,728.3152799999999,989.0965607542929,True
2009-11-30 14:00:00+00:00,3.2,43.95909,0.430724770839308,280.26,30.29,0.0,0.41083,592.4696399999999,1058.5691698882376,False
2009-11-30 14:30:00+00:00,3.2,39.511127754237286,0.4674786990051101,451.0059417040358,33.55693258426966,0.0,0.4101099590384615,953.4265607623317,1117.572318637064,True
2009-11-30 15:00:00+00:00,3.2,35.37828,0.4966760093339299,661.5,37.7,0.0,0.40917,1398.4109999999998,1163.4390327911983,False
2009-11-30 15:30:00+00:00,2.1,32.06969724576271,0.48148450207009835,731.594058295964,40.44606741573034,0.0,0.4076706009615384,1546.589839237668,1198.9121642192888,True
2009-11-30 16:00:00+00:00,1.0,28.99551,0.4662929948062668,761.94,41.86,0.0,0.40667,1610.74116,1216.7199860436813,False
2009-11-30 16:30:00+00:00,3.75,25.006278749999996,0.6076919962212826,571.32,39.25999999999999,0.0,0.4070849999999999,1207.77048,1216.2198047238442,True
2009-11-30 17:00:00+00:00,6.5,22.61274,0.7490909976362983,380.7,36.66,0.5,0.4075,804.7997999999999,1214.7829019028254,False
2009-11-30 17:30:00+00:00,4.8500000000000005,23.50041,0.6628441061197865,521.3862101313322,37.35333333333333,0.0,0.4075,1102.210448217636,1195.1394358586956,True
2009-11-30 18:00:00+00:00,3.2,24.97986,0.5765972146032747,664.2,38.74,0.0,0.4075,1404.1188,1157.75977480833,False
2009-11-30 18:30:00+00:00,4.76081081081081,26.063622781065085,0.6399309252897012,667.4237898686679,41.166666666666664,0.0,0.4068731231231231,1410.933891782364,1110.1170094839688,True
2009-11-30 19:00:00+00:00,6.5,27.34698,0.7032646359761274,668.52,42.9,0.0,0.40583,1413.25128,1049.5347224289949,False
2009-11-30 19:30:00+00:00,6.789189189189189,29.53385846893491,0.694508609124987,608.3321796276012,40.17906976744186,0.0,0.40504127591533845,1286.014227732749,978.5923954945345,True
2009-11-30 20:00:00+00:00,6.9,32.12349,0.6753711664089093,491.4,36.66,0.0,0.40417,1038.8195999999998,897.4794152896097,False
2009-11-30 20:30:00+00:00,6.5,34.551173738207545,0.6362035994833605,305.07782037239866,35.60347304077732,0.0,0.4030165831043956,644.9345122672506,808.247714733861,True
2009-11-30 21:00:00+00:00,6.1,36.9,0.5941515857490253,175.5,34.515,0.0,0.40167,371.007,711.9509567506071,False
2009-11-30 21:30:00+00:00,6.1,39.026908761792455,0.5747523393478514,181.6150909090909,31.270902167857386,0.0,0.40009052549073065,383.93430218181817,610.5570693336512,True
2009-11-30 22:00:00+00:00,6.1,41.08473,0.5547480363761009,195.48,27.17,0.0,0.39857,413.24472,505.5864154309608,False
2009-11-30 22:30:00+00:00,5.5638297872340425,43.15923334756098,0.5141665280639752,233.9149090909091,24.09798359535202,0.0,0.39739779208630016,494.4961178181818,398.9522441157702,True
2009-11-30 23:00:00+00:00,4.5,45.26946,0.4610116272484525,264.6,20.93,0.0,0.39643,559.3644,292.442062775464,False
2009-11-30 23:30:00+00:00,2.9606493794326245,47.49064540243902,0.3978073280246727,167.9355918367347,16.31511463844797,0.0,0.3956193100931961,355.0158411428572,178.87166774452749,True
2009-12-01 00:00:00+00:00,1.4,49.75008,0.3396442245012153,50.76,12.61,0.0,0.395,107.30664,87.03594596941323,False
2009-12-01 00:30:00+00:00,0.2755208333333332,52.5504675,0.29587746920776936,15.124408163265304,11.068456790123458,0.0,0.3945263901869159,31.972998857142855,28.234846889192728,True
2009-12-01 01:00:00+00:00,-0.3,54.2307,0.2735138299616986,0.0,10.4,0.0,0.39429,0.0,0.0,False
2009-12-01 01:30:00+00:00,-0.24999999999999997,54.2307,0.2745246000258137,0.0,10.4,0.0,0.39429,0.0,0.0,True
2009-12-01 02:00:00+00:00,0.1,54.2307,0.2815999904746192,0.0,10.4,0.0,0.39429,0.0,0.0,False
