Data set,feature,impurity share,"permutation share, train","permutation share, test","R2 drop, train","R2 drop, test","R2 drop sd, test"
pft_deciduous_rf,ta,0.22146596839774207,0.2913183974498224,0.30148432244275347,0.7281440041018709,0.5456964364293413,0.006707520955813087
pft_deciduous_rf,vpd,0.11871879174545864,0.15080799013223303,0.12372989748781425,0.37694129429073764,0.22395514165314054,0.0030731694234045256
pft_deciduous_rf,ppfd_in,0.4885711028577957,0.375735733081647,0.4245901964106262,0.9391433001321042,0.768522075200471,0.016781446301772508
pft_deciduous_rf,swc_shallow,0.1712441369990036,0.1821378793362975,0.15019558365880603,0.45524967156047325,0.2718588950362367,0.005953350289628818
pft_evergreen_rf,ta,0.16861873603311667,0.24293489283399658,0.24490889000900473,0.6166970878605523,0.39456729933502965,0.0035733469438958172
pft_evergreen_rf,vpd,0.16088371987453481,0.20046089063295727,0.1846439171898193,0.5088756334716912,0.2974757336965153,0.0028782588359338975
pft_evergreen_rf,ppfd_in,0.4446407086211536,0.3235618776523739,0.3534201027099966,0.8213709663653038,0.569387315633438,0.003750185169332327
pft_evergreen_rf,swc_shallow,0.22585683547119498,0.23304233888067225,0.21702709009117946,0.5915845602061274,0.3496475477744739,0.00773325231668308
pft_mixed_rf,ta,0.1459515518126046,0.2141001745600905,0.20602109411562256,0.48716177452441023,0.3193930364423538,0.0072710517446019805
pft_mixed_rf,vpd,0.20958375688319597,0.2586517384695225,0.2593246864347938,0.588534036254468,0.4020292163791074,0.004330942225136608
pft_mixed_rf,ppfd_in,0.4801224254338257,0.348267220274423,0.38766448802847703,0.7924443657562417,0.60099349769882,0.003217884684855887
pft_mixed_rf,swc_shallow,0.1643422658703738,0.1789808666959639,0.1469897314211067,0.4072515905448304,0.2278771348437048,0.0037623129459041695
biome_WoodlandShrubland_rf,ta,0.10333655189392188,0.1667964998396721,0.13437151345908369,0.38512128414827573,0.20873492298887011,0.0026146018734041184
biome_WoodlandShrubland_rf,vpd,0.20868151753955383,0.269478609866426,0.2759628804501638,0.6222069910460192,0.42868528541275924,0.002397304051558437
biome_WoodlandShrubland_rf,ppfd_in,0.4569184645794203,0.32842544723497563,0.36264448158934526,0.7583110563332205,0.5633379128377565,0.003355684848048067
biome_WoodlandShrubland_rf,swc_shallow,0.23106346598710406,0.23529944305892633,0.22702112450140718,0.5432897198522288,0.3526583553297359,0.0034409417465196207
biome_Temperate forest_rf,ta,0.18512167348115782,0.266369307208043,0.2784542444352493,0.6873349853678945,0.43680728802671265,0.006383488098064623
biome_Temperate forest_rf,vpd,0.17690389902944853,0.22755324205125949,0.2174440261410272,0.5871746483672828,0.3411014098524839,0.004707101081269797
biome_Temperate forest_rf,ppfd_in,0.45967185967015667,0.3256829236779113,0.3614942375002098,0.8403868671171398,0.5670709665065611,0.006050560156268061
biome_Temperate forest_rf,swc_shallow,0.17830256781923698,0.18039452706278625,0.14260749192351382,0.4654870747638619,0.22370638280533212,0.0010726403457539599
biome_Tropical rain forest_rf,ta,0.07198809542487059,0.09964037478524446,0.0785722446686905,0.16378994252207,0.11107181266331008,0.0027959687738168563
biome_Tropical rain forest_rf,vpd,0.08879514662735548,0.2675615043233304,0.26892235272652154,0.43982053970281393,0.38015578285902374,0.009557566832666458
biome_Tropical rain forest_rf,ppfd_in,0.7408064926804642,0.4425163676259632,0.47048639040509815,0.7274132657042663,0.665092061911472,0.007746830320955756
biome_Tropical rain forest_rf,swc_shallow,0.09841026526730971,0.190281753265462,0.18201901219968983,0.3127872360729425,0.25730691174030884,0.002005054313519005
biome_Tropical forest savanna_rf,ta,0.13100491222001012,0.19355244423274495,0.17870401508305403,0.4400616989772061,0.35706487813972637,0.012569725427481871
biome_Tropical forest savanna_rf,vpd,0.08453086991168879,0.14436207899070097,0.14786660659195167,0.3282222655485426,0.2954492759390539,0.0014320293194812173
biome_Tropical forest savanna_rf,ppfd_in,0.5560055997435129,0.4211309639182226,0.44086462708836394,0.9574852346008695,0.8808826946292265,0.015683404290799466
biome_Tropical forest savanna_rf,swc_shallow,0.22845861812478815,0.24095451285833155,0.23256475123663034,0.5478352532565104,0.4646829256819406,0.015971951177340165
biome_Temperate grassland desert_rf,ta,0.07522936596307485,0.08659001885783281,0.05459158913497752,0.2273120172762173,0.11305844727712624,0.0020995217546160953
biome_Temperate grassland desert_rf,vpd,0.1581376031697588,0.17189220402242422,0.1615672252836225,0.45124327452271784,0.3346035517719782,0.0068821548284363305
biome_Temperate grassland desert_rf,ppfd_in,0.42333456033380157,0.3816274042113487,0.40685498273518195,1.0018301906319649,0.8425912002904112,0.0096775469230677
biome_Temperate grassland desert_rf,swc_shallow,0.3432984705333649,0.3598903729083943,0.37698620284621803,0.9447671653520727,0.7807333586372016,0.006762480808650372
