Site,Location,Latitude (deg),Longitude (deg),Biome,Functional Type,Species,MAP (mm/yr),MAT (C),Record (days),Average Wind Speed (m/s),Average Sap Flux (cm/h)
AUS_RIC_EUC_ELE,AUS_RIC_EUC_ELE,-33.62,150.74,Woodland/Shrubland,Evergreen,Eucalyptus tereticornis,898.62,17.6,707,2.56,6.24
AUS_WOM,AUS_WOM,-37.42,144.09,Temperate forest,Evergreen,Eucalyptus obliqua; Eucalyptus rubida,1023.83,10.92,1034.6,4.68,8.19
CAN_TUR_P39,CAN_TUR_P39 +1,42.71,-80.36,Temperate forest,Evergreen,Pinus strobus,1000.34,9,2327.3,3.73,3.4
CAN_TUR_P74,CAN_TUR_P39 +1,42.71,-80.35,Temperate forest,Evergreen,Pinus strobus,1002.62,9,1754.5,3.73,2.52
CHE_DAV_SEE,CHE_DAV_SEE,46.82,9.86,Temperate forest,Evergreen,Picea abies,840.05,3.84,334.3,2.59,0.37
CRI_TAM_TOW,CRI_TAM_TOW,10.39,-84.63,Tropical rain forest,-,Mixed (16 species),3625.91,22.97,290,2.9,1.45
CZE_LIZ_LES,CZE_LIZ_LES,49.07,13.68,Temperate forest,Evergreen,Picea abies,837.05,6.03,696,3.55,0.84
DEU_STE_2P3,DEU_STE_2P3 +1,53.1,13,Woodland/Shrubland,Deciduous,Fagus sylvatica,594.6,8.9,372.9,3.78,2.32
DEU_STE_4P5,DEU_STE_2P3 +1,53.1,13,Woodland/Shrubland,Deciduous,Fagus sylvatica,594.6,8.9,379.1,3.78,2.92
ESP_CAN,ESP_CAN,41.43,2.07,Woodland/Shrubland,Mixed,Arbutus unedo; Pinus halepensis; Quercus ilex; Quercus pubescens,763.38,15.38,646.3,2.99,1.66
ESP_SAN_A2_45I,ESP_SAN_A2_45I +3,37.25,-5.8,Tropical forest savanna,Evergreen,Olea europaea,598.13,18.5,130.7,2.88,5.85
ESP_SAN_A_45I,ESP_SAN_A2_45I +3,37.25,-5.8,Tropical forest savanna,Evergreen,Olea europaea,598.13,18.5,157,2.88,3.38
ESP_SAN_B2_100,ESP_SAN_A2_45I +3,37.25,-5.8,Tropical forest savanna,Evergreen,Olea europaea,598.13,18.5,130.7,2.88,6.99
ESP_SAN_B_100,ESP_SAN_A2_45I +3,37.25,-5.8,Tropical forest savanna,Evergreen,Olea europaea,598.13,18.5,186.5,2.88,3.48
ESP_TIL_MIX,ESP_TIL_MIX +2,41.33,1.01,Woodland/Shrubland,Evergreen,Pinus sylvestris; Quercus ilex,651.27,10.48,1120,3.6,0.62
ESP_TIL_OAK,ESP_TIL_MIX +2,41.33,1.01,Woodland/Shrubland,Evergreen,Quercus ilex,651.3,10.5,386.3,3.6,0.89
ESP_TIL_PIN,ESP_TIL_MIX +2,41.33,1.01,Woodland/Shrubland,Evergreen,Pinus sylvestris,674.24,10.09,310,3.6,0.48
ESP_VAL_SOR,ESP_VAL_SOR,42.2,1.81,Woodland/Shrubland,Evergreen,Pinus sylvestris,622.9,8.5,312.9,4.65,1.47
FIN_PET,FIN_PET,69.49,27.23,Woodland/Shrubland,Deciduous,Betula pubescens subsp. czerepanovii,415.5,-0.21,67.5,2.46,2.15
FRA_PUE,FRA_PUE,43.74,3.6,Woodland/Shrubland,Evergreen,Quercus ilex,1022.97,13.8,3566.8,4.37,1.92
GBR_ABE_PLO,GBR_ABE_PLO,56.62,-3.8,Temperate forest,Evergreen,Picea sitchensis,971.23,7.32,89.5,4.36,0.75
GBR_DEV_CON,GBR_DEV_CON +1,56.03,-3.72,Woodland/Shrubland,Evergreen,Pinus sylvestris,814.97,9.4,194.6,4.59,2.04
GBR_DEV_DRO,GBR_DEV_CON +1,56.03,-3.72,Woodland/Shrubland,Evergreen,Pinus sylvestris,814.97,9.4,194.9,4.59,1.48
GBR_GUI_ST1,GBR_GUI_ST1 +2,57.27,-4.82,Temperate forest,Evergreen,Pinus sylvestris,1472.95,6.95,148.1,4.23,1.04
GBR_GUI_ST2,GBR_GUI_ST1 +2,57.27,-4.82,Temperate forest,Evergreen,Pinus sylvestris,1472.95,6.95,105.8,4.23,1.48
GBR_GUI_ST3,GBR_GUI_ST1 +2,57.27,-4.82,Temperate forest,Evergreen,Pinus sylvestris,1472.95,6.95,79.6,4.23,1.7
GUF_GUY_GUY,GUF_GUY_GUY,5.28,-52.92,Tropical rain forest,Mixed,Goupia glabra; Iryanthera sagotiana; Licania membranacea; Oxandra asbeckii; Sloanea sp; Vacapoua americana,2706.43,26.15,769.7,2.14,6.52
GUF_GUY_ST2,GUF_GUY_ST2,5.28,-52.91,Tropical rain forest,Evergreen,Dicorynia guianensis; Goupia glabra; Oxandra asbeckii; Recordoxylon speciosum; Sloanea sp; Vantanea sp; Vouacapoua americana,2815.74,26.1,201.8,2.21,7.38
IDN_JAM_OIL,IDN_JAM_OIL,-2.07,102.79,Tropical rain forest,Evergreen,Elaeis guineensis,2825.82,26.2,87,1.3,2.8
IDN_JAM_RUB,IDN_JAM_RUB,-2.1,102.78,Tropical rain forest,Deciduous,Hevea brasiliensis,2930.83,26.2,153.8,1.29,7.82
ITA_TOR,ITA_TOR,45.82,7.56,Temperate forest,Deciduous,Larix decidua,754.65,2.13,438.3,2.79,2.1
NLD_LOO,NLD_LOO,52.17,5.74,Woodland/Shrubland,Evergreen,Pinus sylvestris,869.6,9.91,1167.7,4.02,1.1
NZL_HUA_HUA,NZL_HUA_HUA,-36.8,174.49,Temperate forest,Evergreen,Agathis australis,1371.23,14.97,1253,4.87,1.59
PRT_LEZ_ARN,PRT_LEZ_ARN,38.83,-8.82,Woodland/Shrubland,Evergreen,Quercus suber,713.17,17,430.8,3.38,7.69
SWE_NOR_ST1_ST3,SWE_NOR_ST1_ST3 +4,60.09,17.48,Woodland/Shrubland,Evergreen,Picea abies; Pinus sylvestris,564.15,6.1,490.6,2.88,1.27
SWE_NOR_ST2,SWE_NOR_ST1_ST3 +4,60.09,17.48,Woodland/Shrubland,Evergreen,Picea abies; Pinus sylvestris,564.15,6.1,35.1,2.88,1.59
SWE_NOR_ST4_AFT,SWE_NOR_ST1_ST3 +4,60.08,17.48,Woodland/Shrubland,Mixed,Betula pubescens; Picea abies; Pinus sylvestris,564.14,6.1,324.4,2.88,3.7
SWE_NOR_ST4_BEF,SWE_NOR_ST1_ST3 +4,60.08,17.48,Woodland/Shrubland,Evergreen,Picea abies; Pinus sylvestris,564.14,6.1,148.8,2.88,2.64
SWE_NOR_ST5_REF,SWE_NOR_ST1_ST3 +4,60.08,17.48,Woodland/Shrubland,Mixed,Betula pubescens; Picea abies; Pinus sylvestris,564.14,6.1,463.3,2.88,2.73
THA_KHU,THA_KHU,15.27,103.08,Tropical forest savanna,Deciduous,Hevea brasiliensis,1178.01,27.21,341.5,1.47,4.37
USA_DUK_HAR,USA_DUK_HAR,36.98,-79.09,Temperate forest,Deciduous,Carya tomentosa; Liquidambar styraciflua; Liriodendron tulipifera; Quercus alba; Quercus michauxii; Quercus phellos,1189.05,14.59,1093.5,2.41,3.26
USA_HIL,USA_HIL,36.22,-78.86,Temperate forest,Mixed,Acer rubrum; Fagus grandifolia; Liquidambar styraciflua; Liriodendron tulipifera; Pinus taeda; Pinus virginiana; Quercus alba,1218.95,15.14,1276,2.44,4.76
USA_INM,USA_INM,39.32,-86.41,Temperate forest,Deciduous,Acer saccharum; Fraxinus americana; Liriodendron tulipifera; Quercus alba; Sassafras albidum; Ulmus americana,1157.88,12.03,306.9,3.67,5.31
USA_PAR_FER,USA_PAR_FER,35.8,-76.67,Temperate forest,Evergreen,Pinus taeda,1284.44,16.6,1183.4,2.88,1.82
USA_PJS_P04_AMB,USA_PJS_P04_AMB +2,34.39,-106.53,Temperate grassland desert,Evergreen,Juniperus monosperma; Pinus edulis,311.43,12.67,1725,3.93,1.41
USA_PJS_P08_AMB,USA_PJS_P04_AMB +2,34.39,-106.53,Temperate grassland desert,Evergreen,Juniperus monosperma; Pinus edulis,311.43,12.67,1702.2,3.93,1.4
USA_PJS_P12_AMB,USA_PJS_P04_AMB +2,34.39,-106.53,Temperate grassland desert,Evergreen,Juniperus monosperma; Pinus edulis,311.43,12.67,1668.2,3.93,1.36
USA_SIL_OAK,USA_SIL_OAK,39.92,-74.6,Temperate forest,Mixed,Pinus rigida; Quercus coccinea; Quercus montana; Quercus velutina,1180.34,12.9,482.1,3.49,4.8
USA_SYL_HL2,USA_SYL_HL2,46.24,-89.35,Temperate forest,Mixed,Acer saccharum; Betula alleghaniensis; Ostrya virginiana; Tsuga canadensis,878.58,4.3,471.8,3.58,0.95
USA_TNB,USA_TNB,36.47,-84.7,Temperate forest,Deciduous,Acer rubrum; Quercus coccinea; Quercus falcata; Quercus velutina,1409.43,13.51,442.2,2.36,2.97
USA_TNO,USA_TNO +1,35.97,-84.28,Temperate forest,Deciduous,Acer rubrum; Liriodendron tulipifera; Quercus alba; Quercus prinus; Quercus rubra,1497.08,14.61,409.8,1.98,3.7
USA_TNP,USA_TNO +1,35.96,-84.29,Temperate forest,Mixed,Acer rubrum; Cornus florida; Fagus sylvatica; Liriodendron tulipifera; Pinus taeda,1488.66,14.63,642.5,1.98,2.96
USA_TNY,USA_TNY,35.69,-83.5,Temperate forest,Deciduous,Acer rubrum; Liriodendron tulipifera; Prunus serotina,1285.13,12.76,288.1,2.39,5.4
USA_UMB_CON,USA_UMB_CON,45.56,-84.71,Temperate forest,Mixed,Acer rubrum; Betula papyrifera; Pinus strobus; Populus grandidentata; Quercus rubra,821.47,6.1,521.7,3.64,4.91
USA_UMB_GIR,USA_UMB_GIR,45.56,-84.7,Temperate forest,Mixed,Acer rubrum; Fagus grandifolia; Pinus strobus; Quercus rubra,793.83,6.1,598.5,3.62,5.01
USA_WIL_WC1,USA_WIL_WC1,45.81,-90.09,Temperate forest,Deciduous,Acer saccharum; Fraxinus pennsylvanica; Ostrya virginiana; Quercus rubra; Tilia americana,872.01,5,140.5,3.21,10.85
USA_WVF,USA_WVF,39.06,-79.69,Temperate forest,Deciduous,Acer rubrum; Acer saccharum; Prunus serotina; Quercus alba; Quercus rubra,1408.36,9.4,356.8,3.29,1.83
ZAF_FRA_FRA,ZAF_FRA_FRA,-33.88,19.06,Woodland/Shrubland,Deciduous,Populus canescens,973.82,16.7,279.2,3.79,2.47
ZAF_NOO_E3_IRR,ZAF_NOO_E3_IRR,-33.2,19.34,Woodland/Shrubland,Deciduous,Malus domestica,637.89,12.67,801,3.19,4.78
ZAF_SOU_SOU,ZAF_SOU_SOU,-34.09,19.09,Woodland/Shrubland,Deciduous,Malus domestica,929.33,15.28,273.6,4.06,5.76
