location,label,biome,pft,n_sites,n_trees,sites,lat,lon
AUS_WOM,AUS_WOM,Temperate forest,evergreen,1,11,AUS_WOM,-37.4222,144.0944
CAN_TUR_P39_POS_P39_PRE_P74,CAN_TUR_P39 +1,Temperate forest,evergreen,2,49,CAN_TUR_P39; CAN_TUR_P74,42.70829,-80.35286
CHE_DAV_SEE,CHE_DAV_SEE,Temperate forest,evergreen,1,5,CHE_DAV_SEE,46.81668,9.8562
CZE_LIZ_LES,CZE_LIZ_LES,Temperate forest,evergreen,1,6,CZE_LIZ_LES,49.06668,13.67975
GBR_ABE_PLO,GBR_ABE_PLO,Temperate forest,evergreen,1,15,GBR_ABE_PLO,56.616,-3.8
GBR_GUI_ST1_ST2_ST3,GBR_GUI_ST1 +2,Temperate forest,evergreen,3,32,GBR_GUI_ST1; GBR_GUI_ST2; GBR_GUI_ST3,57.26667,-4.81667
ITA_TOR,ITA_TOR,Temperate forest,deciduous,1,4,ITA_TOR,45.82376,7.56089
NZL_HUA_HUA,NZL_HUA_HUA,Temperate forest,evergreen,1,6,NZL_HUA_HUA,-36.7958,174.4903
USA_DUK_HAR,USA_DUK_HAR,Temperate forest,deciduous,1,40,USA_DUK_HAR,36.97818,-79.09419
USA_HIL_HF1_POS_HF1_PRE_HF2,USA_HIL,Temperate forest,mixed,1,80,USA_HIL,36.21737,-78.86412
USA_INM,USA_INM,Temperate forest,deciduous,1,9,USA_INM,39.32323,-86.41324
USA_PAR_FER,USA_PAR_FER,Temperate forest,evergreen,1,8,USA_PAR_FER,35.80311,-76.66792
USA_SIL_OAK_1PR_2PR,USA_SIL_OAK,Temperate forest,mixed,1,40,USA_SIL_OAK,39.91563,-74.59556
USA_SYL_HL2,USA_SYL_HL2,Temperate forest,mixed,1,20,USA_SYL_HL2,46.24202,-89.34765
USA_TNB,USA_TNB,Temperate forest,deciduous,1,8,USA_TNB,36.4712,-84.70407
USA_TNO_TNP,USA_TNO +1,Temperate forest,deciduous; mixed,2,18,USA_TNO; USA_TNP,35.9632,-84.2849
USA_TNY,USA_TNY,Temperate forest,deciduous,1,8,USA_TNY,35.68764,-83.5012
USA_UMB_CON,USA_UMB_CON,Temperate forest,mixed,1,57,USA_UMB_CON,45.55972,-84.71333
USA_UMB_GIR,USA_UMB_GIR,Temperate forest,mixed,1,57,USA_UMB_GIR,45.5625,-84.6975
USA_WIL_WC1,USA_WIL_WC1,Temperate forest,deciduous,1,16,USA_WIL_WC1,45.81306,-90.08667
USA_WVF,USA_WVF,Temperate forest,deciduous,1,8,USA_WVF,39.05887,-79.69067
USA_PJS_P04_AMB_P08_AMB_P12_AMB,USA_PJS_P04_AMB +2,Temperate grassland desert,evergreen,3,30,USA_PJS_P04_AMB; USA_PJS_P08_AMB; USA_PJS_P12_AMB,34.38639,-106.52944
ESP_SAN_A2_45I_A_45I_B2_100_B_100,ESP_SAN_A2_45I +3,Tropical forest savanna,evergreen,4,12,ESP_SAN_A2_45I; ESP_SAN_A_45I; ESP_SAN_B2_100; ESP_SAN_B_100,37.2491,-5.79707
THA_KHU,THA_KHU,Tropical forest savanna,deciduous,1,6,THA_KHU,15.273,103.081
CRI_TAM_TOW,CRI_TAM_TOW,Tropical rain forest,missing,1,26,CRI_TAM_TOW,10.38694,-84.62583
GUF_GUY_GUY,GUF_GUY_GUY,Tropical rain forest,mixed,1,6,GUF_GUY_GUY,5.27877,-52.92486
GUF_GUY_ST2,GUF_GUY_ST2,Tropical rain forest,evergreen,1,11,GUF_GUY_ST2,5.28167,-52.91222
IDN_JAM_OIL,IDN_JAM_OIL,Tropical rain forest,evergreen,1,10,IDN_JAM_OIL,-2.07089,102.79183
IDN_JAM_RUB,IDN_JAM_RUB,Tropical rain forest,deciduous,1,10,IDN_JAM_RUB,-2.09528,102.78322
AUS_RIC_EUC_ELE,AUS_RIC_EUC_ELE,Woodland/Shrubland,evergreen,1,10,AUS_RIC_EUC_ELE,-33.61778,150.74028
DEU_STE_2P3_4P5,DEU_STE_2P3 +1,Woodland/Shrubland,deciduous,2,20,DEU_STE_2P3; DEU_STE_4P5,53.1,13.0
ESP_CAN,ESP_CAN,Woodland/Shrubland,mixed,1,21,ESP_CAN,41.43099,2.07361
ESP_TIL_MIX_OAK_PIN,ESP_TIL_MIX +2,Woodland/Shrubland,evergreen,3,51,ESP_TIL_MIX; ESP_TIL_OAK; ESP_TIL_PIN,41.33112,1.01172
ESP_VAL_SOR,ESP_VAL_SOR,Woodland/Shrubland,evergreen,1,13,ESP_VAL_SOR,42.19605,1.81356
FIN_PET,FIN_PET,Woodland/Shrubland,deciduous,1,7,FIN_PET,69.49182,27.23108
FRA_PUE,FRA_PUE,Woodland/Shrubland,evergreen,1,25,FRA_PUE,43.74139,3.59583
GBR_DEV_CON_DRO,GBR_DEV_CON +1,Woodland/Shrubland,evergreen,2,8,GBR_DEV_CON; GBR_DEV_DRO,56.03333,-3.71667
NLD_LOO,NLD_LOO,Woodland/Shrubland,evergreen,1,6,NLD_LOO,52.16648,5.74355
PRT_LEZ_ARN,PRT_LEZ_ARN,Woodland/Shrubland,evergreen,1,4,PRT_LEZ_ARN,38.83333,-8.81667
SWE_NOR_ST1_BEF_ST2_ST3_ST4_AFT_ST4_BEF_ST5_REF,SWE_NOR_ST1_ST3 +4,Woodland/Shrubland,evergreen; mixed,5,192,SWE_NOR_ST1_ST3; SWE_NOR_ST2; SWE_NOR_ST4_AFT; SWE_NOR_ST4_BEF; SWE_NOR_ST5_REF,60.0842,17.4776
ZAF_FRA_FRA,ZAF_FRA_FRA,Woodland/Shrubland,deciduous,1,3,ZAF_FRA_FRA,-33.88433,19.06098
ZAF_NOO_E3_IRR,ZAF_NOO_E3_IRR,Woodland/Shrubland,deciduous,1,6,ZAF_NOO_E3_IRR,-33.20099,19.33752
ZAF_SOU_SOU,ZAF_SOU_SOU,Woodland/Shrubland,deciduous,1,2,ZAF_SOU_SOU,-34.087,19.0933
