TIMESTAMP,ARG_MAZ_Npu_Jt_1,ARG_MAZ_Npu_Jt_2,ARG_MAZ_Npu_Jt_3,ARG_MAZ_Npu_Jt_4,ARG_MAZ_Npu_Jt_5,interpolated
2009-11-19 03:00:00+00:00,3.470224658242799,2.04760970630647,3.804770078549041,3.930592248149324,3.524436715226222,False
2009-11-19 03:30:00+00:00,3.3297714179428133,2.0431328506338047,3.4584625376741824,3.7828063328409858,3.5441394372133828,True
2009-11-19 04:00:00+00:00,3.253911619324986,2.042493299823424,3.237315160568936,3.7077143624591216,3.546954111782977,False
2009-11-19 04:30:00+00:00,3.2396598422926766,2.100032557006837,3.1334617837860628,3.6986925649066804,3.505144592699425,True
2009-11-19 05:00:00+00:00,3.224691363543454,2.15757181419025,3.0649828230754057,3.6891568275009687,3.412041424851741,False
2009-11-19 05:30:00+00:00,3.0673408818891588,2.1513422811716,3.0201557277793585,3.26181364756634,3.2061794998864976,True
2009-11-19 06:00:00+00:00,2.8361940079461903,2.1403241012959247,2.969504484702566,2.843549977822564,2.983884851638729,False
2009-11-19 06:30:00+00:00,2.6336615555736302,2.1317421106872243,2.8415570459782877,2.9340831408576165,2.850953978462636,True
2009-11-19 07:00:00+00:00,2.518513613145988,2.118788588255208,2.6578516970188955,3.024616303892669,2.7857494773332,False
2009-11-19 07:30:00+00:00,2.571464623599915,2.060622760648391,2.3852854186072285,2.9627959246749564,2.826951087188362,True
2009-11-19 08:00:00+00:00,2.672315575049195,1.9960765537177545,2.2050206704254416,2.900975545457244,2.904431847964899,False
2009-11-19 08:30:00+00:00,2.823280040738195,1.967494374964482,2.4815847328026566,2.9036592993474084,2.982691388007898,True
2009-11-19 09:00:00+00:00,2.926344565431842,1.9544527542153705,2.7654744744943978,2.911518131383514,3.091132446975608,False
2009-11-19 09:30:00+00:00,2.909849982975074,2.1247624081745253,2.772993934682826,3.1140639415492624,3.2991557226070536,True
2009-11-19 10:00:00+00:00,2.893355400518306,2.394160543143489,2.7805191298400014,3.478569107730713,3.5525834609221785,False
2009-11-19 10:30:00+00:00,3.045248118875455,2.554665044646527,2.970495820102295,3.8446290326291175,3.743438569559708,True
2009-11-19 11:00:00+00:00,3.387869323020427,2.7549424561667397,3.35826069820313,4.292839112218006,3.986876883543499,False
2009-11-19 11:30:00+00:00,4.134484992363767,3.2462706390930145,3.9681952554284337,4.860852477080226,4.575389840957093,True
2009-11-19 12:00:00+00:00,5.056371628573748,3.961280102976731,4.773239182295855,5.57877152710353,5.34211475609674,False
2009-11-19 12:30:00+00:00,5.739699143173939,4.971203090863103,5.700330744955183,6.460406544098787,6.0440066370243715,True
2009-11-19 13:00:00+00:00,6.360522644845262,5.778825167002172,6.616352134178535,7.684523747344632,6.728513414405878,False
2009-11-19 13:30:00+00:00,6.987063458302278,5.976231885146624,7.382285843954339,10.564614657829843,7.4732598490514555,True
2009-11-19 14:00:00+00:00,7.495997452561983,6.167916212222482,7.963584948477581,12.703033108051253,7.954203833642385,False
2009-11-19 14:30:00+00:00,7.837193025878601,6.902226552205747,8.298314294325323,11.22773283600884,8.022624962364485,True
2009-11-19 15:00:00+00:00,8.048760365174507,7.669986675831931,8.550978420298584,9.75243256396643,8.090856559957963,False
2009-11-19 15:30:00+00:00,8.133319250700955,8.01469041561949,8.822242189892194,10.157310363071058,8.646598242765632,True
2009-11-19 16:00:00+00:00,8.190040139705289,8.171425002595601,8.971046986284888,10.56218816217569,9.27988634436804,False
2009-11-19 16:30:00+00:00,8.251808735153881,8.016946688068572,8.89078938393691,10.516462979341132,9.530426793717485,True
2009-11-19 17:00:00+00:00,8.285154940617016,7.703605239129541,8.700699054035246,10.400823594815948,9.642137613399507,False
2009-11-19 17:30:00+00:00,7.903406011407119,7.153397752404209,8.195822297280035,9.842018564535497,9.105324828718,True
2009-11-19 18:00:00+00:00,7.444863131756172,6.713298308887999,7.528970580538119,9.353127735945668,8.568512044036494,False
2009-11-19 18:30:00+00:00,7.312496504148465,6.653686877319237,6.886016640838567,10.02442208152193,8.721379605874152,True
2009-11-19 19:00:00+00:00,7.256923826981809,6.605138182140646,6.514870388679407,10.69571642709819,8.874247167711808,False
2009-11-19 19:30:00+00:00,7.4176933519209625,6.510287141086845,7.077725555598887,9.938412595122045,8.550042264800513,True
2009-11-19 20:00:00+00:00,7.578462876860116,6.356365764765625,7.640580722518367,9.007087470600009,8.002760167084993,False
2009-11-19 20:30:00+00:00,7.283432386559368,5.978681921281981,7.032945620309098,8.767975400885199,7.5039038666930535,True
2009-11-19 21:00:00+00:00,6.805185256180861,5.484938461637388,6.313943569354608,8.56868618604578,7.088610297679445,False
2009-11-19 21:30:00+00:00,6.441762438794591,5.0171498050687235,6.172223158657166,8.258173121184955,6.884291105720186,True
2009-11-19 22:00:00+00:00,6.1087158038797975,4.652877584152864,6.046268787020932,7.876553932156733,6.686995046234101,False
2009-11-19 22:30:00+00:00,5.804106383442958,4.487458077037509,5.7419725461984115,7.269154815654783,6.272836846916012,True
2009-11-19 23:00:00+00:00,5.563926488453263,4.356360291314988,5.377013884420481,6.867060260990727,5.908110017792697,False
2009-11-19 23:30:00+00:00,5.438830900990407,4.229856087867943,5.0794928784327045,6.969584603208235,5.805351781874397,True
2009-11-20 00:00:00+00:00,5.302135229133281,4.052924610857643,4.790685200491986,7.072108945425741,5.696955175044254,False
2009-11-20 00:30:00+00:00,4.918637629503388,3.327970196708424,4.517318597297721,6.156777893599091,5.194993206752225,True
2009-11-20 01:00:00+00:00,4.454398853772765,2.606346016667176,4.196562401825273,5.001360048255818,4.587352548140427,False
2009-11-20 01:30:00+00:00,4.096705848071684,2.4013358670645184,3.5320341868234433,4.632151919290968,4.286518950425119,True
2009-11-20 02:00:00+00:00,3.824122723143769,2.3126040797655305,3.062445566692161,4.376228424834742,3.988943230793169,False
2009-11-20 02:30:00+00:00,3.6636499245103535,2.306513666903196,3.1610474125802677,4.13627284284055,3.3643235128853126,True
2009-11-20 03:00:00+00:00,3.549488406471187,2.3005210295086287,3.364876491885348,3.949513949958975,2.930822938883657,False
2009-11-20 03:30:00+00:00,3.4690185854996676,2.1952321115905167,3.7634913585388796,3.8395445060212117,3.5037422811746555,True
2009-11-20 04:00:00+00:00,3.395509654110032,2.0956482445516915,4.056878991775436,3.7247688895801128,4.076661623465654,False
2009-11-20 04:30:00+00:00,3.3038539785340872,2.167048405051253,3.644353902496622,3.488480830237662,3.3562520167809793,True
2009-11-20 05:00:00+00:00,3.207056568538538,2.2384485655508146,3.119519265873897,3.205859330622004,2.6125085393065675,False
2009-11-20 05:30:00+00:00,3.1041066489767655,1.9150139443401224,2.9504568719777664,2.9032241453719934,2.576739514206849,True
2009-11-20 06:00:00+00:00,3.0153874355474115,1.59157932312943,2.824111814961092,2.725334042793908,2.564304359896868,False
2009-11-20 06:30:00+00:00,2.962591455427588,1.6055338529350198,2.657721427510609,2.7554016867712976,2.834601022470832,True
2009-11-20 07:00:00+00:00,2.913410990560278,1.633137905000687,2.56092325052458,2.785469330748687,3.104897685044796,False
2009-11-20 07:30:00+00:00,2.8491628724394333,1.679743394942736,2.5998806767100935,2.7041541668086992,2.8713765243232907,True
2009-11-20 08:00:00+00:00,2.7715332372125223,1.7126993626247082,2.6579875905516164,2.607841058701705,2.517881681431921,False
2009-11-20 08:30:00+00:00,2.67634774444861,1.52251608732057,2.699192060327898,2.5904514547445845,2.294220795885312,True
2009-11-20 09:00:00+00:00,2.5525636164230394,1.3323328120164322,2.7212470424481685,2.5717506178425773,2.1120456969790053,False
2009-11-20 09:30:00+00:00,2.3094380112862676,1.3921642469908078,2.5689934890372617,2.4010644114492625,1.9448053351815704,True
2009-11-20 10:00:00+00:00,2.1379582132567307,1.5203963153245614,2.3512287013632465,2.2327006724716085,1.8560528689136984,False
2009-11-20 10:30:00+00:00,2.1636753365075614,1.7674472416711202,2.2170472396556224,2.210462859226927,2.0368185624720163,True
2009-11-20 11:00:00+00:00,2.2289564899236693,2.0222730805192506,2.148377012211107,2.202211755678478,2.3756461829249385,False
2009-11-20 11:30:00+00:00,2.4383660600753916,2.1276674520459258,2.2671542255613093,2.8278336775834036,2.744363890112269,True
2009-11-20 12:00:00+00:00,2.835560187954567,2.2410308968695247,2.532918794879982,3.7546544501317753,3.182921341806756,False
2009-11-20 12:30:00+00:00,3.857098687593222,2.5638618803847786,3.1569776675205254,4.270902140349946,3.7530686416377823,True
2009-11-20 13:00:00+00:00,4.651288599339148,2.9704864853352704,3.781115947268859,4.739016156414136,4.229829512385662,False
2009-11-20 13:30:00+00:00,4.335373250529904,3.296353715276842,3.972038874781463,5.353897901868515,4.4208423971586015,True
2009-11-20 14:00:00+00:00,4.019457901720659,3.5929966026253592,4.1659295170031765,5.780803430331177,4.591904704400664,False
2009-11-20 14:30:00+00:00,4.32872413821813,3.912586031200083,4.922232564435521,5.88773158035633,4.961201433030627,True
2009-11-20 15:00:00+00:00,4.637990374715601,4.093461561774749,5.528501134082496,5.929570770883735,5.215933496872854,False
2009-11-20 15:30:00+00:00,4.1010064932333465,3.4735454604615863,4.647754988364307,5.478733092277111,4.274093942071745,True
2009-11-20 16:00:00+00:00,3.259752622737661,2.615355922349345,3.414133715959604,4.676233636869972,3.064523817479949,False
2009-11-20 16:30:00+00:00,2.6257162572842683,2.1746686055028257,2.796521284867504,3.824172139777983,2.6516395678487963,True
2009-11-20 17:00:00+00:00,2.17008756238664,1.912065566007461,2.3547860249005645,3.0735431609489683,2.351632131728321,False
2009-11-20 17:30:00+00:00,1.943483942679334,1.833629667133667,2.0004588733212585,2.5845849266782164,2.0003999737690528,True
2009-11-20 18:00:00+00:00,1.8427426414296944,1.7668276821527558,1.823129677303304,2.345855950945007,1.8040215720897927,False
2009-11-20 18:30:00+00:00,1.8771771263298311,1.5960210098611751,1.8823561782980123,2.3468805800022086,1.8446047167272055,True
2009-11-20 19:00:00+00:00,1.911611611229968,1.473769583124635,1.9415826792927204,2.3479052090594097,1.8858050385379648,False
2009-11-20 19:30:00+00:00,1.8655480334654109,1.8157430828890062,1.8924364239371076,2.206904592300612,1.886740262072338,True
2009-11-20 20:00:00+00:00,1.8194844557008536,2.1577165826533777,1.8046412315838705,2.0000602577558477,1.8870583084333643,False
2009-11-20 20:30:00+00:00,1.8650103738290946,1.8313335831100241,1.709447633068194,1.8611813853887618,1.519848344464527,True
2009-11-20 21:00:00+00:00,1.910536291957336,1.504950583566671,1.6271655688988305,1.7881462308076417,1.15263838049569,False
2009-11-20 21:30:00+00:00,1.8807748879892325,1.526777696461709,1.5888804872643074,1.868727655270936,1.3120362783009527,True
2009-11-20 22:00:00+00:00,1.8270796410790635,1.5486048093567473,1.554661894142556,1.980540582471227,1.5357135836473814,False
2009-11-20 22:30:00+00:00,1.7691637273410736,1.5058274460577001,1.4899471015691739,2.042402023558018,1.6362402606591449,True
2009-11-20 23:00:00+00:00,1.7148292075573144,1.4630500827586532,1.4469032231343322,2.073031961907812,1.7292087631844428,False
2009-11-20 23:30:00+00:00,1.672721274052114,1.7116216511583529,1.5516669465272481,1.9460754355275334,1.8505267121682754,True
2009-11-21 00:00:00+00:00,1.650965789534749,2.107192225398197,1.689224339370121,1.819118909147255,2.003410216290727,False
2009-11-21 00:30:00+00:00,1.7371829365797657,2.451118236191886,1.7330068553456186,1.9806581948678357,2.295519318811152,True
2009-11-21 01:00:00+00:00,1.86506399798369,2.6480452411454305,1.7791516719532834,2.2290859177892712,2.499341633138257,False
2009-11-21 01:30:00+00:00,1.9309099648751153,2.4973446492836713,1.9579032163267769,2.3808557486942172,2.384947303242112,True
2009-11-21 02:00:00+00:00,2.001488919889595,2.2182283462466383,2.101498790618146,2.530719115123177,2.270552973345966,False
2009-11-21 02:30:00+00:00,2.169760297092898,1.8349460538262676,2.044583345338367,2.7678902092703415,2.516110545877267,True
2009-11-21 03:00:00+00:00,2.29163477181424,1.58007947258117,1.9876679000585884,2.9200793306926376,2.761668118408568,False
2009-11-21 03:30:00+00:00,2.219709608593674,1.6857558432466222,1.989602637488369,2.407015867957009,2.0942436106151585,True
2009-11-21 04:00:00+00:00,2.1313903779564125,1.7914322139120744,1.9951902277313875,1.8939524052213808,1.4268191028217494,False
2009-11-21 04:30:00+00:00,2.1025819014192804,1.6437829582070405,2.123864111578303,2.0995107128017434,1.7852732337111872,True
2009-11-21 05:00:00+00:00,2.0901674922988445,1.4961337025020065,2.24888514261198,2.3050690203821054,2.169835843010778,False
2009-11-21 05:30:00+00:00,2.1328453944082217,1.5340645226884342,2.1709663555987513,2.1433456689373918,2.205970832027972,True
2009-11-21 06:00:00+00:00,2.189345880200543,1.5728105477443637,2.0930475685855225,1.9816223174926784,2.225999834334016,False
2009-11-21 06:30:00+00:00,2.2154217162361958,1.5740510656560505,2.1723485169538606,2.0344803708487245,2.246537453807352,True
2009-11-21 07:00:00+00:00,2.227674968588905,1.5744763786982352,2.251649465322199,2.112253395902794,2.257072581581685,False
2009-11-21 07:30:00+00:00,2.2063689287794124,1.4123809570403447,2.206989557398003,2.149763686714335,2.1860863801138755,True
2009-11-21 08:00:00+00:00,2.1579479095108347,1.2502855353824545,2.128438458370204,2.192813393504402,2.064918710448252,False
2009-11-21 08:30:00+00:00,2.039396896962073,1.4028690094383829,2.064719397798096,2.3328880582610605,1.9596609734400297,True
2009-11-21 09:00:00+00:00,1.913947708810531,1.5554524834943115,1.9777665699044944,2.4425083353411687,1.8548203297985209,False
2009-11-21 09:30:00+00:00,1.8497794947757213,1.4433184699630814,1.7128872472411278,2.154316612417087,1.7443643395351154,True
2009-11-21 10:00:00+00:00,1.819624435802776,1.3311844564318518,1.5051328830028576,1.8185780416365287,1.665701229505251,False
2009-11-21 10:30:00+00:00,1.8538253031462544,1.3601353062609896,1.6791871156833036,1.7445705185339118,1.6345269512087242,True
2009-11-21 11:00:00+00:00,1.8880261704897328,1.4238749748589654,1.853241348363749,1.7063849034895826,1.6213241675097565,False
2009-11-21 11:30:00+00:00,1.8184413542684674,1.5248510752846034,1.7482581802503618,1.6856992480096566,1.8316081431077291,True
2009-11-21 12:00:00+00:00,1.748856538047202,1.70290498090413,1.6432750121369744,1.6767385323279194,2.2715421277166845,False
2009-11-21 12:30:00+00:00,2.2011117224035837,2.17274378670079,2.3926085430737984,2.710379662792856,2.9744251746503005,True
2009-11-21 13:00:00+00:00,2.9572734455334087,2.8318733263176754,3.335330755325031,4.040143537473413,3.835801188040715,False
2009-11-21 13:30:00+00:00,3.570825319436245,3.4513113869256595,3.6002632481266637,4.45407242212253,4.623774995344697,True
2009-11-21 14:00:00+00:00,4.180195383232488,4.123033605697855,3.836717177959887,4.830425800829285,5.376859274522386,False
2009-11-21 14:30:00+00:00,4.773702052025849,4.955470651530396,4.262634127361249,5.499979420028876,6.065181438180251,True
2009-11-21 15:00:00+00:00,5.35599690615708,5.6851332713568015,4.800586530646081,6.326285473279353,6.68147446638335,False
2009-11-21 15:30:00+00:00,6.054011228124457,6.179603051092534,5.5288972710935855,7.28289249412892,7.255168569855638,True
2009-11-21 16:00:00+00:00,6.489088735204128,6.423405740887239,6.102798912071773,8.19391534943368,7.670173029169583,False
2009-11-21 16:30:00+00:00,6.517263919887005,6.276900819450367,6.252957183861609,8.990803259058396,7.829209234320213,True
2009-11-21 17:00:00+00:00,6.542659319186913,6.130395898013495,6.404686263134107,9.417975661903776,7.996007048119079,False
2009-11-21 17:30:00+00:00,6.6468253671802495,6.419462694813758,7.14262437792605,9.370403665007542,8.702188960906447,True
2009-11-21 18:00:00+00:00,6.848805846092357,6.720361464970595,7.800790981278474,9.322831668111307,9.297478699851434,False
2009-11-21 18:30:00+00:00,7.477837274621287,6.738603845605738,7.870301534452977,9.944319983867926,9.327181242494412,True
2009-11-21 19:00:00+00:00,7.986257958497399,6.745014252884307,7.895476318824185,10.565808299624544,9.337479682603156,False
2009-11-21 19:30:00+00:00,7.642637735045942,6.631084666807382,7.731352178212623,10.357851109286214,9.222721888923138,True
2009-11-21 20:00:00+00:00,7.14574466946778,6.372004521141026,7.37768630551652,9.97219022205379,8.955590441618842,False
2009-11-21 20:30:00+00:00,6.92043258680359,5.8280409968491735,6.771986624365666,9.604113194552362,8.348297741859046,True
2009-11-21 21:00:00+00:00,6.663214045877509,5.062767922529867,5.9625719278910845,9.086519392748963,7.446946410788473,False
2009-11-21 21:30:00+00:00,5.958780186443616,4.143202640158965,5.064547612050109,7.959038257051366,6.294137006817183,True
2009-11-21 22:00:00+00:00,5.070041683435267,3.397769305069753,4.191962650764647,6.579839741954941,5.25945090456631,False
2009-11-21 22:30:00+00:00,4.328776269035627,3.1155354981282537,3.4152058513311703,5.360176718153967,4.746723915902821,True
2009-11-21 23:00:00+00:00,3.691796484657692,2.897549752548357,2.9334564876235123,4.4279899796726685,4.321198945455912,False
2009-11-21 23:30:00+00:00,3.195371578829833,2.6262190374478966,2.8482161626395217,3.989426743755395,3.785153254671625,True
2009-11-22 00:00:00+00:00,2.8295946352689936,2.372528517794021,2.768782371335507,3.628486054801964,3.3290927270163944,False
2009-11-22 00:30:00+00:00,2.6088328214065615,2.1769538244040314,2.3754922023283846,3.133444929378318,3.073141028116899,True
2009-11-22 01:00:00+00:00,2.4383980819523665,1.991236848540342,2.049205456768223,2.7088882546808994,2.851830858531185,False
2009-11-22 01:30:00+00:00,2.2657487939757193,1.7415222425583894,2.104217526931239,2.4808754975137175,2.519469656456899,True
2009-11-22 02:00:00+00:00,2.142569970120077,1.565414091005558,2.1592295970942543,2.292295092915676,2.313588726937833,False
2009-11-22 02:30:00+00:00,2.09513970510283,1.5273215757094407,1.9374361952273884,2.0480585819870556,2.3195365762459303,True
2009-11-22 03:00:00+00:00,2.051718554548672,1.5036352898301275,1.7156427933605225,1.8775066171083723,2.325484425554029,False
2009-11-22 03:30:00+00:00,1.9605449002428506,1.48304232655274,1.7773162436028833,1.8269890483373057,2.182859783728573,True
2009-11-22 04:00:00+00:00,1.8614783411398297,1.461248101622218,1.8389896938452444,1.8067091485323088,1.9986819830140288,False
2009-11-22 04:30:00+00:00,1.7923763051939186,1.4281152201857226,1.5246181698484764,1.8736812260181719,1.9401331204597603,True
2009-11-22 05:00:00+00:00,1.7313476787061317,1.382611762643603,1.2102466458517085,1.9406533035040352,1.8872343854498184,False
2009-11-22 05:30:00+00:00,1.6667687062224128,1.3177180561549033,1.3338541532172532,1.8266872742188984,1.7876448879217712,True
2009-11-22 06:00:00+00:00,1.616073408550542,1.2266061222685392,1.457461660582798,1.6295646380318105,1.685359932238309,False
2009-11-22 06:30:00+00:00,1.5854039813262992,1.041156590973703,1.3008455195376638,1.4093021891112572,1.6035630389599749,True
2009-11-22 07:00:00+00:00,1.569129284420883,0.9080666289900732,1.1120039847686436,1.272196347092655,1.5603646351818172,False
2009-11-22 07:30:00+00:00,1.566670698479165,0.9865858808045648,1.056274787105713,1.574008936469054,1.821951414347411,True
2009-11-22 08:00:00+00:00,1.564066933433205,1.0869713322967718,1.0327709831666685,1.875821525845453,2.0835381935130046,False
2009-11-22 08:30:00+00:00,1.5240491730381875,1.1268450201957176,1.4063010613917815,1.791002486848728,2.020962793192881,True
2009-11-22 09:00:00+00:00,1.4425210897477434,1.144852508416948,1.7798311396168942,1.6080528105970158,1.8777779188964212,False
2009-11-22 09:30:00+00:00,1.2619078972640152,1.1362286519697855,1.4679065648677792,1.1915248280436321,1.4650947921215838,True
2009-11-22 10:00:00+00:00,1.1252349956703516,1.127604795522623,1.155981990118664,0.8731274827452358,1.133021139323082,False
2009-11-22 10:30:00+00:00,1.259524057837779,1.1759564006635266,1.4335513391924914,0.9697568358137598,1.3452142619016219,True
2009-11-22 11:00:00+00:00,1.5389205648043551,1.2844872983887157,1.7535485791592142,1.1812891825419711,1.728659801354857,False
2009-11-22 11:30:00+00:00,1.9635458040896487,1.49008975776278,1.8017732762751355,1.5574879152180565,2.090577674379914,True
2009-11-22 12:00:00+00:00,2.511278635773865,1.8014678764045315,1.852448347536651,2.0850829384377736,2.5345936518330348,False
2009-11-22 12:30:00+00:00,3.0713076493183493,2.1948426836837442,2.2046600102075757,2.6674675676199104,3.198466644288809,True
2009-11-22 13:00:00+00:00,3.7078113578058103,2.7286324555797448,2.823318814133993,3.3818650001368225,3.8993087217199,False
2009-11-22 13:30:00+00:00,4.52098428420914,3.557639503597576,3.6277878538103283,4.34939808630478,4.358837246253281,True
2009-11-22 14:00:00+00:00,5.334272539520701,4.535458019239207,4.559330202302832,5.447308668594991,4.909934257672862,False
2009-11-22 14:30:00+00:00,5.939119439700756,5.488028399021414,5.468649296057255,6.500878269792299,6.443165243435672,True
2009-11-22 15:00:00+00:00,6.5315002979760415,6.370299052313331,6.330868373789094,7.61379415026584,8.036909146733276,False
2009-11-22 15:30:00+00:00,7.352650009213637,7.1973982900387155,7.1720049372334325,9.088909998172728,8.760114988731507,True
2009-11-22 16:00:00+00:00,8.025766406362575,7.696393188727694,7.732773524419301,10.186398079272912,9.270870070355798,False
2009-11-22 16:30:00+00:00,8.362578450620727,7.7868763771175615,7.920025828166575,10.543158861096748,9.75241815914939,True
2009-11-22 17:00:00+00:00,8.515084789823025,7.820582246941569,7.996347409084754,10.68951154679071,10.004015997617852,False
2009-11-22 17:30:00+00:00,7.6941378707120895,6.4741231717805565,7.076355447775901,9.562793255645188,8.335003080434845,True
2009-11-22 18:00:00+00:00,6.4022158383042935,4.722596403901928,5.690003247062129,7.849867236238197,6.234384229283331,False
2009-11-22 18:30:00+00:00,5.453419072326182,4.07412411817951,4.785644989890508,6.709962648254681,5.595494510794353,True
2009-11-22 19:00:00+00:00,4.702510004516921,3.62558940911268,4.123945193905516,5.852995077582446,5.114796904776751,False
2009-11-22 19:30:00+00:00,4.249811111156738,3.2474511462183355,3.7725830146192,5.38062445300014,4.479559996302387,True
2009-11-22 20:00:00+00:00,3.8977318560215446,2.970241078707277,3.4976035087625084,4.981845755737711,4.045899568690436,False
2009-11-22 20:30:00+00:00,3.551337149373905,2.7653503281026355,3.1457675031677987,4.381118741418455,3.9308021567374642,True
2009-11-22 21:00:00+00:00,3.294054424769677,2.664661498176736,2.941250602361759,4.01007051072951,3.879914134511535,False
2009-11-22 21:30:00+00:00,3.162226044753201,2.6668053982499322,3.0266917170477865,4.01603620164699,3.8716966920469678,True
2009-11-22 22:00:00+00:00,3.0637388836541075,2.668949298323128,3.112132831733814,4.022001892564472,3.863114125602189,False
2009-11-22 22:30:00+00:00,2.9803738365183037,2.5949515230234668,2.7010805599907624,3.893692842998497,3.7551689766860448,True
2009-11-22 23:00:00+00:00,2.886910986438142,2.4377182566248137,2.2855902469854046,3.6326416769950254,3.533121565985799,False
2009-11-22 23:30:00+00:00,2.720535776988218,2.159040324070227,2.281098362243444,3.2476379219118092,3.095343163629333,True
2009-11-23 00:00:00+00:00,2.511329502449731,1.8433201210581756,2.2766178111911297,2.798186152250873,2.593968491012903,False
2009-11-23 00:30:00+00:00,2.278927344175521,1.5811341303416642,1.9431008734851194,2.3952279858261334,2.193968582349871,True
2009-11-23 01:00:00+00:00,2.055644379201856,1.43922590118161,1.609198336941048,2.050375910720838,1.979660280618784,False
2009-11-23 01:30:00+00:00,1.8492230236353444,1.5215889057470988,1.6040969067534514,1.7593706626903074,2.0827518929824342,True
2009-11-23 02:00:00+00:00,1.7366259187434343,1.6039519103125877,1.5994329003196748,1.607449454355548,2.185843505346084,False
2009-11-23 02:30:00+00:00,1.7571573092147585,1.5374566363932098,1.5689243894265248,1.6687823197003953,2.079090487194571,True
2009-11-23 03:00:00+00:00,1.7984553053814931,1.4569603014758268,1.515306000222394,1.7419969655687266,1.9723374690430573,False
2009-11-23 03:30:00+00:00,1.8721010937497853,1.43973499214308,1.4222626713701174,1.7623683215776953,1.9824148208478434,True
2009-11-23 04:00:00+00:00,1.9249802764226664,1.4223683633784252,1.3567041034857223,1.7708578970631803,2.009215642446372,False
2009-11-23 04:30:00+00:00,1.8163460103517304,1.337732784221451,1.381537513134689,1.7233483888977021,2.197317684201228,True
2009-11-23 05:00:00+00:00,1.707711744280794,1.2672395854943903,1.4383161075689874,1.6758388807322242,2.368696256162342,False
2009-11-23 05:30:00+00:00,1.7753217041113467,1.3624001914779102,1.5817398235843398,1.6807166835174192,2.3379756629475845,True
2009-11-23 06:00:00+00:00,1.8801698847519124,1.4889699082545154,1.7325452374257646,1.6937930594489097,2.3072550697328267,False
2009-11-23 06:30:00+00:00,1.9643321975166539,1.5416562449046054,1.8058841739364968,1.7924302921897954,2.4672253468756367,True
2009-11-23 07:00:00+00:00,2.0112562894713824,1.5766202787714307,1.8398962278358248,1.8828689517843853,2.627195624018446,False
2009-11-23 07:30:00+00:00,1.9754275897266222,1.603366111220941,1.8315129525695644,1.8822370425607886,2.616469924566858,True
2009-11-23 08:00:00+00:00,1.9395988899818624,1.61642513566063,1.823129677303304,1.8816051333371924,2.5870185642503065,False
2009-11-23 08:30:00+00:00,1.9419535333741282,1.588580625714328,1.9106212408234353,2.0409463041813836,2.3016416835964373,True
2009-11-23 09:00:00+00:00,1.944308176766394,1.560736115768026,1.9981128043435668,2.2002874750255743,2.034990463807532,False
2009-11-23 09:30:00+00:00,1.9255800373617313,1.5726610011834414,1.8759554050994949,2.0963797196658813,2.2068752460287127,True
2009-11-23 10:00:00+00:00,1.9068518979570688,1.6043903415581022,1.7537980058554228,1.9924719643061888,2.487533973030289,False
2009-11-23 10:30:00+00:00,2.0667404333817614,1.7577402316111361,1.8615980955209976,2.1026360890008653,2.6766031412133913,True
2009-11-23 11:00:00+00:00,2.404331247567697,2.0318220556118165,2.09094035316968,2.352971248381196,2.9064774644343507,False
2009-11-23 11:30:00+00:00,2.9296006287196055,2.383348387249647,2.4348214648857276,2.8548806147199426,3.3477483341995926,True
2009-11-23 12:00:00+00:00,3.648791475355671,2.8526767453304918,2.9622539440952087,3.6137824639161167,3.952769365455676,False
2009-11-23 12:30:00+00:00,4.531565676902049,3.473843904981533,3.905279920812583,4.608234581660368,4.660070282282053,True
2009-11-23 13:00:00+00:00,5.494199355704243,4.246981383139858,4.998294894606706,5.760685781571603,5.515246924834922,False
2009-11-23 13:30:00+00:00,6.419756870043149,5.2101227374617105,5.861621612182767,6.914124837293019,6.606465248828599,True
2009-11-23 14:00:00+00:00,7.262310692467336,6.241432018861933,6.644243056659655,8.060329978546953,7.766954272802108,False
2009-11-23 14:30:00+00:00,7.963944864412268,7.293350585214838,7.368090786086596,9.16869110700839,8.85625837926382,True
2009-11-23 15:00:00+00:00,8.525970479263652,8.081047539482352,8.01787196457988,10.153792032868107,9.773202452136324,False
2009-11-23 15:30:00+00:00,8.986141050537496,8.467492900005347,8.624869376444526,11.080706634239952,10.34283867744387,True
2009-11-23 16:00:00+00:00,9.243698836423766,8.63968321167817,9.085172024279087,11.582952752970934,10.887093119775734,False
2009-11-23 16:30:00+00:00,9.28515911759215,8.44484815214176,9.31771607972329,11.490432820552236,11.86820020923704,True
2009-11-23 17:00:00+00:00,9.300361211655154,8.250013092605348,9.51659202854094,11.397912888133536,12.540127034870965,False
2009-11-23 17:30:00+00:00,9.210717029434418,8.451231596206977,9.846755625820506,11.712678797018846,12.576148351039848,True
2009-11-23 18:00:00+00:00,9.048657844792322,8.652450099808608,10.056971385236253,12.027444705904156,12.588616060585585,False
2009-11-23 18:30:00+00:00,8.900057160527998,8.206506535418852,9.432465583399523,11.95620621083173,12.085263402888101,True
2009-11-23 19:00:00+00:00,8.707560688750634,7.614687831030464,8.644349543255593,11.797638988970023,11.513804529055175,False
2009-11-23 19:30:00+00:00,8.344013699400726,7.3915579488145,8.417197070708626,11.459182170153062,11.423721734702909,True
2009-11-23 20:00:00+00:00,7.976091337523453,7.208839886171844,8.21848054478345,11.069832184271062,11.357824523259248,False
2009-11-23 20:30:00+00:00,7.799749833973986,7.016623549138903,7.8845223884813525,10.865304683675408,11.278644409921998,True
2009-11-23 21:00:00+00:00,7.615843369386178,6.769667040797991,7.478172075548175,10.62407641289066,11.156742416621768,False
2009-11-23 21:30:00+00:00,7.169149588993811,6.204591997652932,7.03253557308945,9.890403325557363,10.634341519654768,True
2009-11-23 22:00:00+00:00,6.725161688332634,5.584864907028726,6.53306295564683,8.998126529541201,9.903210828774435,False
2009-11-23 22:30:00+00:00,6.551447870947702,5.176863904588165,5.964176312488593,8.419451779001182,9.371798538333575,True
2009-11-23 23:00:00+00:00,6.375498184825918,4.910611651055661,5.363034016967371,7.8670413580541725,8.78593323626196,False
2009-11-23 23:30:00+00:00,5.970558312394496,4.821809431825568,4.724956848891852,7.229400909513226,7.916853458427444,True
2009-11-24 00:00:00+00:00,5.425874711154631,4.723911697638474,4.183760855428233,6.521452033993824,6.914157551317866,False
2009-11-24 00:30:00+00:00,4.809781444675834,4.100017040455639,3.86692990007664,5.642490701713272,5.8728646152458115,True
2009-11-24 01:00:00+00:00,4.2002889428739065,3.347196691660196,3.5930818471353483,4.800540240277622,4.914154990680411,False
2009-11-24 01:30:00+00:00,3.7020297380510323,2.999026311656469,3.268208797080282,4.156769693229725,4.131313915447129,True
2009-11-24 02:00:00+00:00,3.2914705761712244,2.73813317451792,2.9512878260485738,3.6732519068986855,3.576048550289205,False
2009-11-24 02:30:00+00:00,2.964089663759144,2.5298472135833188,2.648147432646167,3.3921214920396148,3.312777534407746,True
2009-11-24 03:00:00+00:00,2.7315932726661045,2.3206406106479203,2.4165953686756465,3.143019705113596,3.1083519176458525,False
2009-11-24 03:30:00+00:00,2.597579759958202,1.9480959321118634,2.3066471515336855,2.7647848655950824,2.872125529347343,True
2009-11-24 04:00:00+00:00,2.5140302657900686,1.7003226495854191,2.2109793568132874,2.4701054483884146,2.660137910719121,False
2009-11-24 04:30:00+00:00,2.4760964125100293,1.7919430293891527,2.0370501413111053,2.3808498123703767,2.464084778770015,True
2009-11-24 05:00:00+00:00,2.439070738224803,1.883563409192886,1.9230942335732863,2.309827998816636,2.3582299044580086,False
2009-11-24 05:30:00+00:00,2.3316940333118104,1.7722260071690663,2.128313745022099,2.1844253202879313,2.452403646707739,True
2009-11-24 06:00:00+00:00,2.2467789904773814,1.6250972482621668,2.3335332564709117,2.0883960149993688,2.5465773889574685,False
2009-11-24 06:30:00+00:00,2.2420756886236552,1.5632994560299147,2.184243529360315,2.069032793576824,2.429786416107513,True
2009-11-24 07:00:00+00:00,2.237324628256784,1.5260959215162504,2.034953802249718,2.047905379790695,2.2870888667306333,False
2009-11-24 07:30:00+00:00,2.1466056819950396,1.5127245415511317,2.0361433034903627,1.7585547538173238,2.256737018751373,True
2009-11-24 08:00:00+00:00,1.9895854304885088,1.4971553334561634,2.037332804731008,1.4880839128081698,2.2223487939362663,False
2009-11-24 08:30:00+00:00,1.802417098902392,1.3102137446885607,1.7652285710819646,1.6514040051861887,1.8080277785495387,True
2009-11-24 09:00:00+00:00,1.658480468145917,1.1366670832153,1.4931243374329213,1.8147240975642076,1.4236497165255826,False
2009-11-24 09:30:00+00:00,1.6115139069621922,1.23725160699317,1.5798338100439273,1.5488823543519346,1.6673064385375975,True
2009-11-24 10:00:00+00:00,1.592170361468845,1.4163268382499756,1.7464115717153397,1.2830406111396615,2.06744598101928,False
2009-11-24 10:30:00+00:00,1.8110478286756826,1.5792649997812327,1.9271989069346362,1.5411989899346565,2.3806919514243505,True
2009-11-24 11:00:00+00:00,2.2486704335175607,1.774184501017749,2.178896363869721,2.046038205102034,2.67647699630711,False
2009-11-24 11:30:00+00:00,2.8532462062883535,2.0036787759618937,2.6060500182661412,2.661827770361765,2.893691211032459,True
2009-11-24 12:00:00+00:00,3.560083902047101,2.3516768426268286,3.1750069634014366,3.442119882786616,3.188089767624575,False
2009-11-24 12:30:00+00:00,4.174783236105849,3.33169716046459,3.9905001593955376,4.369440669038789,4.412415950810847,True
2009-11-24 13:00:00+00:00,4.817847252138197,4.564008432208146,4.593406877498763,5.443272641096928,5.981358864330203,False
2009-11-24 13:30:00+00:00,5.56655644446399,5.450836263515838,4.679999876964121,6.6225234564644815,6.960570495696994,True
2009-11-24 14:00:00+00:00,6.389980913169041,6.26783853175767,4.773738035688273,7.963204598137336,7.855620358284888,False
2009-11-24 14:30:00+00:00,7.382749404535278,7.222935119387049,7.414515989927688,9.998070441949729,8.894648535789203,True
2009-11-24 15:00:00+00:00,8.231855671052548,7.859365472876595,9.968153561284115,11.313811390113347,9.795787156421094,False
2009-11-24 15:30:00+00:00,8.6733023332896,7.96835183748306,9.859986588542098,11.225082913036212,10.324987286833913,True
2009-11-24 16:00:00+00:00,9.0382525507271,8.069402920470974,9.64365450646496,11.13635443595908,10.836910631624574,False
2009-11-24 16:30:00+00:00,9.552840577153754,8.55335873853405,9.265084077162832,11.257977180645474,11.83837008232927,True
2009-11-24 17:00:00+00:00,9.863500254253074,8.95247484261059,8.994678757195825,11.379599925331869,12.518334677160242,False
2009-11-24 17:30:00+00:00,9.498036421704203,8.862048076805614,9.304892616942645,11.203113185653814,12.308243923826115,True
2009-11-24 18:00:00+00:00,9.117179482942392,8.66896571867502,9.615106476689462,11.02662644597576,12.046065157476413,False
2009-11-24 18:30:00+00:00,9.100938859973992,8.286964178933728,9.561827785600949,11.098721668747638,11.983371097044248,True
2009-11-24 19:00:00+00:00,9.08506867918299,7.924603467861771,9.436951346340807,11.170816891519516,11.912405740440578,False
2009-11-24 19:30:00+00:00,8.908641428970324,7.822762029602907,9.165682223771368,10.964579365881109,11.37426649079072,True
2009-11-24 20:00:00+00:00,8.617970645042078,7.710909675984034,8.7072236749232,10.598044796411337,10.665559963831148,False
2009-11-24 20:30:00+00:00,8.34336079488946,7.0318806354635734,7.743632988395427,10.25747499838558,10.292640311286004,True
2009-11-24 21:00:00+00:00,8.038968396689654,6.272613019303964,6.926962494338909,9.869879207627402,9.931973844027976,False
2009-11-24 21:30:00+00:00,7.68086710388464,6.004134434486777,6.7912557296529545,9.413852658917003,9.281129779328932,True
2009-11-24 22:00:00+00:00,7.333043502410723,5.816095948727043,6.671069191248205,8.906841862587568,8.848959115839568,False
2009-11-24 22:30:00+00:00,7.069587253049041,5.669716345522804,6.328440057093386,8.33752951596607,8.917909556251391,True
2009-11-24 23:00:00+00:00,6.81871628458768,5.503207805485881,5.890861253961882,7.792384562639288,8.986859996663215,False
2009-11-24 23:30:00+00:00,6.549648427992306,5.1471796806789705,5.5127650949609395,7.397536405060853,7.944633545147982,True
2009-11-25 00:00:00+00:00,6.239733780675262,4.690586797123242,5.140130240810846,6.984746094041699,6.545748702097849,False
2009-11-25 00:30:00+00:00,5.805341905367506,4.247083406869276,4.783611970197826,6.2516740644748605,6.019297639298255,True
2009-11-25 01:00:00+00:00,5.328299017638153,3.790609081026065,4.40403620240727,5.643010714053658,5.537940398408143,False
2009-11-25 01:30:00+00:00,4.901299582960973,3.2888867108208375,3.8919314071745124,5.487939027091354,4.5659003345653675,True
2009-11-25 02:00:00+00:00,4.479999983334552,2.8785965708263643,3.4379013804032734,5.327646831693386,3.905424840348013,False
2009-11-25 02:30:00+00:00,3.9819854133692405,2.6191795484155467,3.1432139502805447,4.443457535295127,3.984776882429833,True
2009-11-25 03:00:00+00:00,3.6162903665758415,2.4948190825627123,2.999344368697563,3.6369168938830736,4.064128924511653,False
2009-11-25 03:30:00+00:00,3.5030129183681273,2.549508536650281,3.000601816704569,3.5735381312991636,3.982455406964522,True
2009-11-25 04:00:00+00:00,3.4148738440059274,2.6041979907378496,3.0018592647115745,3.518700958854404,3.850094657159252,False
2009-11-25 04:30:00+00:00,3.2779496187671757,2.5237726698475393,2.7691109249826935,3.2728014900203113,3.764215320976401,True
2009-11-25 05:00:00+00:00,3.157186738406623,2.404003181018441,2.536362585253812,3.0736056496797106,3.6575005934846905,False
2009-11-25 05:30:00+00:00,3.1014958616777264,2.341771225353588,2.963975839282121,3.1819733967364576,3.3954469696144494,True
2009-11-25 06:00:00+00:00,3.0396288446882886,2.274355797384757,3.3915890933104302,3.290341143793204,3.101490029391489,False
2009-11-25 06:30:00+00:00,2.792830070642722,2.128587635090063,2.8562851150402553,2.8935380910679567,2.8850785490121167,True
2009-11-25 07:00:00+00:00,2.5925719366214706,1.9899215548037985,2.3209811367700803,2.496735038342709,2.7720930085524627,False
2009-11-25 07:30:00+00:00,2.611538327002662,1.920416946654317,2.429064858464545,2.559499305811787,2.950546391651054,True
2009-11-25 08:00:00+00:00,2.6305047173838534,1.888337896739172,2.570303366917017,2.635198982358981,3.128999774749646,False
2009-11-25 08:30:00+00:00,2.5978289223095015,2.0180094084500464,2.6301162131646727,2.650271514963478,3.073990649423464,True
2009-11-25 09:00:00+00:00,2.56515312723515,2.14768092016092,2.6606383800983484,2.667014206330047,3.018981524097282,False
2009-11-25 09:30:00+00:00,2.618008276819621,2.140324101295926,2.664826473956659,2.8006097717156453,3.1134341370293632,True
2009-11-25 10:00:00+00:00,2.7211168844589952,2.132967282430932,2.669089602130972,3.023898735722716,3.2810438938429183,False
2009-11-25 10:30:00+00:00,2.828977115123435,2.249783545658658,2.7013484503121017,3.23038822036877,3.4117040667097767,True
2009-11-25 11:00:00+00:00,3.003776984612064,2.5216157705496034,2.7852994951718197,3.525935850985592,3.6123104541349313,False
2009-11-25 11:30:00+00:00,3.5499214724501003,3.140149634083814,3.8291725727561756,4.200215061256905,4.454318684140649,True
2009-11-25 12:00:00+00:00,4.376187670837542,4.054288160748574,5.398854947719475,5.209425513898202,5.716417069980633,False
2009-11-25 12:30:00+00:00,5.273356390404687,5.062626235552399,6.737107071231811,6.582813189039196,6.9792756845377335,True
2009-11-25 13:00:00+00:00,6.263681444972403,6.24187045010744,7.493918558926586,8.046718888215585,8.140464240111955,False
2009-11-25 13:30:00+00:00,7.379377733979012,7.992125142410615,7.275852780342269,9.277434401965348,8.966935550195366,True
2009-11-25 14:00:00+00:00,8.306061251697516,9.120853070168804,7.057787001757952,10.241826111990887,9.631143030645806,False
2009-11-25 14:30:00+00:00,8.88451415244697,8.913363544036423,7.7399449380756975,10.937304498225402,10.280795493261321,True
2009-11-25 15:00:00+00:00,9.16150868205546,8.512911822145588,8.422102874393444,11.280300309346334,10.631188330218649,False
2009-11-25 15:30:00+00:00,8.859575111052969,7.9997934988900115,8.2061768840628,10.641815804704873,10.292072300684195,True
2009-11-25 16:00:00+00:00,8.397311051523666,7.456148115491066,7.852291314301253,9.892113985998666,9.694738602833224,False
2009-11-25 16:30:00+00:00,8.110102936824687,6.961603549536872,7.584342308866669,9.70406687321501,8.989916482594596,True
2009-11-25 17:00:00+00:00,7.844823772407634,6.681529982881183,7.317327069862919,9.627237074496096,8.543312030672485,False
2009-11-25 17:30:00+00:00,7.563574479333047,6.672092710014592,6.967862207267662,10.281539381682116,8.577921768951198,True
2009-11-25 18:00:00+00:00,7.290094204576339,6.663063488559082,6.755423157672482,10.935841688868138,8.646820547103369,False
2009-11-25 18:30:00+00:00,6.977846154173647,6.531158390093714,6.891530781516397,10.202576125013803,8.73421160325059,True
2009-11-25 19:00:00+00:00,6.796230623697961,6.407863496820581,7.029713733688334,9.469310561159464,8.850036308718508,False
2009-11-25 19:30:00+00:00,6.9080699241172905,6.694952454951819,7.031816849283527,9.550442670637182,9.006958538608881,True
2009-11-25 20:00:00+00:00,7.019909224536621,6.982041413083057,7.03392816452006,9.6315747801149,9.177827905629243,False
2009-11-25 20:30:00+00:00,6.986180732410403,6.761944174919046,7.193485135415218,9.553727194216656,9.311980878240774,True
2009-11-25 21:00:00+00:00,6.9524522402841855,6.541846936755036,7.404625973268573,9.475879608318412,9.465949943040927,False
2009-11-25 21:30:00+00:00,7.116200227733048,6.691312818178252,7.506999455264288,9.600755632218908,9.806359595700123,True
2009-11-25 22:00:00+00:00,7.279948215181909,6.893711330548737,7.555705542332444,9.725631656119406,10.050283329846552,False
2009-11-25 22:30:00+00:00,7.27202738428358,6.995889734745519,6.750610891430681,9.604306280364682,10.021236113768074,True
2009-11-25 23:00:00+00:00,7.249376580619873,7.04513550799503,5.866142334789145,9.329582798696013,9.939669540416824,False
2009-11-25 23:30:00+00:00,6.960437552746226,6.567643463064144,5.777487756313594,8.77456087446278,9.126413028690756,True
2009-11-26 00:00:00+00:00,6.439223144146485,5.724109521909339,5.690932141421917,7.968208148728365,7.855620358284888,False
2009-11-26 00:30:00+00:00,5.840423740091742,4.902192352317874,5.154806980809912,6.977043083052655,6.796360557587099,True
2009-11-26 01:00:00+00:00,5.173261809018031,4.082009967380857,4.380268537963601,5.9715751794626,5.857420029372428,False
2009-11-26 01:30:00+00:00,4.494074500728273,3.316559930289572,3.6910556025873107,5.20085178726567,5.211522466239222,True
2009-11-26 02:00:00+00:00,3.9162483657903526,2.7722384252154493,3.1620471631024425,4.527289595658201,4.5794134670071,False
2009-11-26 02:30:00+00:00,3.559614810122507,2.5534551180601026,2.9078653911506223,3.8768442199545454,3.478203796763631,True
2009-11-26 03:00:00+00:00,3.2672512645651586,2.4057569060005024,2.7444934931301868,3.3658975908037974,2.752941806088531,False
2009-11-26 03:30:00+00:00,2.9562597216518856,2.2775938340718236,2.6504402482707707,3.065657031529332,2.998509744009955,True
2009-11-26 04:00:00+00:00,2.7111877967707243,2.1680459079282213,2.5570941399218143,2.834156998415001,3.244077681931379,False
2009-11-26 04:30:00+00:00,2.5617174458054928,2.0569721980521316,2.3473522651888885,2.5813630666833207,3.2251202922815025,True
2009-11-26 05:00:00+00:00,2.471207885643335,1.973598960554879,2.1539280180007854,2.4372655953601403,3.175267106978345,False
2009-11-26 05:30:00+00:00,2.4343250683133344,1.9361472600692509,2.0677049684416304,2.4320528676839723,2.8569324139099845,True
2009-11-26 06:00:00+00:00,2.408506530777042,1.9034417095602985,2.0291310093945927,2.427144282249611,2.5694935164949047,False
2009-11-26 06:30:00+00:00,2.3866125204819477,1.8591481379613337,2.3135267558636388,2.370329119421104,2.7638794465043524,True
2009-11-26 07:00:00+00:00,2.3592557809892627,1.79839885768593,2.5979225023326853,2.3181446259692606,2.9582653765138,False
2009-11-26 07:30:00+00:00,2.2843447084235233,1.6635004143753251,2.5523040704928794,2.3263104140615223,2.7835887810401663,True
2009-11-26 08:00:00+00:00,2.1826826453132018,1.536473502945471,2.4562230496612507,2.334476202153784,2.509854561790385,False
2009-11-26 08:30:00+00:00,2.063615278461972,1.4833952088597442,2.2868922232787523,2.195406737254294,2.282861521174441,True
2009-11-26 09:00:00+00:00,1.990553639772126,1.4599328078856746,2.105486155122866,2.0074772333127773,2.1549261043346437,False
2009-11-26 09:30:00+00:00,2.006271605947321,1.4876173313760148,1.9770170061805,1.913362724602523,2.1978035870509025,True
2009-11-26 10:00:00+00:00,2.0447039846517296,1.5546463344851995,1.911085688003345,1.868108254934296,2.303956183367982,False
2009-11-26 10:30:00+00:00,2.138605364753883,1.7175262366781328,2.0470888625968495,1.959805915450815,2.606505243325536,True
2009-11-26 11:00:00+00:00,2.326763372789075,2.0197390053549142,2.3330120427092558,2.1848038272390324,3.1429203590550574,False
2009-11-26 11:30:00+00:00,2.8635413667407925,2.6507837388389133,2.7474341371468918,2.811291591310882,4.006170917992399,True
2009-11-26 12:00:00+00:00,3.6981111066358983,3.562398801891963,3.369249176618998,3.87022315357106,5.180593439669843,False
2009-11-26 12:30:00+00:00,4.722599986308671,4.687886803363299,4.621156084066581,5.565022398650194,6.7427336568255605,True
2009-11-26 13:00:00+00:00,5.797633969024154,5.832515055284713,5.671786588408117,7.312946392599144,8.200015156308266,False
2009-11-26 13:30:00+00:00,6.706772502999897,6.675354329160363,5.850231948920083,8.413463085562979,9.019703719420248,True
2009-11-26 14:00:00+00:00,7.469151860811294,7.486307484978957,6.032787772960292,9.24547053514281,9.710704803608088,False
2009-11-26 14:30:00+00:00,7.976318381823325,8.614062583523603,7.294244172389014,9.779338633014522,10.452498046609344,True
2009-11-26 15:00:00+00:00,8.498636275637105,9.427506663663998,8.873234366169198,10.344797588623004,11.19832809252156,False
2009-11-26 15:30:00+00:00,9.614268390313244,9.646635192459472,9.831844343514453,11.787578368158766,12.159654698023596,True
2009-11-26 16:00:00+00:00,10.396200418903632,9.733572931594434,10.31277351553268,12.848408735011915,12.742177565098933,False
2009-11-26 16:30:00+00:00,10.306665166517986,9.4545578445789,9.78942142634804,12.569192399475,12.620894893370316,True
2009-11-26 17:00:00+00:00,10.116436721924876,9.009575668548466,9.069040220671711,12.289976063938084,12.389227416384648,False
2009-11-26 17:30:00+00:00,9.706671069578158,8.632050624539156,8.682119325424225,12.302900830464882,12.0392841074444,True
2009-11-26 18:00:00+00:00,9.397598609438903,8.396614526350964,8.492227546668428,12.31582559699168,11.799725603761203,False
2009-11-26 18:30:00+00:00,9.414612911144602,8.371506540527456,9.013200743469113,11.96640176303894,12.057598336669606,True
2009-11-26 19:00:00+00:00,9.431627212850302,8.34482313151363,9.534173940269802,11.34718134511932,12.31547106957801,False
2009-11-26 19:30:00+00:00,8.86933965173922,7.19438813635724,8.32449972493939,10.839725293427502,10.752661518481826,True
2009-11-26 20:00:00+00:00,7.747689269689565,5.3631828404229696,6.384226495531552,10.128972511638231,8.124938231878232,False
2009-11-26 20:30:00+00:00,6.072657260235568,3.769373588099534,4.656173891483661,8.155083480203288,5.716099025036637,True
2009-11-26 21:00:00+00:00,4.414668116283084,2.6793751359067257,3.658720301513195,5.891623920868974,3.793842627327797,False
2009-11-26 21:30:00+00:00,3.4556355954181535,2.399983011878725,3.697826768737149,4.506094255688563,2.8053233451012054,True
2009-11-26 22:00:00+00:00,2.8067878785434184,2.202637846025623,3.736933235961103,3.508402945084633,2.215730290426354,False
2009-11-26 22:30:00+00:00,2.4190266979656823,1.9507846528656951,2.9602505318595322,2.8431831406148227,1.9302656055853429,True
2009-11-26 23:00:00+00:00,2.154038175828757,1.716351581051952,2.148784692809276,2.414734521634666,1.7513325441478511,False
2009-11-26 23:30:00+00:00,1.9752453172552376,1.503387738016772,2.0950165746086946,2.220533390974721,1.6477753278555138,True
2009-11-27 00:00:00+00:00,1.8250876250850976,1.3592742684664514,2.076031591356798,2.045377742896323,1.5389244315039985,False
2009-11-27 00:30:00+00:00,1.638842253949787,1.3148135355199544,2.085275814216515,1.651192337851514,1.2037488390493607,True
2009-11-27 01:00:00+00:00,1.5080016673238077,1.274986579450524,2.094520037076232,1.3760157521227294,0.9467400020732968,False
2009-11-27 01:30:00+00:00,1.4652045451035036,1.1623624733104516,1.7496001540850763,1.4669103906260124,1.0406832826623442,True
2009-11-27 02:00:00+00:00,1.44772996497654,1.079176082186264,1.4046802710939206,1.5578050291292955,1.1346265632513917,False
2009-11-27 02:30:00+00:00,1.5077514192499555,1.0791398930428484,1.4298548441514625,1.4062654795258722,1.0572088106568986,True
2009-11-27 03:00:00+00:00,1.5677728735233711,1.079127826031887,1.472664569830361,1.2547259299224494,0.9797910580624056,False
2009-11-27 03:30:00+00:00,1.4211469396981489,1.0791519541090753,1.5181304839327234,1.2547415921078058,1.032744201529028,True
2009-11-27 04:00:00+00:00,1.2745210058729266,1.079176082186264,1.545961245413729,1.2547884186532017,1.0856973449956502,False
2009-11-27 04:30:00+00:00,1.288646117057394,1.0433171065066955,1.3767897310439696,1.2615567596062816,1.056978212002365,True
2009-11-27 05:00:00+00:00,1.32137794142921,1.007458130827127,1.20761821667421,1.2791295611031015,1.0141626916749171,False
2009-11-27 05:30:00+00:00,1.391711275042095,1.0505376149469807,1.293591725306508,1.368526236067696,0.9838487741311424,True
2009-11-27 06:00:00+00:00,1.5021946014887393,1.131112245486739,1.3795652339388058,1.476704164016947,0.96763124392153,False
2009-11-27 06:30:00+00:00,1.6720273704755497,1.2266263093174596,1.2585973359353786,1.5152858333433816,1.7654603016400554,True
2009-11-27 07:00:00+00:00,1.8378548297263384,1.3216615678048276,1.1376294379319516,1.561300189116633,2.5632893593585813,False
2009-11-27 07:30:00+00:00,1.946491911644051,1.4007056300135527,1.1797052934804897,1.878412834428682,2.190527719368667,True
2009-11-27 08:00:00+00:00,2.000377597276678,1.4427333511457263,1.256875440748466,2.1584759154054787,1.817766079378753,False
2009-11-27 08:30:00+00:00,1.949105473065815,1.3809062938159204,1.344641443141245,1.9704532051093258,1.8678187769946124,True
2009-11-27 09:00:00+00:00,1.897833348854952,1.3190792364861146,1.427485883055074,1.782430494813173,1.9812657045470916,False
2009-11-27 09:30:00+00:00,2.01555917846684,1.5284997565755352,1.4715306457876385,2.1336335864000153,2.203599663499325,True
2009-11-27 10:00:00+00:00,2.254076875608444,1.8783987465554652,1.520857006012072,2.690637780609986,2.545940388619645,False
2009-11-27 10:30:00+00:00,2.5653356160410157,2.1272360625656317,1.6233323745373716,3.045432775048531,2.993982214631891,True
2009-11-27 11:00:00+00:00,3.0046681728043194,2.4429311754166143,1.8156073496305047,3.4433890840003083,3.5926932129623275,False
2009-11-27 11:30:00+00:00,3.642925522206579,3.080536206547809,2.4845748026096213,4.058322403073872,4.442581816939081,True
2009-11-27 12:00:00+00:00,4.48213767035741,4.005030841075563,3.484530175300026,4.914247151794774,5.439905884880213,False
2009-11-27 12:30:00+00:00,5.538954608545262,5.315685216503343,4.454319885327492,6.181555390582154,6.418644757914882,True
2009-11-27 13:00:00+00:00,6.782460362086589,6.696682051856692,5.497732355727683,7.849992213699696,7.45176268257341,False
2009-11-27 13:30:00+00:00,8.30053065371641,7.734730447727699,6.654414510592515,10.347463976353879,8.605201148798159,True
2009-11-27 14:00:00+00:00,9.632982982564537,8.641778855596986,7.735288420433358,12.385421735851292,9.745428591253516,False
2009-11-27 14:30:00+00:00,10.38494592196996,9.520388231695028,8.547002840062353,13.030692019300787,10.733157229839538,True
2009-11-27 15:00:00+00:00,10.952067091486963,10.20646085257464,9.26371247485671,13.451430557523242,11.666154225233582,False
2009-11-27 15:30:00+00:00,11.531023833983502,10.650668965167116,10.015761624898081,13.815666092142596,12.713158525177091,True
2009-11-27 16:00:00+00:00,11.843931011187658,10.90317474023383,10.618195829763083,14.12850043644147,13.491398462424302,False
2009-11-27 16:30:00+00:00,11.723066774806947,10.962177900393232,10.941253587951696,14.398673408094854,13.753754799913107,True
2009-11-27 17:00:00+00:00,11.521920857275632,11.018108486137525,11.224598961065206,14.704642714075476,14.00096561727234,False
2009-11-27 17:30:00+00:00,11.321655952011941,11.278362559019307,11.694999711497308,15.279377357088464,14.68301974524001,True
2009-11-27 18:00:00+00:00,11.201672727898858,11.49235995700866,11.995676208655295,15.84591707017035,15.32640474325354,False
2009-11-27 18:30:00+00:00,11.432441714532601,11.461208682903433,11.814958337434147,16.12525047491468,15.534586307772713,True
2009-11-27 19:00:00+00:00,11.663210701166342,11.387317105134294,11.57241327899138,16.385729717555243,15.698816786904205,False
2009-11-27 19:30:00+00:00,11.590414020994764,11.161458809655658,11.489880466009732,16.888376264893523,15.972221133676978,True
2009-11-27 20:00:00+00:00,11.444339132833797,10.928314215547406,11.3977242993858,17.22664007752986,16.14421356156768,False
2009-11-27 20:30:00+00:00,11.259013506216347,10.869262698325684,11.116020560713837,16.56104428193456,15.958418975458539,True
2009-11-27 21:00:00+00:00,11.000766360456154,10.800372300741406,10.61241775764642,15.392806811963789,15.572195335139178,False
2009-11-27 21:30:00+00:00,10.615340435207933,10.03141032232153,9.439067881158671,14.199466797694475,15.002247092984693,True
2009-11-27 22:00:00+00:00,10.14280783848707,8.934740442316372,8.292570221193927,13.167808644870266,14.232524932380096,False
2009-11-27 22:30:00+00:00,9.652709137594446,8.219141475950877,7.917085412485127,12.676969270634011,13.27300799302479,True
2009-11-27 23:00:00+00:00,9.119839142274088,7.60859804974765,7.600590081673046,12.184534056375842,12.24411249327373,False
2009-11-27 23:30:00+00:00,8.548664783010395,7.127836773795595,7.123654880977282,11.144386525052958,11.377440879234866,True
2009-11-28 00:00:00+00:00,7.920132882456545,6.624087238006516,6.563695840468911,9.925193028416924,10.464322510957468,False
2009-11-28 00:30:00+00:00,7.143136307617183,5.815528708225432,5.8504032756877535,8.925370130359308,9.181880640234622,True
2009-11-28 01:00:00+00:00,6.418640886280352,5.013510602856856,5.241930225431254,7.987129850538016,8.007773246666611,False
2009-11-28 01:30:00+00:00,5.9298635406861,4.457758826593865,4.972829635420859,7.017647107733611,7.345341075418539,True
2009-11-28 02:00:00+00:00,5.520791644274069,4.062521842104589,4.725340893548825,6.235609545333714,6.787271984028142,False
2009-11-28 02:30:00+00:00,5.0765656281696305,3.8595490107060986,4.223413198046634,5.801688219129771,6.137996400599924,True
2009-11-28 03:00:00+00:00,4.79137743434245,3.671874222375862,3.825365739684322,5.44411518672838,5.581043459728015,False
2009-11-28 03:30:00+00:00,4.744281752999573,3.3139183112803465,3.7547671385127512,5.022779614690048,5.226242710276196,True
2009-11-28 04:00:00+00:00,4.695957214354997,3.0052714480501765,3.6863170765596247,4.665696433710216,4.931923423180269,False
2009-11-28 04:30:00+00:00,4.191416840597547,2.896939399805215,3.304754534252509,4.464270816288913,4.592219387758168,True
2009-11-28 05:00:00+00:00,3.7302961335024576,2.815550732068748,2.9812636035762927,4.266334499725211,4.37048031774455,False
2009-11-28 05:30:00+00:00,3.7378552143040125,2.699335809852951,2.9864540934898725,3.841744137757612,4.317365333614639,True
2009-11-28 06:00:00+00:00,3.75754963357508,2.6300213039249605,3.001202157417202,3.545637609695954,4.296812009446145,False
2009-11-28 06:30:00+00:00,3.837529162107106,2.6544234944333795,3.237415069564209,3.6660778324243988,4.585243665329449,True
2009-11-28 07:00:00+00:00,3.979306293656574,2.7147474241864025,3.464070407697466,3.885467611967632,5.068089380006912,False
2009-11-28 07:30:00+00:00,4.196357100198944,2.92220781699225,3.4541578973587552,4.105575307433669,5.483412658562181,True
2009-11-28 08:00:00+00:00,4.423072696337019,3.187245170075482,3.4442453870200445,4.359304257941765,5.852230872774368,False
2009-11-28 08:30:00+00:00,4.554602710838201,3.344852767741236,3.738161580867341,4.637678141262255,6.091045017961661,True
2009-11-28 09:00:00+00:00,4.691342850285232,3.4967223756612813,4.192891545124467,4.961301451395897,6.3272503169934415,False
2009-11-28 09:30:00+00:00,4.919837971424491,3.6624632093119938,4.463364461116944,5.36876382515841,6.661933124947289,True
2009-11-28 10:00:00+00:00,5.216954099145385,3.9022284015831383,4.756766779198014,5.830344409161972,7.075766906252996,False
2009-11-28 10:30:00+00:00,5.543764993266101,4.5439851830856215,5.199933521948813,6.2568021805700145,7.558961671684334,True
2009-11-28 11:00:00+00:00,6.002197255739453,5.503597980577002,5.811900039425354,6.825316572867887,8.197244500992781,False
2009-11-28 11:30:00+00:00,6.952497496941127,6.658173618990584,6.773296159303771,8.15380235902631,9.266482036684215,True
2009-11-28 12:00:00+00:00,8.193678989031323,7.896053054892832,7.937211215225631,9.838610233933576,10.546282054422084,False
2009-11-28 12:30:00+00:00,9.546703772995139,9.038873214113531,9.321430216231903,11.385402015886205,11.810462208087376,True
2009-11-28 13:00:00+00:00,10.65759160191254,10.022781661721668,10.261273182509902,12.673308099859304,12.918168427660833,False
2009-11-28 13:30:00+00:00,11.180323378081821,10.866660455169892,10.393617050099293,13.59493330721306,13.713758835615478,True
2009-11-28 14:00:00+00:00,11.588403244852447,11.326024991358755,10.505950940857735,14.08608013781338,14.285301998830274,False
2009-11-28 14:30:00+00:00,12.07738697803116,11.346351277119478,10.847987385767468,14.14614519474691,14.641115235072032,True
2009-11-28 15:00:00+00:00,12.44575071996951,11.366268279493456,11.206654089476658,14.173027099148207,14.889801588638068,False
2009-11-28 15:30:00+00:00,12.631761711369274,11.755775341741211,11.361170365342888,14.186372915695292,15.080636381643183,True
2009-11-28 16:00:00+00:00,12.715250076603173,12.126172774373364,11.516019047473272,14.191948800957862,15.199783291488512,False
2009-11-28 16:30:00+00:00,12.47048356767071,11.945016066459665,11.811458861359148,13.586630456792376,15.236884660357932,True
2009-11-28 17:00:00+00:00,12.225717058738246,11.681252066653434,12.223859203536067,12.98131211262689,15.276553678355066,False
2009-11-28 17:30:00+00:00,12.518792710205485,11.568517683988707,12.950831609472443,14.760346563315384,15.546496921764877,True
2009-11-28 18:00:00+00:00,12.811868361672724,11.418449849421966,13.453204950345782,16.539381014003876,15.783106793143189,False
2009-11-28 18:30:00+00:00,12.119728732690694,10.186795988329443,11.94090668959815,15.181515559272121,14.095822936807652,True
2009-11-28 19:00:00+00:00,11.040418687342411,8.668040600029622,10.31540194471019,13.724254546560436,12.408539080472115,False
2009-11-28 19:30:00+00:00,10.361871532195186,8.084597861593428,10.193885577011173,13.617687553630754,13.116314167356471,True
2009-11-28 20:00:00+00:00,9.664735553526665,7.5116923669205535,10.071381293656732,13.510359132995086,13.824089254240825,False
2009-11-28 20:30:00+00:00,8.712617153347304,6.270467473330508,8.478087674676111,12.251031723559668,11.229674799703776,True
2009-11-28 21:00:00+00:00,7.685894310264451,4.987884440143361,6.506123287894778,10.355595512238798,7.762070693289181,False
2009-11-28 21:30:00+00:00,6.778873692775219,4.259685471047607,5.754011301991831,8.991981359335476,6.368320820104097,True
2009-11-28 22:00:00+00:00,5.818591470943192,3.646831259371029,5.143709924717423,7.594092391555478,5.308996392379624,False
2009-11-28 22:30:00+00:00,4.471709500644458,2.965999450601574,4.443381563031567,5.661180836874014,4.234748079026537,True
2009-11-28 23:00:00+00:00,3.327654172660798,2.404003181018441,3.6950400856576895,4.107019190479884,3.3873903733173005,False
2009-11-28 23:30:00+00:00,2.7571891834662705,2.007541397620792,2.6068257661590364,3.505623381662446,2.845861025476012,True
2009-11-29 00:00:00+00:00,2.4267842647088758,1.798008682594792,1.9176791213163296,3.096324189597441,2.463872075866578,False
2009-11-29 00:30:00+00:00,2.3015522976608596,1.7799605861891117,2.5131384949410323,2.7552681430044075,2.216123754159252,True
2009-11-29 01:00:00+00:00,2.19952690047557,1.7625398820063618,3.108597868565735,2.436001776912962,2.009215642446372,False
2009-11-29 01:30:00+00:00,2.0208161302036896,1.5905664775758637,2.3332158830083394,1.9789880834921953,1.734662627289779,True
2009-11-29 02:00:00+00:00,1.866593028705432,1.4068261193117837,1.5578338974509442,1.6644483664079732,1.571602602679975,False
2009-11-29 02:30:00+00:00,1.7987571212381042,1.3742634293059166,1.5874811213314797,1.6223862671229046,1.5728118533212623,True
2009-11-29 03:00:00+00:00,1.750480442021797,1.3406630056812083,1.617128345212015,1.586421388467251,1.5740211039625496,False
2009-11-29 03:30:00+00:00,1.6992987352220859,1.09559993422999,1.557040896623848,1.4535361620849587,1.2310996721051284,True
2009-11-29 04:00:00+00:00,1.6716021359166362,0.8794679598667471,1.4969534480356812,1.3499841356433988,0.8881782402477071,False
2009-11-29 04:30:00+00:00,1.6750852246281605,0.9645010338274533,1.522839508079815,1.7225554315265255,1.5420576062424995,True
2009-11-29 05:00:00+00:00,1.6785683133396845,1.0748400258854929,1.5487255681239485,2.1707660813254104,2.195936972237292,False
2009-11-29 05:30:00+00:00,1.6327477779715478,1.1216464917860454,1.4080117763940796,2.2658517822398148,1.9213962881818758,True
2009-11-29 06:00:00+00:00,1.586927242603411,1.1431470395892642,1.267297984664211,2.3562272189785487,1.64685560412646,False
2009-11-29 06:30:00+00:00,1.6302893703697838,1.1308206456324181,1.382142355556045,2.6734353339277304,1.807903944140176,True
2009-11-29 07:00:00+00:00,1.7255565774730188,1.1184942516755716,1.531551336993264,2.95960782557486,2.1016208068351125,False
2009-11-29 07:30:00+00:00,1.9274705916868662,1.185441442372367,1.5766529534590108,3.0051197841304185,2.4864559101593855,True
2009-11-29 08:00:00+00:00,2.138867138546773,1.2939880173269074,1.6251718866464704,3.0515529547342046,2.738622490802439,False
2009-11-29 08:30:00+00:00,2.2568899028818277,1.393886607757097,1.8455532511260693,3.435744101631818,2.727876522218077,True
2009-11-29 09:00:00+00:00,2.313525055233961,1.4521858139295412,2.02795268833857,3.779120570043168,2.69807254622115,False
2009-11-29 09:30:00+00:00,1.8670885666545445,1.341084654543487,1.8202605735065538,3.415610875388597,2.3814206912141636,True
2009-11-29 10:00:00+00:00,1.4205583889252755,1.1154734891113467,1.4607695574239077,2.892429561584001,2.063049170995263,False
2009-11-29 10:30:00+00:00,1.420417835536831,0.7001898638521455,1.0582291036783305,2.6277679928511097,2.040989479499319,True
2009-11-29 11:00:00+00:00,1.4203709712982393,0.3994162446390307,0.8074875511833829,2.393337482781128,2.0185840704915408,False
2009-11-29 11:30:00+00:00,1.7829060308923597,1.2536533210120742,1.0956869702534513,2.059675439851587,1.584614766267306,True
2009-11-29 12:00:00+00:00,2.419360853661224,2.256573140936166,1.5823945627217115,1.8554539574091615,1.1717688521793852,False
2009-11-29 12:30:00+00:00,3.1628659110273065,2.445377958074656,2.009526426741385,1.8880982814809393,1.9394591826832404,True
2009-11-29 13:00:00+00:00,3.632451205218645,2.61062969095744,2.396520921302016,1.979999714960501,2.92085897206112,False
2009-11-29 13:30:00+00:00,3.510200330536754,2.9437936482446614,2.6302691157809344,2.9878119985182994,3.20025674548172,True
2009-11-29 14:00:00+00:00,3.3879494558548635,3.464274337637089,2.9149680419040784,4.427209922771958,3.4865020797241693,False
2009-11-29 14:30:00+00:00,4.111998234499664,4.465141237297944,3.79850910739408,5.239274474398779,4.268747790551294,True
2009-11-29 15:00:00+00:00,5.38150830721506,5.796217648359625,5.089672335311343,6.066479983865086,5.490155680759364,False
2009-11-29 15:30:00+00:00,6.660596067051371,7.374826785727445,6.509370255782631,7.264940496568668,7.405935825929489,True
2009-11-29 16:00:00+00:00,7.790915584939269,8.659951687136736,7.941810966286273,8.710957733703143,9.353994845207586,False
2009-11-29 16:30:00+00:00,8.487048537523568,9.213186282508135,9.333481756506716,10.564599269106033,10.522123834428896,True
2009-11-29 17:00:00+00:00,8.973814847017215,9.58351230403907,10.196948942720809,12.214960484438215,11.510396873401868,False
2009-11-29 17:30:00+00:00,9.334601453208037,9.926449433284711,10.359210219583733,13.201575962907652,12.741970952196947,True
2009-11-29 18:00:00+00:00,9.52213342646036,10.103123469527963,10.419988612410014,13.819393157586394,13.461402908055575,False
2009-11-29 18:30:00+00:00,9.54400243004158,9.615263438871963,10.379440319799624,14.091019810405227,13.312395467587361,True
2009-11-29 19:00:00+00:00,9.55179965752977,8.931377760815367,10.272874047481634,14.288408336395252,13.050750651817724,False
2009-11-29 19:30:00+00:00,9.295983060979719,8.639550985549194,9.771083405613027,14.53956892855218,12.839273027992053,True
2009-11-29 20:00:00+00:00,8.870963524383018,8.342192544040538,8.984663893878258,14.683505819025296,12.551717156402033,False
2009-11-29 20:30:00+00:00,8.567742953662034,7.786243414709726,8.18269782615049,14.039080247980426,11.920820194557336,True
2009-11-29 21:00:00+00:00,8.198128841166875,7.065745902390334,7.445409614940951,12.827500263818605,11.002808027295266,False
2009-11-29 21:30:00+00:00,7.505062519809767,6.2544884846512785,7.016569961996245,11.470049457049429,9.887400849155618,True
2009-11-29 22:00:00+00:00,6.625860120713046,5.348420946538609,6.535306064595424,9.910369842836078,8.534756679981577,False
2009-11-29 22:30:00+00:00,5.696483869780966,4.284091436457813,5.182324699740903,8.232721877005309,6.7910819781230245,True
2009-11-29 23:00:00+00:00,4.806228849459544,3.3583546232716803,3.89535451842658,6.653768203666858,5.156579388473226,False
2009-11-29 23:30:00+00:00,4.089434686529341,2.8259191264659402,3.4159601047598875,5.41413360293619,4.057103379850543,True
2009-11-30 00:00:00+00:00,3.485656293288338,2.4048317873550964,3.208947745064642,4.3729207310396605,3.2766678145991226,False
2009-11-30 00:30:00+00:00,2.987696958482481,1.9619383731198785,3.2361591998821444,3.470841787225123,2.8299346947712274,True
2009-11-30 01:00:00+00:00,2.5743971318323067,1.647948055039427,3.2633706546996466,2.760769404213825,2.459231881098108,False
2009-11-30 01:30:00+00:00,2.2258387805300277,1.5288960096570396,3.03351627595579,2.2573983170610097,1.963050598713289,True
2009-11-30 02:00:00+00:00,1.9518308256207424,1.4383490386905835,2.632656284822989,1.901488975473296,1.6052699282266725,False
2009-11-30 02:30:00+00:00,1.763760351843639,1.3248863432507825,2.1778881478732455,1.6842491576926226,1.5163687789142617,True
2009-11-30 03:00:00+00:00,1.609753946305915,1.2192010472491692,1.885482595209276,1.5170698217641223,1.4366018772405005,False
2009-11-30 03:30:00+00:00,1.4539605976361094,1.117645883989953,1.8765034714409798,1.3582237462593283,1.2111497007589092,True
2009-11-30 04:00:00+00:00,1.3341129252310928,1.0618801131375617,1.8677871503169352,1.2265254606337164,0.9879942547204024,False
2009-11-30 04:30:00+00:00,1.2700572379451154,1.1388109832884958,1.7532176975180995,1.123825609144066,0.8784515860614726,True
2009-11-30 05:00:00+00:00,1.2199018034364275,1.2157418534394298,1.5505833568435872,1.0464266576565835,0.827902285205357,False
2009-11-30 05:30:00+00:00,1.1573034774109332,1.0796407544372033,1.2562673399194841,1.000538042759026,0.8917516075273423,True
2009-11-30 06:00:00+00:00,1.1211808088158837,0.939979723460008,1.0583964363299765,0.9551419907029464,0.9556009298493277,False
2009-11-30 06:30:00+00:00,1.1568956086084352,0.9359604605563675,1.2266390563399165,0.8743669340687352,0.9095967298733312,True
2009-11-30 07:00:00+00:00,1.1926104084009868,0.9326711607493916,1.3948816763498566,0.7834794095734351,0.8301447094714781,False
2009-11-30 07:30:00+00:00,1.0771242555237608,0.9233857173974692,1.2370048336739177,0.6889302898130849,0.741764453565589,True
2009-11-30 08:00:00+00:00,0.9616381026465348,0.9075799415901818,1.0791279909979787,0.6342907962051589,0.6868320180855562,False
2009-11-30 08:30:00+00:00,1.0628706066838598,0.8767641047271486,1.079196010329876,0.6523672610000953,0.6922022443404627,True
2009-11-30 09:00:00+00:00,1.1866296007289865,0.834156521403364,1.079399778063421,0.6704437257950319,0.7053254894314399,False
2009-11-30 09:30:00+00:00,1.226059515036631,0.7737346584510126,1.2065757165853663,0.6154315831262605,0.7352916269223794,True
2009-11-30 10:00:00+00:00,1.2429629393364738,0.7344548432930817,1.333615906705664,0.5604194404574889,0.8013143864899297,False
2009-11-30 10:30:00+00:00,1.22577801250826,0.7911297568801744,1.21792722742647,1.2028474717727846,1.3256603580152624,True
2009-11-30 11:00:00+00:00,1.1982955480960245,0.8652410095366495,1.1022385481472758,1.84527550308808,1.8061966886279133,False
2009-11-30 11:30:00+00:00,1.1824782833879302,0.8878720313413022,1.1117408623562521,1.8352682004552254,1.5102805509290163,True
2009-11-30 12:00:00+00:00,1.160080351959911,0.9127928603819794,1.131693111913344,1.8066520425680808,1.214364413230119,False
2009-11-30 12:30:00+00:00,1.0069822177687637,1.0384665419294097,1.1728981299000918,1.3658526316897475,1.3315967061697491,True
2009-11-30 13:00:00+00:00,0.8707622878815625,1.1444140771714335,1.2036532125387236,0.7840827658149104,1.4488289991093792,False
2009-11-30 13:30:00+00:00,1.003038405473034,1.0646816600790319,1.0453231028674943,0.472307856531577,0.8665566410741568,True
2009-11-30 14:00:00+00:00,1.2725843499462988,0.9849492429866304,0.8869929931962651,0.3201122574990375,0.2842842830389342,False
2009-11-30 14:30:00+00:00,1.7745709388709558,1.2101691775189867,0.9979634051482846,0.5124570808334884,0.4375436893031846,True
2009-11-30 15:00:00+00:00,2.13928770091382,1.4997376647748737,1.148459662445865,0.8655953459137072,0.7327264655011346,False
2009-11-30 15:30:00+00:00,2.0177073426513568,1.5833092291431283,1.2029834903611192,1.2346591662264501,1.1146810248798686,True
2009-11-30 16:00:00+00:00,1.8961269843888937,1.6713338053709557,1.2617693392437668,1.649084313316416,1.5060701833115655,False
2009-11-30 16:30:00+00:00,2.088915809066509,1.94832777850535,1.419573169521013,2.0880530866162834,1.7487261045501434,True
2009-11-30 17:00:00+00:00,2.38233571143099,2.365952049111303,1.647375909805182,2.5193910895296976,2.0034982547989526,False
2009-11-30 17:30:00+00:00,2.5492579723208544,2.9351455081239113,1.934031412978996,2.8745060788014714,2.51632905439284,True
2009-11-30 18:00:00+00:00,2.7257524291443023,3.421058543092506,2.2026640283133903,3.2495488304637883,2.9574730299397527,False
2009-11-30 18:30:00+00:00,3.0202689886071292,3.5854780824076298,2.341930446494551,3.8332917012448475,3.067766381625239,True
2009-11-30 19:00:00+00:00,3.3410779158524853,3.752654461427668,2.4950353694505285,4.337371157691258,3.1847908812597425,False
2009-11-30 19:30:00+00:00,3.596496768886662,4.372758313811025,2.9352234655170926,4.528792417705998,3.84100849194245,True
2009-11-30 20:00:00+00:00,3.831763602660585,4.9113920012379575,3.370971071805916,4.710041012991211,4.663946857990541,False
2009-11-30 20:30:00+00:00,4.049635087466582,4.986779749140864,3.5178964326898945,5.067992279553832,5.1608336518289954,True
2009-11-30 21:00:00+00:00,4.274310073706302,5.014729384284632,3.647754183466561,5.540460510237287,5.491056796621862,False
2009-11-30 21:30:00+00:00,4.613578959792875,4.903000767055953,3.9341903931538176,6.248688526373841,5.669770371675734,True
2009-11-30 22:00:00+00:00,4.829700722302998,4.664228540381862,4.132532309470855,6.713783896926652,5.749908318510875,False
2009-11-30 22:30:00+00:00,4.63190224094825,4.246222994801628,3.957145966544588,6.272460235482543,5.381220062866583,True
2009-11-30 23:00:00+00:00,4.268262664632989,3.7405231550163993,3.636923958952648,5.62090091314391,4.777372764296188,False
2009-11-30 23:30:00+00:00,3.8356791119886444,3.2889983406432073,3.2812957207704185,5.2769146453704385,4.3096488098842896,True
2009-12-01 00:00:00+00:00,3.457754509618436,2.937841296837442,2.939800494240288,4.937501176456716,3.866609819763705,False
2009-12-01 00:30:00+00:00,3.3067551738086047,2.7766100515186207,2.7215903647437987,4.472919871811496,3.459119991764953,True
2009-12-01 01:00:00+00:00,3.1513191619948357,2.6179382536680587,2.5215673566044177,3.904326825046527,3.083897673908096,False
2009-12-01 01:30:00+00:00,2.779886347088553,2.309851876624384,2.2869404046375834,3.2016989634717343,2.741375745653787,True
2009-12-01 02:00:00+00:00,2.209011336923953,1.8749395527457264,2.034432588488067,2.3580319049364675,2.429500442254057,False
