TIMESTAMP,ARG_TRE_Nan_Jt_1,ARG_TRE_Nan_Jt_2,ARG_TRE_Nan_Jt_3,ARG_TRE_Nan_Jt_4,interpolated
2009-11-18 03:00:00+00:00,2.8928262574469388,2.277497202791285,3.131661444965827,3.077568320612719,False
2009-11-18 03:30:00+00:00,2.7096871962686704,1.9907304616553037,2.9717150025011434,3.749905011679187,True
2009-11-18 04:00:00+00:00,2.6303735228685583,1.8835830209046451,2.933174936931404,4.146007133806565,False
2009-11-18 04:30:00+00:00,2.651992994713703,2.0111889496159763,3.1210706824595484,4.309839948717892,True
2009-11-18 05:00:00+00:00,2.673618421358664,2.138794878327308,3.3089664279876927,4.378276441022623,False
2009-11-18 05:30:00+00:00,2.6736243782043396,2.0778656029948386,3.1661805180081304,4.012452282157335,True
2009-11-18 06:00:00+00:00,2.6736303342390912,2.016936327662369,2.99274715200054,3.646628123292048,False
2009-11-18 06:30:00+00:00,2.6819035336504125,2.024405630008085,2.9394069856728837,3.9543849553533237,True
2009-11-18 07:00:00+00:00,2.7025653980193933,2.044674694599844,2.916714275373255,4.2621417874146,False
2009-11-18 07:30:00+00:00,2.771861408933668,2.2170730122409967,2.9289795832298564,3.977611886074929,True
2009-11-18 08:00:00+00:00,2.8755775309496863,2.376671567636106,2.951795764160958,3.6930819847352576,False
2009-11-18 08:30:00+00:00,3.001016183269721,2.3662365672572503,2.98354810696391,3.8614772324669,True
2009-11-18 09:00:00+00:00,3.0796401055414617,2.350614431145565,3.0047495766923618,4.029872480198542,False
2009-11-18 09:30:00+00:00,2.9940992248702054,2.3394024186537026,2.9643727066515146,4.0066455494769375,True
2009-11-18 10:00:00+00:00,2.908558344198949,2.3333775418946705,2.923995836610668,3.983418618755333,False
2009-11-18 10:30:00+00:00,2.9897256779395383,2.7680047554737253,3.0413345691342344,4.639579411640683,True
2009-11-18 11:00:00+00:00,3.1656236596184057,3.408718916830644,3.232624956264497,5.295740204526032,False
2009-11-18 11:30:00+00:00,3.4884234432723407,3.7702814418317407,3.36489776202655,5.278320006484832,True
2009-11-18 12:00:00+00:00,3.8860531268837137,4.077068402203217,3.5166320363428616,5.260899808443633,False
2009-11-18 12:30:00+00:00,4.195919729423852,4.32012636837989,3.7611059666285254,5.518116559768078,True
2009-11-18 13:00:00+00:00,4.526775567450916,4.6300981907492496,4.062624230985473,6.06222891833902,False
2009-11-18 13:30:00+00:00,4.984319153002825,5.77442930767047,4.378136885320889,7.163967203899017,True
2009-11-18 14:00:00+00:00,5.467289941015937,6.700535185250762,4.733013564626405,8.082971891118689,False
2009-11-18 14:30:00+00:00,5.974698952711147,6.448096115544196,5.160220423618213,8.205743554289704,True
2009-11-18 15:00:00+00:00,6.266130978562507,6.195657045837629,5.608376495545451,8.315241198334748,False
2009-11-18 15:30:00+00:00,6.131051677536646,7.388550371569961,6.1203111955007765,8.630417291927358,True
2009-11-18 16:00:00+00:00,5.995972376510784,8.581443697302293,6.421475200318337,9.151410704312534,False
2009-11-18 16:30:00+00:00,6.094486390820566,7.9862605797154655,6.1377110586888675,10.055809446883112,True
2009-11-18 17:00:00+00:00,6.297913065261645,7.391077462128639,5.853946917059399,11.19538060781382,False
2009-11-18 17:30:00+00:00,6.694257732079328,7.395782422337354,6.318899760778329,12.570405413236927,True
2009-11-18 18:00:00+00:00,6.985689738765712,7.400487382546069,6.783852604497261,13.413552491727136,False
2009-11-18 18:30:00+00:00,6.779824097785275,7.092021755962111,6.580604759916449,12.059260724177834,True
2009-11-18 19:00:00+00:00,6.463553837907058,6.628804350754532,6.290945535680073,10.219849517506391,False
2009-11-18 19:30:00+00:00,6.266668034537014,6.354904614382484,6.168173430005613,9.321470577570576,True
2009-11-18 20:00:00+00:00,6.080937745715587,6.112038339796759,6.024810779345401,8.826233674210059,False
2009-11-18 20:30:00+00:00,5.82506324248182,5.812799131272403,5.448489729486114,8.692337250050223,True
2009-11-18 21:00:00+00:00,5.668437843597217,5.637278239585344,4.932294544654529,8.640418228437223,False
2009-11-18 21:30:00+00:00,6.084363500778789,6.006723481453691,4.857580287204686,8.652496232412457,True
2009-11-18 22:00:00+00:00,6.500289157960362,6.376168723322039,4.829742089368456,8.686872089880431,False
2009-11-18 22:30:00+00:00,6.293496873854032,6.319128580135259,4.997493720326645,9.25546735394533,True
2009-11-18 23:00:00+00:00,5.926506852532789,6.169698188210046,5.165245351284834,9.801764764517486,False
2009-11-18 23:30:00+00:00,5.595481519984438,5.411740264286711,5.001533228026313,8.584261874393844,True
2009-11-19 00:00:00+00:00,5.200986693323954,4.410746505686412,4.674544416646891,6.933238820399222,False
2009-11-19 00:30:00+00:00,4.609443292193835,3.8073900043366535,4.2063171779513615,6.163186122332646,True
2009-11-19 01:00:00+00:00,4.034319339164957,3.326290046921894,3.698349287723216,5.690598026793336,False
2009-11-19 01:30:00+00:00,3.609240659081005,2.8684410635389574,3.2492462903873203,5.448368265709431,True
2009-11-19 02:00:00+00:00,3.3914097622228585,2.623761619636418,3.0031606327049394,5.342194065969241,False
2009-11-19 02:30:00+00:00,3.4202829545617797,2.878182001267093,3.1344321393029593,5.522202779061686,True
2009-11-19 03:00:00+00:00,3.4491561469007004,3.132602382897768,3.319071313596181,5.702211492154131,False
2009-11-19 03:30:00+00:00,3.27965367158801,2.7408169312296784,3.426354589977515,5.673177828752126,True
2009-11-19 04:00:00+00:00,3.1101511962753188,2.349031479561589,3.4802701986636477,5.632530699989317,False
2009-11-19 04:30:00+00:00,3.3619981067584486,3.2071060051100893,3.303428108285658,5.617947547737393,True
2009-11-19 05:00:00+00:00,3.613845017241579,4.065180530658589,3.1265860179076688,5.597690303906904,False
2009-11-19 05:30:00+00:00,3.4354328510762198,3.375749060000386,3.130072500978414,3.3186140474002896,True
2009-11-19 06:00:00+00:00,3.0845335573796464,2.546583488570976,3.13355898404916,1.0568253478330445,False
2009-11-19 06:30:00+00:00,2.524921538852696,2.327584904721913,2.884246991408102,2.299466141438933,True
2009-11-19 07:00:00+00:00,2.093963982667472,2.204085137848121,2.5312578070984304,3.542106935044821,False
2009-11-19 07:30:00+00:00,2.0255423926429588,2.122326335612769,2.321309573270552,3.373711687313186,True
2009-11-19 08:00:00+00:00,1.9977869964859127,2.0848028171733524,2.215038531111288,3.2053164395815505,False
2009-11-19 08:30:00+00:00,1.9928140907188916,2.1140708284307492,2.4560423867187815,3.223607647524814,True
2009-11-19 09:00:00+00:00,1.9910076562738912,2.172482425925387,2.697046242326275,3.274997231746364,False
2009-11-19 09:30:00+00:00,2.003303848968182,2.240691880115543,2.5420915080536095,3.897947328341728,True
2009-11-19 10:00:00+00:00,2.035862984862884,2.346356970708462,2.387136773780944,4.598932282877872,False
2009-11-19 10:30:00+00:00,2.17606131572517,2.588404312125663,2.413499536134451,4.728732057821564,True
2009-11-19 11:00:00+00:00,2.4557327675882745,2.915728648962141,2.482762231433373,4.86604198617633,False
2009-11-19 11:30:00+00:00,3.056788216258253,3.188800994890009,2.8089694686563806,5.987995760504854,True
2009-11-19 12:00:00+00:00,3.7917868222747,3.566841245083832,3.3177909647046797,6.99130614720324,False
2009-11-19 12:30:00+00:00,4.4108913677979125,4.904964236470578,3.847904568046944,6.828717632152002,True
2009-11-19 13:00:00+00:00,4.839933248275885,6.000681266818413,4.298575643788722,6.666129117100764,False
2009-11-19 13:30:00+00:00,4.9619412882084575,6.015297849646018,4.514194042924787,9.250125159879364,True
2009-11-19 14:00:00+00:00,5.0982365042574695,6.029904306476905,4.714655363984913,11.834121202657965,False
2009-11-19 14:30:00+00:00,6.510993550153549,7.18607356661506,5.034159360637744,10.585673676371675,True
2009-11-19 15:00:00+00:00,7.805846863430733,8.327814791463606,5.420920658407259,9.337226150085383,False
2009-11-19 15:30:00+00:00,7.237345385662646,7.443781408287517,5.971611015501337,9.349202536238714,True
2009-11-19 16:00:00+00:00,6.668843907894559,6.559748025111428,6.324129485384453,9.372066546167796,False
2009-11-19 16:30:00+00:00,7.891765172675371,7.130609620974402,6.284993684894744,9.392248482922847,True
2009-11-19 17:00:00+00:00,9.114686437456186,7.701471216837378,6.1853465057131976,9.430133872971805,False
2009-11-19 17:30:00+00:00,8.587200213790668,7.44453399398937,5.682239221219109,11.179335968093545,True
2009-11-19 18:00:00+00:00,8.059713990125148,6.910073344667735,5.239643315416856,13.181283184511075,False
2009-11-19 18:30:00+00:00,8.273539184384617,5.842052050020772,5.4288194098365015,13.65293504647668,True
2009-11-19 19:00:00+00:00,8.487364378644084,5.051554181847437,5.6179955042561485,13.843250710076838,False
2009-11-19 19:30:00+00:00,7.812859601144075,5.550857183242838,5.501608741841937,13.428306078623262,True
2009-11-19 20:00:00+00:00,6.986832802194937,6.348026751156128,5.385221979427725,12.68190417399656,False
2009-11-19 20:30:00+00:00,6.7212046142834625,7.0480576504684755,5.410362402635656,11.743880090916619,True
2009-11-19 21:00:00+00:00,6.607098447821117,7.450221983262933,5.468490448784573,11.137313281009805,False
2009-11-19 21:30:00+00:00,6.84966308410453,6.8749132712612,5.643822713595333,11.770247143173556,True
2009-11-19 22:00:00+00:00,7.092227720387943,6.040307505300528,5.786167355465107,12.403181005337307,False
2009-11-19 22:30:00+00:00,7.015557635972067,5.6057144286808285,4.836943245140702,10.395831339353037,True
2009-11-19 23:00:00+00:00,6.821645767806752,5.219981430061289,3.6547058888065886,7.827475653181026,False
2009-11-19 23:30:00+00:00,6.019706981786891,4.770707774143849,3.359072660888618,6.803710859995787,True
2009-11-20 00:00:00+00:00,5.0640319189497225,4.355662887263305,3.0582746109077386,6.340952086998287,False
2009-11-20 00:30:00+00:00,4.63915449867363,4.065431030477346,1.7561193115862952,6.387405948441496,True
2009-11-20 01:00:00+00:00,4.280464667861025,3.760627187970916,0.6921420803374706,6.433859809884705,False
2009-11-20 01:30:00+00:00,3.8317744632316897,3.1553910916332812,1.93764985357066,6.278444317556313,True
2009-11-20 02:00:00+00:00,3.4223203846054946,2.6970754057166246,3.1831576268038497,5.946094264730984,False
2009-11-20 02:30:00+00:00,3.145812507966199,2.6365906922724047,3.1289464496348733,5.349038858857679,True
2009-11-20 03:00:00+00:00,2.883193552612292,2.601470549268156,3.074735272465897,4.65699960968189,False
2009-11-20 03:30:00+00:00,2.5048096823284403,2.5755758305445786,3.5084017055637826,4.050695060669666,True
2009-11-20 04:00:00+00:00,2.189654180559149,2.541136192001753,3.942068138661668,3.7163089154568616,False
2009-11-20 04:30:00+00:00,2.0688347173432438,2.2667551695953336,3.7454729355789493,4.0008388167965325,True
2009-11-20 05:00:00+00:00,1.9522293549510057,2.019414278789569,3.324146740654339,4.285368718136205,False
2009-11-20 05:30:00+00:00,1.6419543597409512,2.186946527460191,2.387451603008488,3.741644759042498,True
2009-11-20 06:00:00+00:00,1.3724400150064553,2.354478776130813,1.675487457204529,2.914979805561474,False
2009-11-20 06:30:00+00:00,1.2995812839441725,2.29176367005436,1.8560589691021647,2.291550495894506,True
2009-11-20 07:00:00+00:00,1.2701848568828336,2.1408797140026645,2.0366304809998,1.951062180614856,False
2009-11-20 07:30:00+00:00,1.2722666641742308,1.591371370967327,1.9280538291138873,1.9917093093776668,True
2009-11-20 08:00:00+00:00,1.278299139015308,1.130031877907232,1.8194771772279743,2.0323564381404777,False
2009-11-20 08:30:00+00:00,1.430813461950244,1.1397708233217403,2.0457865970666163,2.0234109310382364,True
2009-11-20 09:00:00+00:00,1.5793771173355002,1.1679768859424149,2.272096016905259,1.9975160420580644,False
2009-11-20 09:30:00+00:00,1.243293291538481,1.8704763697079902,2.1756990715130424,1.3619142216357525,True
2009-11-20 10:00:00+00:00,0.9072094657414618,2.554508736267399,2.079302126120826,0.7432617830913709,False
2009-11-20 10:30:00+00:00,1.3024354372901668,2.5483017218570816,2.5628101404222954,2.488194567347814,True
2009-11-20 11:00:00+00:00,1.938494021264401,2.5310278297670146,3.046318154723765,4.238914856692997,False
2009-11-20 11:30:00+00:00,2.4115840011240723,2.3325982026949954,2.8803754219479707,4.24474190718932,True
2009-11-20 12:00:00+00:00,2.8422721083890825,2.1452354533027247,2.7144326891721757,4.250528322053791,False
2009-11-20 12:30:00+00:00,3.212920335925716,2.2060967960849562,3.2142240832299143,4.810848094100769,True
2009-11-20 13:00:00+00:00,3.549833675048492,2.330801311904501,3.714015477287653,5.36542099669086,False
2009-11-20 13:30:00+00:00,3.940330043554995,2.5674086793369737,3.583705766844376,4.871848718856742,True
2009-11-20 14:00:00+00:00,4.166130560644487,2.740172873732133,3.4533960564011,4.378276441022623,False
2009-11-20 14:30:00+00:00,4.089723022633787,2.5447987343727827,3.4725257447823688,4.390074247103438,True
2009-11-20 15:00:00+00:00,3.9220675065905817,2.349424595013432,3.4916554331636376,4.424730302465832,False
2009-11-20 15:30:00+00:00,3.514720114615298,2.4997605044238043,2.8130357687436316,5.876229131846158,True
2009-11-20 16:00:00+00:00,3.198620700672518,2.8016970671306685,2.134416104323625,7.304869711944905,False
2009-11-20 16:30:00+00:00,3.7718306046939905,3.2127043911274358,2.444448627728515,6.7067762458635665,True
2009-11-20 17:00:00+00:00,4.667269472124843,3.7215906226665703,3.026062414998951,6.108682779782229,False
2009-11-20 17:30:00+00:00,5.402572777108618,4.391533222798569,3.8567331068540796,6.838838603972456,True
2009-11-20 18:00:00+00:00,5.815647118683013,4.811996262091705,4.415822534843661,7.908769910706649,False
2009-11-20 18:30:00+00:00,5.579684630840037,4.626834393270581,4.012858890588703,8.624490523936357,True
2009-11-20 19:00:00+00:00,5.09087039298173,4.244502372010875,3.2722500267047288,9.000435654622098,False
2009-11-20 19:30:00+00:00,4.12791571394992,3.5253006606536004,2.278877820970335,8.32774326975724,True
2009-11-20 20:00:00+00:00,3.417812784933444,2.95209070541336,1.623150834864957,7.177121592976075,False
2009-11-20 20:30:00+00:00,3.526149325481873,2.892413544659647,2.283832518894256,6.005702039490596,True
2009-11-20 21:00:00+00:00,3.634485866030302,2.840930190160929,2.944514202923555,5.167992085557201,False
2009-11-20 21:30:00+00:00,3.329275880488085,2.6297619943832156,2.664788077909648,4.9618533687315445,True
2009-11-20 22:00:00+00:00,2.949330486790133,2.461578388672056,2.385061952895741,4.83120159009393,False
2009-11-20 22:30:00+00:00,2.8163741276320042,2.476779565613477,2.6410918236219256,4.6807005593978115,True
2009-11-20 23:00:00+00:00,2.7581531766296106,2.516563728232205,2.8971216943481104,4.598932282877872,False
2009-11-20 23:30:00+00:00,2.8992881221646782,2.7611319506277123,2.6551065007568386,4.703453471125099,True
2009-11-21 00:00:00+00:00,3.0750213667161788,2.981117187345913,2.3253124560247254,4.807974659372325,False
2009-11-21 00:30:00+00:00,3.1365851825856232,2.945078752956071,2.159603128506852,4.79557384042774,True
2009-11-21 01:00:00+00:00,3.163550699438634,2.8659940482452884,2.0719745963755747,4.7615207979291165,False
2009-11-21 01:30:00+00:00,2.9400303126439935,2.6737675163579726,2.0566234468931133,4.43132438873002,True
2009-11-21 02:00:00+00:00,2.716509925849354,2.524587254791597,2.0509703531648973,4.12278020308496,False
2009-11-21 02:30:00+00:00,2.7671049600855633,2.5677830016700756,2.282499178766017,4.6778568811111265,True
2009-11-21 03:00:00+00:00,2.843758267357766,2.6109787485485536,2.720742496613997,5.36542099669086,False
2009-11-21 03:30:00+00:00,2.900921475305073,2.2704835679496234,3.3642023501889975,5.6000599631992785,True
2009-11-21 04:00:00+00:00,2.9320264102163858,1.9254906527880449,3.8009477115171366,5.702211492154131,False
2009-11-21 04:30:00+00:00,2.815952275425427,1.91900342347754,3.714455563391372,4.900068801580996,True
2009-11-21 05:00:00+00:00,2.5958333530638984,1.9163755689595008,3.509041880009528,3.94857822267292,False
2009-11-21 05:30:00+00:00,2.270757216593984,1.9153140527139063,2.807477583188652,3.7041817775897155,True
2009-11-21 06:00:00+00:00,2.04972586769464,1.9148908962384947,2.224834821623855,3.5885607964880304,False
2009-11-21 06:30:00+00:00,2.116228046637206,2.098770279505053,2.4124219720560838,3.5608543862701163,True
2009-11-21 07:00:00+00:00,2.182730225579772,2.282649662771612,2.6000091224883124,3.542106935044821,False
2009-11-21 07:30:00+00:00,2.0916175909707104,1.9240855502020333,2.5266306996465158,3.524176255009736,True
2009-11-21 08:00:00+00:00,1.90642368258137,1.4638082602533788,2.375751539280964,3.4956530736016123,False
2009-11-21 08:30:00+00:00,1.5871649719365832,1.3059757285077827,2.104136609074672,3.1278075512013173,True
2009-11-21 09:00:00+00:00,1.3165872135176064,1.1931390228897276,1.873842651944911,2.485281587211785,False
2009-11-21 09:30:00+00:00,1.2402260449183167,1.067145039459912,1.8134783605971234,1.6168035306804744,True
2009-11-21 10:00:00+00:00,1.209265197873496,0.9978684072816312,1.7892938336965607,1.0452118824722425,False
2009-11-21 10:30:00+00:00,1.2760312679490542,1.1988269580631603,1.7908202483848779,1.5893711347351198,True
2009-11-21 11:00:00+00:00,1.4158137109253277,1.5356373736125797,1.7952950460424617,2.659483567623825,False
2009-11-21 11:30:00+00:00,1.618852514062529,1.792274144554271,1.9072491950043493,4.322952395196695,True
2009-11-21 12:00:00+00:00,1.914243258672024,2.0848028171733524,2.1341075092277144,5.678984561432527,False
2009-11-21 12:30:00+00:00,2.4151620576100923,2.509005150357513,2.5802991498003003,5.959228764927512,True
2009-11-21 13:00:00+00:00,2.897283623593329,3.00192358499317,2.9086382421421417,6.189977037307852,False
2009-11-21 13:30:00+00:00,3.1024197389121513,3.6277248552837147,2.8585307382357374,6.639624672416291,True
2009-11-21 14:00:00+00:00,3.3149837681328966,4.013066257677481,2.808423234329334,7.188735058336884,False
2009-11-21 14:30:00+00:00,3.852715350799312,4.010986666890414,2.973186122284912,7.8593613567823555,True
2009-11-21 15:00:00+00:00,4.487711929207317,4.008907076103348,3.349077375325725,8.350081594417146,False
2009-11-21 15:30:00+00:00,4.9643936523245324,4.127362379026281,4.393013886905089,8.464721033286743,True
2009-11-21 16:00:00+00:00,5.367044306119501,4.338819113464254,5.277285501987563,8.559123970911601,False
2009-11-21 16:30:00+00:00,5.752587007115071,4.5777474402680856,5.357382710998672,8.790723270510684,True
2009-11-21 17:00:00+00:00,5.960896786371198,4.765231006816853,5.386016451421436,8.95398179317889,False
2009-11-21 17:30:00+00:00,5.926060935981671,4.837626976224846,4.897065202881512,8.542850781794924,True
2009-11-21 18:00:00+00:00,5.849308810703188,4.86846627437286,4.231235990584393,8.094585356479499,False
2009-11-21 18:30:00+00:00,5.72366423150089,4.660258576806863,3.971316487558812,8.054876970473343,True
2009-11-21 19:00:00+00:00,5.512268242064598,4.282545658909027,3.7212510700172263,8.013291098953875,False
2009-11-21 19:30:00+00:00,4.921794846119908,3.79555525881991,3.1535909421334063,7.0240607916044615,True
2009-11-21 20:00:00+00:00,4.458989135298169,3.478070079062633,2.7529546925227857,6.073842383699815,False
2009-11-21 20:30:00+00:00,4.727250352658126,3.772318501789635,3.4598601613908766,7.095827335450458,True
2009-11-21 21:00:00+00:00,4.995511570018083,4.0665669245166365,4.166765630258968,8.117812287201103,False
2009-11-21 21:30:00+00:00,4.930978503267323,3.5348621001375937,3.7877885926275976,6.102876047101825,True
2009-11-21 22:00:00+00:00,4.771788717914661,2.9782461207668707,3.167491437239402,4.087939807002546,False
2009-11-21 22:30:00+00:00,4.271717909954894,2.9521711288385943,2.6951466635312054,4.535058223393456,True
2009-11-21 23:00:00+00:00,3.540912161707928,2.9260335689228065,2.2339679534367525,4.982176639784366,False
2009-11-21 23:30:00+00:00,2.7989705390644897,2.423508216195542,1.6661546883973526,4.905963273354097,True
2009-11-22 00:00:00+00:00,2.160041163808323,1.774703899053511,1.325906949711118,4.703453471125099,False
2009-11-22 00:30:00+00:00,1.766066033778924,1.445306069706886,1.3220093156400605,3.29314327137262,True
2009-11-22 01:00:00+00:00,1.503971756513225,1.287160927754219,1.3207002093589184,2.0091295074188733,False
2009-11-22 01:30:00+00:00,1.3373057713415846,1.3034589229186833,1.5140196230584302,3.071761587932321,True
2009-11-22 02:00:00+00:00,1.2540168041205064,1.3197569180831472,1.780114733375815,4.134393668445769,False
2009-11-22 02:30:00+00:00,1.246540606444819,1.3165589772356607,1.92295035975112,3.5355509465347,True
2009-11-22 03:00:00+00:00,1.2389130727526756,1.309255440396555,1.993164363885053,2.531735448654994,False
2009-11-22 03:30:00+00:00,1.0384093298883426,1.2961279327093598,1.993395698621264,1.5104997527340815,True
2009-11-22 04:00:00+00:00,0.8451784638280311,1.271605268950258,1.993472958980974,0.8942368327818067,False
2009-11-22 04:30:00+00:00,0.9179575713808618,1.1760770053034957,1.6527399724584735,1.273778345660214,True
2009-11-22 05:00:00+00:00,1.013635528460047,1.0960494937202592,1.3120069859359726,1.8465409923676288,False
2009-11-22 05:30:00+00:00,1.056533615593533,1.1529178663415542,1.5113766068650418,2.2683285893846086,True
2009-11-22 06:00:00+00:00,1.0765328532006644,1.2097862389628495,1.7107462277941112,2.4968950525725804,False
2009-11-22 06:30:00+00:00,0.9617259015295111,0.9913786928747347,1.4878346501252802,1.9917093093776597,True
2009-11-22 07:00:00+00:00,0.8469189498583578,0.7729711467866198,1.2649230724564489,1.486523566182739,False
2009-11-22 07:30:00+00:00,0.9458914390341523,0.7925877083017532,1.337267990392316,2.107843962985689,True
2009-11-22 08:00:00+00:00,1.078725356033516,0.8122042698168863,1.4578942450427514,2.729164359788639,False
2009-11-22 08:30:00+00:00,1.1434932593922749,0.7912995933066697,1.557855080379017,2.1377360129578453,True
2009-11-22 09:00:00+00:00,1.1743997349274646,0.7703949167964529,1.651174012724975,1.498137031543548,False
2009-11-22 09:30:00+00:00,0.8674005106676081,0.8817892931685896,1.7153606622050883,1.4217911201281832,True
2009-11-22 10:00:00+00:00,0.5604012864077519,1.0907987548769655,1.7975011802217158,1.3936158432963226,False
2009-11-22 10:30:00+00:00,0.8830066077176792,1.3073006194697527,2.1485925343974195,1.9172275696387526,True
2009-11-22 11:00:00+00:00,1.4071970957294575,1.5905244343097709,2.440090586312348,2.984660597726301,False
2009-11-22 11:30:00+00:00,1.777058682970631,2.0597035970457487,1.9099385669213063,4.975364121997658,True
2009-11-22 12:00:00+00:00,2.1767718097663766,2.5507426701451084,1.379786547530264,6.422246344523896,False
2009-11-22 12:30:00+00:00,2.6961891997632255,2.847961588921728,2.0078893599606014,5.678984561432527,True
2009-11-22 13:00:00+00:00,3.3382134870587272,3.1590526348401635,2.962695121763158,4.935722778341157,False
2009-11-22 13:30:00+00:00,4.194821166580395,3.6876560359387125,3.682409599403186,5.664501886982588,True
2009-11-22 14:00:00+00:00,5.152250951307749,4.328317635777662,4.075421127670996,6.886784958956012,False
2009-11-22 14:30:00+00:00,6.29214418332271,5.002420160204975,4.066793560895066,7.813743719154411,True
2009-11-22 15:00:00+00:00,6.977171706576908,5.667592836512999,4.058165994119136,8.884301001014077,False
2009-11-22 15:30:00+00:00,6.875134010950773,6.373258509863298,6.110748275525376,10.96229224567232,True
2009-11-22 16:00:00+00:00,6.773096315324637,6.775726759503817,8.163330556931614,12.403181005337307,False
2009-11-22 16:30:00+00:00,7.032595172271656,6.415893240667116,6.795126213842392,12.39135638606085,True
2009-11-22 17:00:00+00:00,7.292094029218675,6.056059721830416,5.42692187075317,12.356727143894084,False
2009-11-22 17:30:00+00:00,7.27802117201182,6.3575893347562955,5.480451201670756,11.091070573482241,True
2009-11-22 18:00:00+00:00,7.239513318652182,6.659118947682175,5.582914015468437,9.84821862596071,False
2009-11-22 18:30:00+00:00,6.953779395946582,6.135792188423597,5.738704893540448,10.515992884206861,True
2009-11-22 19:00:00+00:00,6.547027729578147,5.472911894082667,5.845562288732364,11.183767142453013,False
2009-11-22 19:30:00+00:00,6.223482347858702,5.28228993541346,5.595418836003859,9.647976515143382,True
2009-11-22 20:00:00+00:00,6.045389705954876,5.107925915265635,5.135193321047451,7.908769910706649,False
2009-11-22 20:30:00+00:00,6.065677430144062,4.800166916366442,4.658497513417634,7.672638346707037,True
2009-11-22 21:00:00+00:00,6.085965154333247,4.3477376395668825,4.106707538292042,7.444231296274546,False
2009-11-22 21:30:00+00:00,5.153390785973683,3.334774691705996,3.372561270925541,6.103744770888663,True
2009-11-22 22:00:00+00:00,3.883710076296436,2.5310278297670146,2.826295558073025,4.958949709062762,False
2009-11-22 22:30:00+00:00,3.2293103386578625,2.4388406271036835,2.6629155586884052,5.364242819045557,True
2009-11-22 23:00:00+00:00,2.912016942336973,2.4054032129797864,2.5968312345134774,5.957707730091793,False
2009-11-22 23:30:00+00:00,3.152054259693953,2.4166470270268756,3.0419485587583734,6.353743730004386,True
2009-11-23 00:00:00+00:00,3.392091577050934,2.4278908410739644,3.487065883003269,6.561607928853536,False
2009-11-23 00:30:00+00:00,3.08661897891197,2.0308546505625853,2.9599982541753596,4.610545748238681,True
2009-11-23 01:00:00+00:00,2.63386371278049,1.6338184600512065,2.2629169165845133,2.659483567623825,False
2009-11-23 01:30:00+00:00,2.3848227745566755,1.6345116569802305,1.980863390244132,2.659483567623825,True
2009-11-23 02:00:00+00:00,2.1521606810130547,1.6352048539092543,1.7921171580676365,2.659483567623825,False
2009-11-23 02:30:00+00:00,1.8362069908815264,1.5144972431232324,1.6582834782679818,2.558833534496867,True
2009-11-23 03:00:00+00:00,1.578644610918648,1.2831983039060135,1.564550373591412,2.3807603989645583,False
2009-11-23 03:30:00+00:00,1.4586720072024522,0.9303356506127433,1.492279215133348,2.209105231131642,True
2009-11-23 04:00:00+00:00,1.3845351088794218,0.6880643257506698,1.4566138961512496,2.0323564381404777,False
2009-11-23 04:30:00+00:00,1.3456413008998531,1.198144064575617,1.637314047526377,1.8465648687355605,True
2009-11-23 05:00:00+00:00,1.310957768765245,1.708223803400564,1.8300679397342527,1.7187928733987974,False
2009-11-23 05:30:00+00:00,1.2420156732470151,1.6028222249517832,1.848980347737095,1.6905152949812154,True
2009-11-23 06:00:00+00:00,1.1955401096343328,1.400897672996807,1.8558390149071888,1.660725546594779,False
2009-11-23 06:30:00+00:00,1.3137693652940383,1.1239433795414178,1.8316568837216758,1.398031379605374,True
2009-11-23 07:00:00+00:00,1.431998620953744,0.8817519897747976,1.8074747525361627,1.1613465360802686,False
2009-11-23 07:30:00+00:00,1.292001287810429,0.7932675739809077,1.8078719885330181,3.4433924794780015,True
2009-11-23 08:00:00+00:00,1.1516797445821425,0.7196670376733981,1.808269224529874,5.725438422875736,False
2009-11-23 08:30:00+00:00,1.1513546341918888,0.5850385554864757,1.8057570566218124,4.878754360087406,True
2009-11-23 09:00:00+00:00,1.1510298210402587,0.4972862636306001,1.798295652215417,3.367904954632781,False
2009-11-23 09:30:00+00:00,1.0556294845377423,0.6209410465134294,1.1385371921067629,1.51445832103448,True
2009-11-23 10:00:00+00:00,0.9503303757474412,0.7445958293962586,0.4837279684964427,0.325177030102473,False
2009-11-23 10:30:00+00:00,0.9338368370467025,0.5810937377545973,0.9465494267641141,0.6002609561601966,True
2009-11-23 11:00:00+00:00,0.9275659834800952,0.417591646112936,1.74913691785069,1.2542542589666907,False
2009-11-23 11:30:00+00:00,1.8523383760225312,1.2950428485983467,2.652865202037802,2.9965197606156826,True
2009-11-23 12:00:00+00:00,2.777110768564967,2.639710393892222,3.216827453406009,5.36542099669086,False
2009-11-23 12:30:00+00:00,2.7114723360693485,3.679578899341028,3.0865177429627324,7.836675930934392,True
2009-11-23 13:00:00+00:00,2.6458339035737297,4.25223106198137,2.956208032519456,9.30238575400297,False
2009-11-23 13:30:00+00:00,3.374355095254794,4.187619174507799,3.528271183253221,9.052696248745713,True
2009-11-23 14:00:00+00:00,4.404591988182286,4.038031836898871,4.3124756075638775,8.803006743488455,False
2009-11-23 14:30:00+00:00,4.854004240894161,3.584191238079453,4.621999024129764,9.27659011287446,True
2009-11-23 15:00:00+00:00,5.323197845789155,3.2153260893953908,4.929911128673405,10.18500912142398,False
2009-11-23 15:30:00+00:00,6.516303428565907,4.5173986184560375,5.697115158117605,11.214992743530754,True
2009-11-23 16:00:00+00:00,7.46627828907549,5.819471147516684,6.253789226007158,12.530929124306123,False
2009-11-23 16:30:00+00:00,7.550877162662976,5.7391218683950065,6.183537607530809,14.761091246311404,True
2009-11-23 17:00:00+00:00,7.635377933494146,5.658772589273328,6.11328598905446,16.270464970484575,False
2009-11-23 17:30:00+00:00,8.727997039504512,6.1450577837259655,6.8501646359263795,14.452138959731176,True
2009-11-23 18:00:00+00:00,9.742347917108816,6.75611019798868,7.981744618845291,12.519315658945333,False
2009-11-23 18:30:00+00:00,8.528015712073213,6.979983841929056,8.862547439898062,12.390514630239204,True
2009-11-23 19:00:00+00:00,7.31368350703761,7.079090266059357,9.34864892490384,12.275432886368478,False
2009-11-23 19:30:00+00:00,8.042250761344462,6.621965415438974,6.623336566268642,11.75210559313349,True
2009-11-23 20:00:00+00:00,8.770818015651312,6.164840564818593,3.8980242076334433,11.1140863502882,False
2009-11-23 20:30:00+00:00,7.803629485860388,7.140319622869008,5.730498547602749,10.663754144740844,True
2009-11-23 21:00:00+00:00,6.836440956069465,8.115798680919422,7.562972887572056,10.428891894000834,False
2009-11-23 21:30:00+00:00,7.434066883863059,7.45552810007783,5.793954481739488,11.770247143173549,True
2009-11-23 22:00:00+00:00,8.031692811656653,6.537555233606121,4.024936075906919,13.111602392346263,False
2009-11-23 22:30:00+00:00,7.539165239244675,6.156725468931831,4.059056927308903,11.88081353361577,True
2009-11-23 23:00:00+00:00,7.001030355461466,5.772214497927043,4.151099440694521,9.952739814207922,False
2009-11-23 23:30:00+00:00,6.952141991349068,4.9412548749327785,4.888157448544996,8.582808209259305,True
2009-11-24 00:00:00+00:00,6.900959352294479,4.122840379071864,5.567293794411838,7.455844761635341,False
2009-11-24 00:30:00+00:00,5.912403214486726,3.7404506099151273,5.092322808070292,6.514458290269622,True
2009-11-24 01:00:00+00:00,4.654590968831388,3.410105310688681,4.244210169071796,6.027388522256606,False
2009-11-24 01:30:00+00:00,4.154632535974032,2.9314649283184533,3.201714695301454,6.648708919059549,True
2009-11-24 02:00:00+00:00,3.7706832823188994,2.531126108629973,2.5323608741880625,7.270029315862492,False
2009-11-24 02:30:00+00:00,3.4217097337833335,2.3622691242506204,2.731333259120276,5.943486611629135,True
2009-11-24 03:00:00+00:00,3.0323411544278867,2.2066613678382905,2.9303056440524897,4.041485945559337,False
2009-11-24 03:30:00+00:00,2.2263959188890703,1.8544423752809283,2.6592937854275838,2.8595201318593118,True
2009-11-24 04:00:00+00:00,1.634979690927348,1.607466486971768,2.211729329842412,2.2530122799957266,False
2009-11-24 04:30:00+00:00,1.5989273260811405,1.6754312553457147,1.8054511535490925,2.554962379376598,True
2009-11-24 05:00:00+00:00,1.5787775551049472,1.7433960237196613,1.5174664601118877,2.85691247875747,False
2009-11-24 05:30:00+00:00,1.559852469280715,1.179717339192607,1.4183282230323577,2.415600795046965,True
2009-11-24 06:00:00+00:00,1.5420178599008083,0.6160386546655527,1.3774491000569786,1.97428911133646,False
2009-11-24 06:30:00+00:00,1.5246721971035015,0.6390229219628357,1.7391206731431414,2.2007516858721137,True
2009-11-24 07:00:00+00:00,1.4979439941994523,0.6620071892601188,2.1007922462293043,2.427214260407767,False
2009-11-24 07:30:00+00:00,1.3280944421151302,0.5704140960913491,2.0447117441413565,1.7187928733988007,True
2009-11-24 08:00:00+00:00,1.1731304545282009,0.4788210029225795,1.9387988891681265,1.0103714863898343,False
2009-11-24 08:30:00+00:00,1.1662234805997476,0.6597153065690411,1.7843674742759157,1.2717850614399058,True
2009-11-24 09:00:00+00:00,1.1638349501678755,1.045125056871282,1.6797684122689862,1.6839524773163976,False
2009-11-24 09:30:00+00:00,1.2149197958755673,1.8327796235866907,2.145419548838745,1.9162128903862468,True
2009-11-24 10:00:00+00:00,1.3405633590791344,2.517950122090253,2.7940833621642374,2.229785349274122,False
2009-11-24 10:30:00+00:00,1.7022948377944047,2.6402097985014334,3.097561997340748,3.887602598120911,True
2009-11-24 11:00:00+00:00,2.29501310445378,2.754833532992858,3.3391497715191165,5.330580600608446,False
2009-11-24 11:30:00+00:00,3.188837107606915,3.101399217979447,3.557265874493772,5.3479555588191054,True
2009-11-24 12:00:00+00:00,3.9936903220101634,3.684737171900552,3.775176636344201,5.36542099669086,False
2009-11-24 12:30:00+00:00,4.278870521158364,5.00125757904735,4.019079209204211,8.300672827586288,True
2009-11-24 13:00:00+00:00,4.575092866845906,5.986610280735458,4.318168224813867,11.218607538535426,False
2009-11-24 13:30:00+00:00,5.702435095720922,5.657238777120844,4.732215701364759,10.614707339773682,True
2009-11-24 14:00:00+00:00,6.67286988071669,5.32786727350623,5.32057433730043,10.01080714101194,False
2009-11-24 14:30:00+00:00,6.748956730291404,6.217543292048623,6.439232863033033,10.585673676371673,True
2009-11-24 15:00:00+00:00,6.824511432309409,7.262178173533933,7.650036435095571,11.160540211731409,False
2009-11-24 15:30:00+00:00,7.802435439269212,7.520108985755019,8.585082806499162,10.556640012969664,True
2009-11-24 16:00:00+00:00,8.710182174435536,7.63122505506214,9.07757005480503,9.952739814207922,False
2009-11-24 16:30:00+00:00,8.545445866360758,7.63965548343368,7.892760547984524,11.105624788464027,True
2009-11-24 17:00:00+00:00,8.367070921834602,7.648265386587108,6.7079510411640175,13.506460214613552,False
2009-11-24 17:30:00+00:00,8.3518799619198,7.94303221374286,6.74384827700096,18.322896435810076,True
2009-11-24 18:00:00+00:00,8.337437823831191,8.369820702209951,6.847173929225216,21.89138220511318,False
2009-11-24 18:30:00+00:00,8.231870498636681,8.669693829837732,9.031016399814812,17.883695672746725,True
2009-11-24 19:00:00+00:00,8.139192988067355,8.829221701343332,11.147430454017096,13.78518338327282,False
2009-11-24 19:30:00+00:00,8.372402262707816,8.657315432540454,8.95162994032717,13.662347402313747,True
2009-11-24 20:00:00+00:00,8.605611537348276,8.289171341611103,6.755829426637243,13.599367937499984,False
2009-11-24 20:30:00+00:00,8.031444149679933,7.586957145555483,7.938918676176302,13.537429455575698,True
2009-11-24 21:00:00+00:00,7.457276762011591,6.85290489056927,9.12200792571536,13.506460214613552,False
2009-11-24 21:30:00+00:00,8.181144514174395,6.491648131877944,7.761611984002845,14.342629720591367,True
2009-11-24 22:00:00+00:00,8.905012266337199,6.184457126333729,6.2009667267697965,15.178799226569184,False
2009-11-24 22:30:00+00:00,8.227109546958717,5.769726378531766,5.949471991334876,13.576745874765932,True
2009-11-24 23:00:00+00:00,7.272130624428129,5.458447792547869,5.7368313392985,11.427649915029866,False
2009-11-24 23:30:00+00:00,6.834851025639856,5.371955811585675,5.126158985648344,10.381833164570082,True
2009-11-25 00:00:00+00:00,6.433305401927779,5.283285132769716,4.676881864120176,9.883059022043108,False
2009-11-25 00:30:00+00:00,5.827002426951745,4.903185165991021,4.820385707245836,10.852783379670138,True
2009-11-25 01:00:00+00:00,5.296429383828883,4.425014049495294,4.963889550371496,11.822507737297167,False
2009-11-25 01:30:00+00:00,5.034781622506476,4.058153527465644,4.267266248913763,9.854025358641106,True
2009-11-25 02:00:00+00:00,4.82902960798857,3.857520159414464,3.570642947456029,7.885542979985045,False
2009-11-25 02:30:00+00:00,4.620258637210005,3.8528489681018105,4.013708435069637,7.937803574108659,True
2009-11-25 03:00:00+00:00,4.415413623585464,3.848208517859992,4.456773922683244,7.990064168232272,False
2009-11-25 03:30:00+00:00,4.19339272522395,3.711932020374815,4.264442924542687,7.421004365552935,True
2009-11-25 04:00:00+00:00,3.9822537918427097,3.448148597586832,4.07211192640213,6.851944562873599,False
2009-11-25 04:30:00+00:00,3.7658582041231594,2.993505872016881,4.082151155363598,7.844895851222234,True
2009-11-25 05:00:00+00:00,3.644371243687547,2.670919990363114,4.0921903843250655,8.837847139570867,False
2009-11-25 05:30:00+00:00,3.7463486490839197,2.976412227137204,4.070024980970482,7.177121592976081,True
2009-11-25 06:00:00+00:00,3.848326054480293,3.281904463911295,4.018055046781114,5.516396046381296,False
2009-11-25 06:30:00+00:00,3.6886128227073853,2.937921440467441,3.8847978406416805,5.754472086277752,True
2009-11-25 07:00:00+00:00,3.518124435641865,2.5939384170235864,3.713838195485773,5.992548126174207,False
2009-11-25 07:30:00+00:00,3.5066752416649027,2.735069553183285,3.6015198137818056,4.90088238225875,True
2009-11-25 08:00:00+00:00,3.4950694630840458,2.876200689342984,3.4710910983429017,3.809216638343293,False
2009-11-25 08:30:00+00:00,3.2780782102143338,2.788619359453907,3.137656963933707,5.005403570505971,True
2009-11-25 09:00:00+00:00,3.0720186972411296,2.7010380295648297,2.889840133110708,6.201590502668648,False
2009-11-25 09:30:00+00:00,3.215876801544099,2.748019388586668,3.5792048575849478,6.091262581741024,True
2009-11-25 10:00:00+00:00,3.4858855766528105,2.86718388437741,4.268569582059188,5.980934660813398,False
2009-11-25 10:30:00+00:00,3.7655497279386543,3.297427676673285,3.8623944814156763,6.449667917775686,True
2009-11-25 11:00:00+00:00,4.132181626824466,3.968484116940968,3.4562193807721657,7.386163969470528,False
2009-11-25 11:30:00+00:00,4.732241231723165,4.826625223957307,4.557302642807642,8.740281393990243,True
2009-11-25 12:00:00+00:00,5.384004624200782,5.418919832928712,5.756601202125515,10.18500912142398,False
2009-11-25 12:30:00+00:00,5.83041892277545,5.469439274039742,5.869973430054568,11.393272899111487,True
2009-11-25 13:00:00+00:00,6.302089248603277,5.519775428220465,5.971371089916217,12.043163579152418,False
2009-11-25 13:30:00+00:00,7.093922689596114,6.094702500238634,6.334854513963634,11.688952885647932,True
2009-11-25 14:00:00+00:00,7.878260748742306,6.888077110888356,6.847351211027095,11.334742192143448,False
2009-11-25 14:30:00+00:00,8.460102602492025,7.45442782420687,7.316158754743749,11.456620232257183,True
2009-11-25 15:00:00+00:00,8.759361604850602,7.755364999128364,7.863834569090683,11.764440410493153,False
2009-11-25 15:30:00+00:00,8.567200411157101,7.3579304482768455,8.843327808162917,13.239413857489783,True
2009-11-25 16:00:00+00:00,8.287123382182655,6.960495897425327,9.508698774373835,14.528445166364175,False
2009-11-25 16:30:00+00:00,8.1617553167636,7.223834805158618,8.162196705802785,12.91998021389301,True
2009-11-25 17:00:00+00:00,8.006986404761287,7.487173712891909,6.273204525230423,11.311515261421844,False
2009-11-25 17:30:00+00:00,7.29771202344097,6.893485604966283,5.258446248966418,12.687710906676966,True
2009-11-25 18:00:00+00:00,6.5624971437415605,6.265303044658504,4.640828621536882,14.063906551932089,False
2009-11-25 18:30:00+00:00,6.312165666078802,6.228960350594976,4.391311799575467,13.820359186297058,True
2009-11-25 19:00:00+00:00,6.205091368659337,6.1921858163042245,4.287144440780894,13.20451011523268,False
2009-11-25 19:30:00+00:00,6.225738343710748,5.392489021089921,4.445585658124306,10.231127575925358,True
2009-11-25 20:00:00+00:00,6.246385318762157,4.627718518484996,4.604026875467717,7.630046742047381,False
2009-11-25 20:30:00+00:00,6.088109111661456,4.813430900439517,4.520426826761028,7.75463473438742,True
2009-11-25 21:00:00+00:00,5.929832904560756,5.138043954467351,4.436826778054339,8.07135842575788,False
2009-11-25 21:30:00+00:00,6.105782114027977,5.512342469780559,5.580464942840292,9.653949841455844,True
2009-11-25 22:00:00+00:00,6.36220174459332,5.747740313020453,6.724103107626245,11.044405558123389,False
2009-11-25 22:30:00+00:00,6.530621604126561,5.683955057562403,6.124772901102925,10.161782190702377,True
2009-11-25 23:00:00+00:00,6.618571042561681,5.534337808618233,5.341269985415197,9.279158823281366,False
2009-11-25 23:30:00+00:00,5.877180002237956,5.10694286202686,5.065966965488749,9.859832091321504,True
2009-11-26 00:00:00+00:00,5.023436668930346,4.656646721554603,4.839183816277265,10.440505359361644,False
2009-11-26 00:30:00+00:00,4.87740887087225,4.498311615675593,4.547805562536507,9.839472083011149,True
2009-11-26 01:00:00+00:00,4.761888056796867,4.367550758807934,4.248931032526205,8.895914466374887,False
2009-11-26 01:30:00+00:00,4.55680607471068,4.170439892151063,3.9901013455815186,8.197954362167408,True
2009-11-26 02:00:00+00:00,4.324386201808781,3.997412320010563,3.692965265569137,7.664887138129796,False
2009-11-26 02:30:00+00:00,4.084917943847077,3.8933755514178747,3.122099597708822,7.399608151952532,True
2009-11-26 03:00:00+00:00,3.8884197592612857,3.832358022467159,2.6478415394537,7.165508127615279,False
2009-11-26 03:30:00+00:00,3.7760685636945213,3.8159402250307424,2.504122499714454,6.769184286429324,True
2009-11-26 04:00:00+00:00,3.698219567212749,3.79847391714314,2.445251358156699,6.45708674060631,False
2009-11-26 04:30:00+00:00,3.6540223388263806,3.694498789066475,2.656469106229629,6.379770067908364,True
2009-11-26 05:00:00+00:00,3.603070433695843,3.519879432083063,2.86768685430256,6.306111690915873,False
2009-11-26 05:30:00+00:00,3.38293830657295,3.253941493440097,2.837546703934611,6.02619019406623,True
2009-11-26 06:00:00+00:00,3.2012717835502067,3.0737526983523704,2.777314105510178,5.783505749679753,False
2009-11-26 06:30:00+00:00,3.2093841071780536,3.1384133439441086,2.6721807435315412,5.749613391585983,True
2009-11-26 07:00:00+00:00,3.2290722260302567,3.2480203585872887,2.5971398296093886,5.737051888236545,False
2009-11-26 07:30:00+00:00,3.30408414435254,3.363325611845382,2.689622090017734,5.9925481261742,True
2009-11-26 08:00:00+00:00,3.367520267450467,3.4336844960520345,2.8858677731421616,6.248044364111856,False
2009-11-26 08:30:00+00:00,3.3597400758894143,3.2949821715880567,3.2905563329645404,6.114489512462628,True
2009-11-26 09:00:00+00:00,3.3519598843283624,3.156279847124079,3.623774041789313,5.980934660813398,False
2009-11-26 09:30:00+00:00,3.3974629631971824,3.4106602619770796,3.660130666156191,6.028276610784197,True
2009-11-26 10:00:00+00:00,3.5126696456506377,3.844245894011788,3.6945542095565487,6.143523175864629,False
2009-11-26 10:30:00+00:00,3.955660516825773,4.1793944631777595,3.835465307168923,6.4204806641554395,True
2009-11-26 11:00:00+00:00,4.56437916507549,4.592448019302941,4.121710569156809,6.968079216481635,False
2009-11-26 11:30:00+00:00,4.976557048937291,5.4807313653613186,4.988491123779164,8.950585890743739,True
2009-11-26 12:00:00+00:00,5.4169462862826,6.236767957040751,6.102695226548181,10.75406892410331,False
2009-11-26 12:30:00+00:00,6.136617485949224,6.3901297509759,7.03508040222033,10.954007258825262,True
2009-11-26 13:00:00+00:00,6.798967835031729,6.531212937493674,7.580004770814197,11.102472884927389,False
2009-11-26 13:30:00+00:00,7.196277553953909,7.00133691233583,7.617615122286049,11.44102745107839,True
2009-11-26 14:00:00+00:00,7.387265389317482,7.488265270161072,7.654934580351861,11.671532687606732,False
2009-11-26 14:30:00+00:00,7.380231379881427,7.730300412253098,8.303732862436473,11.189573875133416,True
2009-11-26 15:00:00+00:00,7.361417106112606,7.84294632901744,8.917165641731273,10.7076150626601,False
2009-11-26 15:30:00+00:00,7.222427201455232,7.69131371517115,8.275767943631198,12.937628424997557,True
2009-11-26 16:00:00+00:00,7.095217561130625,7.5396811013248595,7.634370245531124,16.212397643680532,False
2009-11-26 16:30:00+00:00,7.732343968039217,8.370066399367358,9.250860005465272,18.418728049169715,True
2009-11-26 17:00:00+00:00,8.36947037494781,9.200451697409855,10.86734976539942,19.58030259831338,False
2009-11-26 17:30:00+00:00,8.333050907821487,9.086796108395363,10.104787177460222,17.060180615019167,True
2009-11-26 18:00:00+00:00,8.239991562282178,8.82813014407417,9.02682237645288,14.540058631724955,False
2009-11-26 18:30:00+00:00,7.807375754061632,8.277261421666552,8.524637316427295,16.694356456153862,True
2009-11-26 19:00:00+00:00,7.334548148909454,7.516101915961516,8.067087909087354,18.848654280582764,False
2009-11-26 19:30:00+00:00,7.210341685767041,6.762297470781438,7.525127817832025,16.727459477818307,True
2009-11-26 20:00:00+00:00,7.088127535225669,5.96590216195117,6.824318115439052,13.831637244716028,False
2009-11-26 20:30:00+00:00,6.79019936052699,5.1970379438177465,5.598167338223638,12.741674493248734,True
2009-11-26 21:00:00+00:00,6.263629335099875,4.330697308041915,4.040162357081414,11.59023843008111,False
2009-11-26 21:30:00+00:00,4.804307663742307,2.923664318527909,1.9784670490983922,7.879770629274461,True
2009-11-26 22:00:00+00:00,3.2581924904371165,1.8169063675257835,0.6782421165623226,5.00540357050597,False
2009-11-26 22:30:00+00:00,2.6047673631351027,1.5686758199532629,1.0728734512254945,5.243479610402426,True
2009-11-26 23:00:00+00:00,2.1294044138962023,1.355027417265202,1.5498559378225556,5.4815556502988825,False
2009-11-26 23:30:00+00:00,1.6706149258165153,0.7484431944570826,1.6925695428868957,4.426420870208231,True
2009-11-27 00:00:00+00:00,1.3402060316887143,0.302370228149341,1.7529319960173466,3.1820895088599457,False
2009-11-27 00:30:00+00:00,1.1473332644919394,0.4362847853278819,1.5281786717603065,2.861028643695475,True
2009-11-27 01:00:00+00:00,1.0583124406998023,0.6921252284618413,1.2513317037772147,2.729164359788639,False
2009-11-27 01:30:00+00:00,1.2509384641631933,1.0787918877948381,1.1595341726972672,2.990467330406699,True
2009-11-27 02:00:00+00:00,1.4435644876265843,1.3435326611724163,1.1198302853433713,3.2517703010247594,False
2009-11-27 02:30:00+00:00,1.4376839519968354,1.1859766785537111,1.2772340922441812,3.2393273024238964,True
2009-11-27 03:00:00+00:00,1.4231751102424852,1.0005429161347594,1.434637899144991,3.216929904942345,False
2009-11-27 03:30:00+00:00,1.3811769220933277,0.9623192320667459,1.262847109518434,3.1994789834478055,True
2009-11-27 04:00:00+00:00,1.3108616860407705,0.9339645416188596,1.002097517390642,3.1704760434991366,False
2009-11-27 04:30:00+00:00,1.187572896984463,0.9002058997874937,0.8481543697860146,2.869386200811658,True
2009-11-27 05:00:00+00:00,1.0948717907146257,0.8554982955583255,0.6998600279944012,2.589802775458998,False
2009-11-27 05:30:00+00:00,1.0849375952774434,0.7304538240830032,0.47254016354053074,2.6018586585478345,True
2009-11-27 06:00:00+00:00,1.081361071081792,0.6343671011856019,0.328530295774881,2.636256636902221,False
2009-11-27 06:30:00+00:00,1.113481343127861,0.8689978742443674,0.7909540229904605,3.0851420265361775,True
2009-11-27 07:00:00+00:00,1.1894113755312263,1.225735013218653,1.404940432511358,3.809216638343293,False
2009-11-27 07:30:00+00:00,1.4430086864016098,1.494792543440901,1.691696583288052,4.561882495824383,True
2009-11-27 08:00:00+00:00,1.6527962369146971,1.6417437077476291,1.826890051759428,5.017017035866765,False
2009-11-27 08:30:00+00:00,1.5705751208164211,1.5482675815177167,1.5163404087683463,4.500217827311049,True
2009-11-27 09:00:00+00:00,1.4883540047181452,1.4547914552878043,1.2057907657772646,3.983418618755333,False
2009-11-27 09:30:00+00:00,1.6082122560707355,1.5643194870748929,1.3121256335755578,4.530928206836583,True
2009-11-27 10:00:00+00:00,1.865752896533821,1.7987744787316526,1.549370060924765,5.5396229771029,False
2009-11-27 10:30:00+00:00,2.3467210085133563,2.2417014120105505,2.1018798004208383,6.8081690348171735,True
2009-11-27 11:00:00+00:00,2.8842589479362544,2.7118343438403074,2.649607765242992,7.804248722459422,False
2009-11-27 11:30:00+00:00,3.1957571853994238,2.9313202832746366,2.808197009440448,8.020047631775304,True
2009-11-27 12:00:00+00:00,3.512343233160702,3.168167718668708,2.9769036806342237,8.257173871530728,False
2009-11-27 12:30:00+00:00,4.032494045813811,3.7309640201438055,3.684668324473004,11.259756550327301,True
2009-11-27 13:00:00+00:00,4.603886640639181,4.486439964030861,4.604204157269597,14.052293086571291,False
2009-11-27 13:30:00+00:00,5.056345477968713,5.286521168638869,5.187248584789637,12.252205955646867,True
2009-11-27 14:00:00+00:00,5.530479747555988,6.094201287591513,5.820454372259109,10.452118824722438,False
2009-11-27 14:30:00+00:00,6.253373860962589,6.9555670567505485,7.172889067046973,12.356727143894114,True
2009-11-27 15:00:00+00:00,6.85100210604877,7.463692806391526,8.127146001054278,14.26133546306579,False
2009-11-27 15:30:00+00:00,7.108561928613825,7.48890135486294,7.577092805542182,13.46581308585078,True
2009-11-27 16:00:00+00:00,7.22917629849983,7.497576911715544,7.0270396100300845,12.670290708635768,False
2009-11-27 16:30:00+00:00,7.244808851016279,7.134075605619511,7.046546530731888,14.772327938941045,True
2009-11-27 17:00:00+00:00,7.250395483250225,6.770574299523478,7.085508758009588,16.87436516924632,False
2009-11-27 17:30:00+00:00,6.9547771617108864,6.913351206878105,7.126958166948984,16.052807829386673,True
2009-11-27 18:00:00+00:00,6.659158840171548,7.1484414282913455,7.201829863776785,14.749101008219435,False
2009-11-27 18:30:00+00:00,7.155717817691726,7.311190556527151,7.810402739135786,13.768584024192934,True
2009-11-27 19:00:00+00:00,7.652276795211905,7.509464783260173,8.366098020030483,12.983854273377434,False
2009-11-27 19:30:00+00:00,7.29314180510009,7.995676779702032,7.569745587657753,12.416781663659838,True
2009-11-27 20:00:00+00:00,6.934006814988274,8.385671197602797,6.773393155285023,12.136071302038836,False
2009-11-27 20:30:00+00:00,7.338163705771767,8.435562277660097,7.495632439291736,14.360049918632534,True
2009-11-27 21:00:00+00:00,7.742320596555261,8.453832523702664,8.474828969464358,16.58402853522623,False
2009-11-27 21:30:00+00:00,7.729293759973319,8.333495900022239,8.971466254877177,15.99011464046982,True
2009-11-27 22:00:00+00:00,7.696577768437098,8.115001960239143,9.211146294124086,14.888462592549091,False
2009-11-27 22:30:00+00:00,7.595679869816433,7.92706665406499,8.71653464597476,13.368725791639429,True
2009-11-27 23:00:00+00:00,7.413559446796849,7.648265386587108,8.080501995964706,12.356727143894084,False
2009-11-27 23:30:00+00:00,7.123001432151289,6.635187293774983,7.8956369817539445,14.481991304921007,True
2009-11-28 00:00:00+00:00,6.710071124554309,5.658772589273328,7.703298842722886,16.607255465947933,False
2009-11-28 00:30:00+00:00,6.079454320616978,5.456563586931995,7.104783069489661,12.960627342655858,True
2009-11-28 01:00:00+00:00,5.487297995328883,5.298939070436634,6.288870714794862,9.31399921936378,False
2009-11-28 01:30:00+00:00,5.167181698167497,4.976265164509142,5.414892184666967,9.866130919991766,True
2009-11-28 02:00:00+00:00,4.957488414803861,4.761366661831605,4.76919812050373,10.498572686165646,False
2009-11-28 02:30:00+00:00,4.816830969784884,4.809075985020174,4.531560255561925,10.58931081251009,True
2009-11-28 03:00:00+00:00,4.750574004623541,4.863117256666606,4.43192863279806,10.684388131938496,False
2009-11-28 03:30:00+00:00,4.829304066107954,4.870410321564856,4.550925090042163,11.662211553317146,True
2009-11-28 04:00:00+00:00,4.9080341275923685,4.877581358201405,4.790510958810328,12.588996451110145,False
2009-11-28 04:30:00+00:00,4.569155077765375,4.908001356884682,5.219118624450178,12.640642214714653,True
2009-11-28 05:00:00+00:00,4.230276027938382,4.965457524679366,5.527136878565966,12.658677243274957,False
2009-11-28 05:30:00+00:00,4.610957387397366,5.1187033030100615,5.252781380565741,10.971035694809801,True
2009-11-28 06:00:00+00:00,4.991638746856348,5.238702992033189,4.94350249735264,8.95398179317889,False
2009-11-28 06:30:00+00:00,4.94065845872966,5.031986759763786,4.9008454368414265,8.388611061648318,True
2009-11-28 07:00:00+00:00,4.825989617071431,4.825270527494382,4.864160419456489,8.152652683283502,False
2009-11-28 07:30:00+00:00,4.518488274922993,4.956789940622439,4.742542742966738,9.052696248745713,True
2009-11-28 08:00:00+00:00,4.274675486306096,5.088309353750498,4.649876408563587,9.952739814207922,False
2009-11-28 08:30:00+00:00,4.384126080041425,4.832353877339293,4.701321611978324,9.127939279583337,True
2009-11-28 09:00:00+00:00,4.493576673776755,4.460481106403265,4.811869765624765,8.141039217922708,False
2009-11-28 09:30:00+00:00,4.218618965185123,4.218741354737252,5.005881633403993,7.86256054327104,True
2009-11-28 10:00:00+00:00,3.9436612565934905,4.092918897596062,5.249176979341351,7.746181395655419,False
2009-11-28 10:30:00+00:00,4.1452482346780855,4.104992052154609,5.439821151750342,8.160557248912987,True
2009-11-28 11:00:00+00:00,4.531780155373703,4.139880710596831,5.679025350018657,9.151410704312534,False
2009-11-28 11:30:00+00:00,4.996195638994184,4.867847950097617,6.25439307961506,12.264820373287067,True
2009-11-28 12:00:00+00:00,5.528619340135644,5.750119985284695,6.842630347572686,15.573657048836443,False
2009-11-28 12:30:00+00:00,6.1687173136009505,5.985262370358911,7.132452559486491,16.835118273344225,True
2009-11-28 13:00:00+00:00,6.555862126934253,6.204270245574781,7.322254642806559,17.606013486976938,False
2009-11-28 13:30:00+00:00,6.524400573535922,6.664833765490204,7.408619410858621,18.016544813356916,True
2009-11-28 14:00:00+00:00,6.492939020137592,7.31052638039275,7.519152206853559,18.38411566615068,False
2009-11-28 14:30:00+00:00,6.5937430765920375,8.408384141100964,9.62875566320103,18.87696504356899,True
2009-11-28 15:00:00+00:00,6.806359818582133,9.16012701711043,11.644395227588982,19.615142994395725,False
2009-11-28 15:30:00+00:00,7.252535712951368,8.835165637115644,9.644257897562417,22.11581535590385,True
2009-11-28 16:00:00+00:00,7.586898921784953,8.510204257120861,7.644120567535854,24.132781019748016,False
2009-11-28 16:30:00+00:00,7.515875738255383,8.76715172931022,9.252491621845762,18.58154457728433,True
2009-11-28 17:00:00+00:00,7.444852554725813,9.02409920149958,10.86086267615567,13.03030813482064,False
2009-11-28 17:30:00+00:00,7.466708026989788,8.499669421958409,10.707872514871815,14.516831701003415,True
2009-11-28 18:00:00+00:00,7.488563499253762,7.850969855576822,10.334594375832236,16.00335526718619,False
2009-11-28 18:30:00+00:00,7.060966819124147,7.692624327395072,9.120839056119861,15.736245563887733,True
2009-11-28 19:00:00+00:00,6.6333701389945325,7.535620198613683,7.628854910083014,15.469135860589274,False
2009-11-28 19:30:00+00:00,6.755895564224466,6.953447492838355,6.612165133179118,15.70721190048571,True
2009-11-28 20:00:00+00:00,6.8784209894544,6.419954143378286,6.050050009112698,15.945287940382144,False
2009-11-28 20:30:00+00:00,6.516300616287366,6.3343700387322945,6.003382855970029,14.512592565358396,True
2009-11-28 21:00:00+00:00,5.994354235935142,6.248655828585379,5.956985249243272,13.018694669459846,False
2009-11-28 21:30:00+00:00,5.737643485415311,5.783528257292762,5.224537040696048,12.95521200474485,True
2009-11-28 22:00:00+00:00,5.493669723290313,5.118132556363342,4.535761436975635,12.890946550491014,False
2009-11-28 22:30:00+00:00,5.172599263056563,4.549016313695759,4.610602605612363,10.7637233976593,True
2009-11-28 23:00:00+00:00,4.780421447025947,4.049723150717585,4.68544377424909,8.698485555241227,False
2009-11-28 23:30:00+00:00,4.210361949650953,3.6790642415437564,4.198648662615051,9.517234863177821,True
2009-11-29 00:00:00+00:00,3.6561658491890103,3.385336289193218,3.497170768611748,10.335984171114417,False
2009-11-29 00:30:00+00:00,3.2867318590849015,3.1655959919201706,3.0848945437433244,8.933278918033688,True
2009-11-29 01:00:00+00:00,3.0239333395866854,2.969425873527211,2.8248838958874924,6.6312887210183495,False
2009-11-29 01:30:00+00:00,2.8721096596404236,2.7079227464012923,2.7170252263900396,4.433819712250239,True
2009-11-29 02:00:00+00:00,2.7494418288655327,2.5507426701451084,2.67158376224926,3.1356356474167373,False
2009-11-29 02:30:00+00:00,2.587005075612635,2.6023111644916277,2.942219427843366,3.6515809246959283,True
2009-11-29 03:00:00+00:00,2.491109980256644,2.6538796588381466,3.2128550934374727,4.459570698548245,False
2009-11-29 03:30:00+00:00,2.5119432759605944,2.570340321504491,2.912032661921325,5.128198888070928,True
2009-11-29 04:00:00+00:00,2.532776571664545,2.4001524741364904,2.4500181901189464,5.504782581020486,False
2009-11-29 04:30:00+00:00,2.451521259387243,2.17489160191998,2.189788639820326,5.313864723242759,True
2009-11-29 05:00:00+00:00,2.25430011931292,1.8534649817029287,1.891669007180754,4.842815055454725,False
2009-11-29 05:30:00+00:00,1.5371840844962747,1.2363771031542654,1.1223595780906126,2.8794350888035463,True
2009-11-29 06:00:00+00:00,0.8666583389812921,0.7494902402862357,0.5038064264193781,1.1961869321626768,False
2009-11-29 06:30:00+00:00,0.7548874466935938,0.6716312310676433,0.42770029860395153,1.2194138628842826,True
2009-11-29 07:00:00+00:00,0.7124920929012534,0.6331772650534809,0.3999200159968006,1.2426407936058883,False
2009-11-29 07:30:00+00:00,0.7810827269557862,0.6164886709547504,1.1954391228513046,1.1032792092762556,True
2009-11-29 08:00:00+00:00,0.88709629311841,0.5989983231405858,1.990958229705809,0.9639176249466228,False
2009-11-29 08:30:00+00:00,0.971308061126673,0.5142465449350581,1.9011140302043148,1.0141340121572369,True
2009-11-29 09:00:00+00:00,1.0180968970268451,0.4435047195947857,1.81126983070282,1.1381196053586644,False
2009-11-29 09:30:00+00:00,0.8934664678255729,0.4529763842634889,1.817668279045586,1.4682063057595072,True
2009-11-29 10:00:00+00:00,0.7688360386243006,0.4801344376425399,1.8240667273883524,2.1020372303052914,False
2009-11-29 10:30:00+00:00,0.782297306179948,0.8465370632512378,1.6460985856668167,3.6267557524477176,True
2009-11-29 11:00:00+00:00,0.820640310948876,1.5109666309800744,1.4681304439452811,5.586076838546108,False
2009-11-29 11:30:00+00:00,1.320194139818757,2.3391168865894847,1.9384522546534044,7.349519448630936,True
2009-11-29 12:00:00+00:00,2.083852402415164,3.1406259094571483,2.565058946994641,8.628804763076415,False
2009-11-29 12:30:00+00:00,2.594376275601072,3.6417780525322123,2.770596141792455,9.06427898301946,True
2009-11-29 13:00:00+00:00,3.1493213149173918,4.036645443040835,3.0021888789093585,9.464974269054215,False
2009-11-29 13:30:00+00:00,4.135593866480514,4.301773404434292,4.193531138556671,10.592901974314081,True
2009-11-29 14:00:00+00:00,4.931493024959921,4.654168770427392,5.20253297425178,11.427649915029866,False
2009-11-29 14:30:00+00:00,5.115765362052254,6.943399264325194,4.857121796667972,11.177960409772608,True
2009-11-29 15:00:00+00:00,5.2722595476948735,8.962575008101055,4.511710619084163,10.92827090451535,False
2009-11-29 15:30:00+00:00,5.686110180839224,8.329816690125012,5.2821856312176125,17.0195334862564,True
2009-11-29 16:00:00+00:00,5.984705021446786,7.510851177118221,6.30449093585147,23.11079606799745,False
2009-11-29 16:30:00+00:00,5.7261595051196315,7.241979325205349,6.78062676404083,18.860267745943617,True
2009-11-29 17:00:00+00:00,5.467613988792476,7.009935661553294,7.004932299729784,14.609739423889785,False
2009-11-29 17:30:00+00:00,5.937832085781034,6.626233315728019,5.931765707615157,15.289127147496744,True
2009-11-29 18:00:00+00:00,6.408050182769591,6.269658783958552,4.85859911550053,15.968514871103704,False
2009-11-29 18:30:00+00:00,6.382874401869398,6.025991058761496,4.892079373523995,14.408826473147913,True
2009-11-29 19:00:00+00:00,6.319129085159796,5.904574526278561,4.979509771428095,12.414794470698103,False
2009-11-29 19:30:00+00:00,6.051054780364365,5.9785323698563015,5.507865179413568,11.62275613309136,True
2009-11-29 20:00:00+00:00,5.736946451867436,6.052490213434041,5.982270447518407,11.265061399978634,False
2009-11-29 20:30:00+00:00,5.619185677808405,5.895790131957195,5.927096246877524,12.36253387657449,True
2009-11-29 21:00:00+00:00,5.498410648363602,5.581692737070844,5.790579623823605,13.460006353170344,False
2009-11-29 21:30:00+00:00,5.18434468972884,5.1110696529764885,5.212343518694597,11.740790295378785,True
2009-11-29 22:00:00+00:00,4.83806535537205,4.631681142333213,4.7154498359786245,9.31399921936378,False
2009-11-29 22:30:00+00:00,4.590050932019777,4.3436269839188855,5.120741823727485,7.885966164377807,True
2009-11-29 23:00:00+00:00,4.461867699286209,4.12055898567058,5.526033811476346,7.165508127615279,False
2009-11-29 23:30:00+00:00,4.499162228613961,3.9749724009807683,5.245435079927456,7.728761197614212,True
2009-11-30 00:00:00+00:00,4.536456757941713,3.785592767192306,4.847437131310268,8.292014267613144,False
2009-11-30 00:30:00+00:00,3.9208116783566793,2.7700645818849563,4.686499300440596,5.737051888236545,True
2009-11-30 01:00:00+00:00,3.0077298308154425,1.6286660000708677,4.488414896908049,3.1820895088599457,False
2009-11-30 01:30:00+00:00,2.4546778499074,1.1315785749056073,3.299893314967172,3.455005944838809,True
2009-11-30 02:00:00+00:00,2.0339161667647785,0.905331175138143,2.2659175227574684,3.727922380817671,False
2009-11-30 02:30:00+00:00,1.7330424907278021,0.9792890187158847,2.2929459625679764,3.654221542951037,True
2009-11-30 03:00:00+00:00,1.5340973316398543,1.0532468622936262,2.3199744023784845,3.4724261428800083,False
2009-11-30 03:30:00+00:00,1.4503767771049372,0.7902080360375087,1.847211448131254,2.745039818046269,True
2009-11-30 04:00:00+00:00,1.3648473669280483,0.5271692097813911,1.3744484938840231,2.067196834222878,False
2009-11-30 04:30:00+00:00,1.051547971778529,0.7207094555110778,1.744570351944236,1.9956516254376373,True
2009-11-30 05:00:00+00:00,0.8032753855127349,0.9142497012407644,2.114692210004449,1.939448715254046,False
2009-11-30 05:30:00+00:00,0.8805954337503745,0.8813808308823915,1.689129030191289,1.784289402308618,True
2009-11-30 06:00:00+00:00,0.957915481988014,0.820424354102193,1.253229242860548,1.6723390119555883,False
2009-11-30 06:30:00+00:00,0.8488174514540497,0.7592712921574405,1.2426336873462762,1.757911914614139,True
2009-11-30 07:00:00+00:00,0.7397194209200854,0.6804339146431304,1.2320477178479905,1.858154457728438,False
2009-11-30 07:30:00+00:00,0.7579139344631893,0.5252862041588775,0.8121931648326164,1.8829094759975114,True
2009-11-30 08:00:00+00:00,0.8023206122542755,0.4159104156660076,0.4026656333188362,1.8929948538108372,False
2009-11-30 08:30:00+00:00,0.9766662370011333,0.5069577302001969,0.417911602632504,1.820362305866818,True
2009-11-30 09:00:00+00:00,1.124799697500009,0.5980050447343861,0.4331575719461717,1.6723390119555883,False
2009-11-30 09:30:00+00:00,0.9196704924234355,0.5403943357525886,0.35655079157196606,1.3965675990755275,True
2009-11-30 10:00:00+00:00,0.6937199868214402,0.4827836267707909,0.2799440111977604,1.1961869321626768,False
2009-11-30 10:30:00+00:00,0.6602616095071638,0.5839364292340979,0.35525319265141464,1.3051028816178636,True
2009-11-30 11:00:00+00:00,0.6476245327183094,0.8213193536454303,0.5275026807070966,1.591044754429966,False
2009-11-30 11:30:00+00:00,0.7997950160824484,1.4329909418453646,0.8880266626313129,2.9635727082205228,True
2009-11-30 12:00:00+00:00,1.113306195100889,2.2172611243878406,1.4216637206575786,5.017017035866765,False
2009-11-30 12:30:00+00:00,1.6136463498373022,2.9255950257340904,2.19726786561143,7.16478105787187,True
2009-11-30 13:00:00+00:00,2.164121033394299,3.325100210789773,2.785698733837203,8.454602782664374,False
2009-11-30 13:30:00+00:00,2.5296007098753925,3.266943723173395,2.881514746532375,8.173787747573662,True
2009-11-30 14:00:00+00:00,2.871985048558296,3.208787235557016,2.9743889513590585,7.664887138129796,False
2009-11-30 14:30:00+00:00,3.2595618740738668,3.5573278009151488,3.537845748758274,7.150043700708326,True
2009-11-30 15:00:00+00:00,3.6774555084346745,3.905868366273281,4.02136424804998,6.584834859575141,False
2009-11-30 15:30:00+00:00,4.17640153911201,3.5462314051625015,3.4455629616188763,5.870742835182971,True
2009-11-30 16:00:00+00:00,4.634612271686613,3.186594444051722,2.8697616751877724,5.435101788855673,False
2009-11-30 16:30:00+00:00,4.944499915760552,4.337804573439637,4.29580930322624,13.593561204819602,True
2009-11-30 17:00:00+00:00,5.201236794206572,5.708310632264266,6.013734139941333,21.75202062078353,False
2009-11-30 17:30:00+00:00,5.486733711372198,5.997050786081229,6.421585711678215,15.242673286053586,True
2009-11-30 18:00:00+00:00,5.647419996746544,6.239245908167951,6.730590196869955,8.733325951323641,False
2009-11-30 18:30:00+00:00,5.621943903408498,6.73457399652138,7.107468850807188,15.910447544299695,True
2009-11-30 19:00:00+00:00,5.596467810070452,7.228490625935853,7.567207874128675,23.087569137275747,False
2009-11-30 19:30:00+00:00,6.7250008011818725,7.57630941692078,8.515494156935365,21.082601021529634,True
2009-11-30 20:00:00+00:00,7.853533792293293,7.752788769138194,9.187889948226315,17.675694279141762,False
2009-11-30 20:30:00+00:00,6.923055374657941,7.447959223056742,8.900423904461954,14.065551892939787,True
2009-11-30 21:00:00+00:00,5.99257695702259,6.983583688473856,8.329118992159449,11.857348133379569,False
2009-11-30 21:30:00+00:00,6.844317414850552,6.670618277276823,7.349830081031049,19.04027645903606,True
2009-11-30 22:00:00+00:00,7.696057872678516,6.438282589898332,6.654380038440792,26.223204784692555,False
2009-11-30 22:30:00+00:00,7.248558731532607,6.33686610287003,7.214715401363252,19.4818939720492,True
2009-11-30 23:00:00+00:00,6.471271434015883,6.21615811711941,7.775050764285714,11.75282694513234,False
2009-11-30 23:30:00+00:00,5.762232417416788,5.501519661994417,6.54408896955327,10.49503210117904,True
2009-12-01 00:00:00+00:00,5.041997459504741,4.519134233222746,4.886445011558668,9.464974269054215,False
2009-12-01 00:30:00+00:00,4.36446084558333,3.8088470032422173,4.205095889161387,6.82033892247517,True
2009-12-01 01:00:00+00:00,3.737686131683687,3.2321698631944424,3.675270223627325,4.935722778341157,False
2009-12-01 01:30:00+00:00,3.1842171023822576,2.8082818137640637,3.1468097566089104,5.240576244062229,True
2009-12-01 02:00:00+00:00,2.691803019742521,2.504872414413504,2.666685616992971,6.817104166791199,False
