TIMESTAMP,solar_TIMESTAMP,ARG_TRE_Nan_Jt_1,ARG_TRE_Nan_Jt_2,ARG_TRE_Nan_Jt_3,ARG_TRE_Nan_Jt_4
2009-11-18T03:00:00Z,2009-11-17T22:24:58Z,322.20298855444,189.738291964542,313.228777725482,217.522528900907
2009-11-18T04:00:00Z,2009-11-17T23:24:58Z,292.9710029771,156.921301471566,293.376157191879,293.039784217448
2009-11-18T05:00:00Z,2009-11-18T00:24:43Z,297.787619770928,178.183001313448,330.962822127329,309.456578851479
2009-11-18T06:00:00Z,2009-11-18T01:24:43Z,297.78894662755,168.03096545755201,299.334570143094,257.743675754282
2009-11-18T07:00:00Z,2009-11-18T02:24:43Z,301.0117340314,170.341848807113,291.729761822833,301.248181534464
2009-11-18T08:00:00Z,2009-11-18T03:24:43Z,320.281825397176,198.000508299764,295.238612331379,261.027034681088
2009-11-18T09:00:00Z,2009-11-18T04:24:43Z,343.010314955208,195.829688258737,300.53505266077,284.831386900433
2009-11-18T10:00:00Z,2009-11-18T05:24:43Z,323.955228376879,194.393683015245,292.458063577799,281.548027973627
2009-11-18T11:00:00Z,2009-11-18T06:24:43Z,352.587163208298,283.980372961161,323.327148125575,374.3029176559
2009-11-18T12:00:00Z,2009-11-18T07:24:43Z,432.828597272308,339.66056858755,351.733536275013,371.840398460796
2009-11-18T13:00:00Z,2009-11-18T08:24:43Z,504.192262702683,385.73348027132,406.343675583167,428.478339948202
2009-11-18T14:00:00Z,2009-11-18T09:24:43Z,608.946753630355,558.221586283241,473.396016733933,571.304453264269
2009-11-18T15:00:00Z,2009-11-18T10:24:43Z,697.921668392292,516.160188488733,560.949817084456,587.7212478983
2009-11-18T16:00:00Z,2009-11-18T11:24:43Z,667.831403295771,714.920074422254,642.27594953584,646.82170858081
2009-11-18T17:00:00Z,2009-11-18T12:24:43Z,701.461557208842,615.750663369937,585.511770644281,791.289501360281
2009-11-18T18:00:00Z,2009-11-18T13:24:43Z,778.066123103725,616.534603839913,678.520937501816,948.069890115274
2009-11-18T19:00:00Z,2009-11-18T14:24:43Z,719.910626466088,552.24569046136,629.220372478721,722.338963897352
2009-11-18T20:00:00Z,2009-11-18T15:24:43Z,677.294846117802,509.193914088468,602.601574150127,623.838196093167
2009-11-18T21:00:00Z,2009-11-18T16:24:43Z,631.350607019858,469.641650139855,493.328100356346,610.704760385943
2009-11-18T22:00:00Z,2009-11-18T17:24:43Z,724.002206413625,531.198616339959,483.070803778633,613.988119312749
2009-11-18T23:00:00Z,2009-11-18T18:24:43Z,660.094333235102,513.997556059779,516.627840035509,692.788733556096
2009-11-19T00:00:00Z,2009-11-18T19:24:43Z,579.285897902422,367.459291388735,467.547932553022,490.041319825817
2009-11-19T01:00:00Z,2009-11-18T20:24:43Z,449.342487996193,277.113223809063,369.908895758076,402.211468533753
2009-11-19T02:00:00Z,2009-11-18T21:24:43Z,377.735219316382,218.58558053191,300.376126483148,377.586276582706
2009-11-19T03:00:00Z,2009-11-18T22:24:43Z,384.1670116418,260.977104519213,331.97351278589,403.032308265454
2009-11-19T04:00:00Z,2009-11-18T23:24:43Z,346.408640241145,195.697812562276,348.096625270338,398.107269875245
2009-11-19T05:00:00Z,2009-11-19T00:24:26Z,402.510058020367,338.670190009167,312.721133511125,395.64475068014
2009-11-19T06:00:00Z,2009-11-19T01:24:26Z,343.555347620945,212.155870432848,313.418569584597,74.6964155848396
2009-11-19T07:00:00Z,2009-11-19T02:24:26Z,233.225708389503,183.622332834127,253.176405865985,250.356118168968
2009-11-19T08:00:00Z,2009-11-19T03:24:26Z,222.513515668601,173.684922698712,221.548153881751,226.551765949624
2009-11-19T09:00:00Z,2009-11-19T04:24:26Z,221.758432755786,180.989510903844,269.758565157474,231.476804339833
2009-11-19T10:00:00Z,2009-11-19T05:24:26Z,226.754419254028,195.474999229722,238.76142011357,325.052533753808
2009-11-19T11:00:00Z,2009-11-19T06:24:26Z,273.519515653982,242.909353745036,248.325878387966,343.931847582943
2009-11-19T12:00:00Z,2009-11-19T07:24:26Z,422.329216264956,297.153544127934,331.845452289762,494.145518484325
2009-11-19T13:00:00Z,2009-11-19T08:24:26Z,539.071765192968,499.916756338642,429.943535891748,471.162005996682
2009-11-19T14:00:00Z,2009-11-19T09:24:26Z,567.841581844197,502.351327772591,471.559829505771,836.435686603865
2009-11-19T15:00:00Z,2009-11-19T10:24:26Z,869.415223648915,693.790250276833,542.200484253894,659.955144288035
2009-11-19T16:00:00Z,2009-11-19T11:24:26Z,742.775834461296,546.492607972033,632.539431128153,662.41766348314
2009-11-19T17:00:00Z,2009-11-19T12:24:26Z,1015.19377540387,641.609567074722,618.658357501434,666.521862141647
2009-11-19T18:00:00Z,2009-11-19T13:24:26Z,897.690944220139,575.678210344269,524.069124407994,931.653095481243
2009-11-19T19:00:00Z,2009-11-19T14:24:26Z,945.322644493378,420.84497888971,561.9119103357,978.440960188231
2009-11-19T20:00:00Z,2009-11-19T15:24:26Z,778.193437508472,528.854108638817,538.629902382361,896.356987018077
2009-11-19T21:00:00Z,2009-11-19T16:24:26Z,735.898625118316,620.677993425635,546.958414687433,787.185302701773
2009-11-19T22:00:00Z,2009-11-19T17:24:26Z,789.932323496809,503.218018266587,578.73245889362,876.656833457241
2009-11-19T23:00:00Z,2009-11-19T18:24:26Z,759.794905618316,434.876652938406,365.543682998435,553.245979166835
2009-11-20T00:00:00Z,2009-11-19T19:24:26Z,564.03187513262,362.870275137906,305.888626582992,448.178493509039
2009-11-20T01:00:00Z,2009-11-19T20:24:26Z,476.758154706361,313.297851029857,69.2280508753538,454.745211362651
2009-11-20T02:00:00Z,2009-11-19T21:24:26Z,381.17804443736,224.693352050252,318.379425832921,420.269942631186
2009-11-20T03:00:00Z,2009-11-19T22:24:26Z,321.130097889957,216.72851145953,307.535021952039,329.156732412316
2009-11-20T04:00:00Z,2009-11-19T23:24:26Z,243.883682630678,211.702056155666,394.28565522894,262.668714144491
2009-11-20T05:00:00Z,2009-11-20T00:24:10Z,217.439305554443,168.237403565959,332.481157000247,302.889860997867
2009-11-20T06:00:00Z,2009-11-20T01:24:10Z,152.862368871419,196.151626839458,167.582255469597,206.030772657085
2009-11-20T07:00:00Z,2009-11-20T02:24:10Z,141.47318935961,178.356688973562,203.7037807096,137.901074925858
2009-11-20T08:00:00Z,2009-11-20T03:24:10Z,142.376958103525,94.1429557484515,181.984107266342,143.646953047769
2009-11-20T09:00:00Z,2009-11-20T04:24:10Z,175.911023328828,97.3041543678626,227.255043610864,141.184433852664
2009-11-20T10:00:00Z,2009-11-20T05:24:10Z,101.044990294284,212.816122818437,207.971798654605,52.5337428288981
2009-11-20T11:00:00Z,2009-11-20T06:24:10Z,215.909464088429,210.85992849789,304.692741835471,299.606502071061
2009-11-20T12:00:00Z,2009-11-20T07:24:10Z,316.572267432376,178.71956561465,271.497557571001,300.427341802762
2009-11-20T13:00:00Z,2009-11-20T08:24:10Z,395.380474726901,194.179057294764,371.475828038311,379.22795604611
2009-11-20T14:00:00Z,2009-11-20T09:24:10Z,464.023621844583,228.283802110624,345.408673561238,309.456578851479
2009-11-20T15:00:00Z,2009-11-20T10:24:10Z,436.839878884059,195.730563010569,349.235376425027,312.739937778285
2009-11-20T16:00:00Z,2009-11-20T11:24:10Z,356.262373640905,233.409382662656,213.484298754449,516.308191240266
2009-11-20T17:00:00Z,2009-11-20T12:24:10Z,519.840473805265,310.045714774352,302.666762748195,431.761698875008
2009-11-20T18:00:00Z,2009-11-20T13:24:10Z,647.746776078914,400.88740859486,441.670569935063,558.991857288746
2009-11-20T19:00:00Z,2009-11-20T14:24:10Z,567.021144370305,353.609492612226,327.290447671007,636.15079206869
2009-11-20T20:00:00Z,2009-11-20T15:24:10Z,380.675987985887,245.938676667987,162.347546503193,507.278954191549
2009-11-20T21:00:00Z,2009-11-20T16:24:10Z,404.809035758455,236.677894142307,294.510310576414,365.273680607183
2009-11-20T22:00:00Z,2009-11-20T17:24:10Z,328.496429618685,205.074095560269,238.553896528632,341.469328387839
2009-11-20T23:00:00Z,2009-11-20T18:24:10Z,307.203100813006,209.654924199025,289.770111868698,325.052533753808
2009-11-21T00:00:00Z,2009-11-20T19:24:10Z,342.495879824848,248.356872877788,232.577751851593,339.827648924436
2009-11-21T01:00:00Z,2009-11-20T20:24:10Z,352.356276903475,238.765964159315,207.238899129485,336.54428999763
2009-11-21T02:00:00Z,2009-11-20T21:24:10Z,302.564875541101,210.323364196688,205.138054723553,291.398104754045
2009-11-21T03:00:00Z,2009-11-20T22:24:10Z,316.737795818308,217.52063954158,272.128664511332,379.22795604611
2009-11-21T04:00:00Z,2009-11-20T23:24:10Z,326.569101569901,160.412626283772,380.170790105944,403.032308265454
2009-11-21T05:00:00Z,2009-11-21T00:23:52Z,289.123918864257,159.653248650016,350.974368838553,279.085508778522
2009-11-21T06:00:00Z,2009-11-21T01:23:52Z,228.298467143829,159.529560565629,222.527978858818,253.639477095774
2009-11-21T07:00:00Z,2009-11-21T02:23:52Z,243.112492525075,190.167543405503,260.052912431281,250.356118168968
2009-11-21T08:00:00Z,2009-11-21T03:23:52Z,212.337469765913,121.949866161709,237.622668958882,247.072759242162
2009-11-21T09:00:00Z,2009-11-21T04:23:52Z,146.641483841591,99.4004119969432,187.42174204753,175.659702584129
2009-11-21T10:00:00Z,2009-11-21T05:23:52Z,134.68795773915,83.1324170106327,178.96516924633,73.8755758531381
2009-11-21T11:00:00Z,2009-11-21T06:23:52Z,157.693331122863,127.933949595664,179.565410505167,187.972298559652
2009-11-21T12:00:00Z,2009-11-21T07:23:52Z,213.20841415089,173.684922698712,213.453433072956,401.390628802051
2009-11-21T13:00:00Z,2009-11-21T08:23:52Z,322.699449995825,250.090253865781,290.921996979057,437.507576996919
2009-11-21T14:00:00Z,2009-11-21T09:23:52Z,369.222892094642,334.328549927111,280.89849189762,508.099793923251
2009-11-21T15:00:00Z,2009-11-21T10:23:52Z,499.841354675111,333.98204851017,334.974719080079,590.183767093404
2009-11-21T16:00:00Z,2009-11-21T11:23:52Z,597.78139481559,361.467020342707,527.834095908796,604.958882264032
2009-11-21T17:00:00Z,2009-11-21T12:23:52Z,663.924684066024,396.991395177912,538.709365471172,632.867433141884
2009-11-21T18:00:00Z,2009-11-21T13:23:52Z,651.496015336121,405.591925318003,423.208223778251,572.125292995971
2009-11-21T19:00:00Z,2009-11-21T14:23:52Z,613.956436801155,356.778878843711,372.199532023123,566.37941487406
2009-11-21T20:00:00Z,2009-11-21T15:23:52Z,496.64220988951,289.758018286708,275.350528346129,429.299179679903
2009-11-21T21:00:00Z,2009-11-21T16:23:52Z,556.400078668614,338.785690481481,416.759898338502,573.766972459374
2009-11-21T22:00:00Z,2009-11-21T17:23:52Z,531.481827401335,248.117684321088,316.812493552685,288.93558555894
2009-11-21T23:00:00Z,2009-11-21T18:23:52Z,394.386796571029,243.767856626959,223.441474702744,352.140244899959
2009-11-22T00:00:00Z,2009-11-21T19:23:52Z,240.585384824971,147.850581830148,132.617213110106,332.440091339122
2009-11-22T01:00:00Z,2009-11-21T20:23:52Z,167.512374240443,107.233376891204,132.096434940079,142.005273584366
2009-11-22T02:00:00Z,2009-11-21T21:23:52Z,139.672391642942,109.948948845507,178.047075632249,292.218944485747
2009-11-22T03:00:00Z,2009-11-21T22:23:52Z,137.990138043193,109.074070739437,199.356299675783,178.943061510935
2009-11-22T04:00:00Z,2009-11-21T23:23:52Z,94.1359773011661,105.937434956246,199.387165357277,63.2046593410181
2009-11-22T05:00:00Z,2009-11-22T00:23:34Z,112.89872515988,91.3118833218348,131.226938733316,130.513517340544
2009-11-22T06:00:00Z,2009-11-22T01:23:34Z,119.90422918949,100.787291567995,171.108837703967,176.48054231583
2009-11-22T07:00:00Z,2009-11-22T02:23:34Z,94.3298326352239,64.3962262387933,126.517605707094,105.067485657796
2009-11-22T08:00:00Z,2009-11-22T03:23:34Z,120.148430155013,67.6647377184448,145.818582389176,192.897336949861
2009-11-22T09:00:00Z,2009-11-22T04:23:34Z,130.804642476221,64.1816005183125,165.150424752752,105.888325389498
2009-11-22T10:00:00Z,2009-11-22T05:23:34Z,62.4174952800954,90.8744442688,179.786068045776,98.5007678041841
2009-11-22T11:00:00Z,2009-11-22T06:23:34Z,156.733612522347,132.506590622347,244.057860442961,210.955811047295
2009-11-22T12:00:00Z,2009-11-22T07:23:34Z,242.448844171779,212.502371849789,138.006250483977,453.924371630949
2009-11-22T13:00:00Z,2009-11-22T08:23:34Z,371.810218188601,263.180675008534,296.328766078751,348.856885973153
2009-11-22T14:00:00Z,2009-11-22T09:23:34Z,573.857710956657,360.592142236637,407.623621189653,486.757960899011
2009-11-22T15:00:00Z,2009-11-22T10:23:34Z,777.117384678536,472.167159209898,405.897762731796,627.942394751675
2009-11-22T16:00:00Z,2009-11-22T11:23:34Z,754.387467600858,564.485796334263,816.4963223043,876.656833457241
2009-11-22T17:00:00Z,2009-11-22T12:23:34Z,812.193432974376,504.530335425692,542.800725512732,873.373474530434
2009-11-22T18:00:00Z,2009-11-22T13:23:34Z,806.33699343148,554.771199531402,558.403059827153,696.072092482903
2009-11-22T19:00:00Z,2009-11-22T14:23:34Z,729.207948520414,455.948289896027,584.673140119011,790.468661628579
2009-11-22T20:00:00Z,2009-11-22T15:23:34Z,673.335505449254,425.54130800078,513.622035971166,558.991857288746
2009-11-22T21:00:00Z,2009-11-22T16:23:34Z,677.854798889637,362.210022752317,410.75288797997,526.158268020685
2009-11-22T22:00:00Z,2009-11-22T17:23:34Z,432.567628297897,210.85992849789,282.686081718464,350.498565436556
2009-11-22T23:00:00Z,2009-11-22T18:23:34Z,324.340447037492,200.394141673346,259.735060076038,421.090782362888
2009-11-23T00:00:00Z,2009-11-22T19:23:34Z,377.811159851933,202.267585969872,348.776329617987,463.774448411368
2009-11-23T01:00:00Z,2009-11-22T20:23:34Z,293.359740329491,136.113415906866,226.336949996783,187.972298559652
2009-11-23T02:00:00Z,2009-11-22T21:23:34Z,239.707656651234,136.22891637918,179.247558149925,187.972298559652
2009-11-23T03:00:00Z,2009-11-22T22:23:34Z,175.829436764119,106.90325069841,156.486328366613,168.272144998815
2009-11-23T04:00:00Z,2009-11-22T23:23:34Z,154.20952042699,57.3226389782883,145.690521893048,143.646953047769
2009-11-23T05:00:00Z,2009-11-23T00:23:15Z,146.014476285073,142.312125061301,183.04339533222,121.484280291827
2009-11-23T06:00:00Z,2009-11-23T01:23:15Z,133.159257411072,116.708785137364,185.621018271017,117.380081633319
2009-11-23T07:00:00Z,2009-11-23T02:23:15Z,159.496006401828,73.4587582681384,180.783624748667,82.0839731701534
2009-11-23T08:00:00Z,2009-11-23T03:23:15Z,128.274089951559,59.9554609085708,180.863087837478,404.673987728857
2009-11-23T09:00:00Z,2009-11-23T04:23:15Z,128.201701467464,41.4289186230653,179.865531134586,238.043522193445
2009-11-23T10:00:00Z,2009-11-23T05:23:15Z,105.84779725075,62.0322785470023,48.3824714090142,22.9835124876428
2009-11-23T11:00:00Z,2009-11-23T06:23:15Z,103.312299240013,34.7895600376687,174.948674523426,88.6506910237657
2009-11-23T12:00:00Z,2009-11-23T07:23:15Z,309.314597402766,219.914272915161,321.747081889669,379.22795604611
2009-11-23T13:00:00Z,2009-11-23T08:23:15Z,294.692980180042,354.253369773668,295.679927412596,657.49262509293
2009-11-23T14:00:00Z,2009-11-23T09:23:15Z,490.583455643743,336.408432332045,431.333810268539,622.196516629764
2009-11-23T15:00:00Z,2009-11-23T10:23:15Z,592.897776063996,267.86881650753,493.089711089914,719.876444702247
2009-11-23T16:00:00Z,2009-11-23T11:23:15Z,831.594075837228,484.820141299615,625.503998385236,885.686070505957
2009-11-23T17:00:00Z,2009-11-23T12:23:15Z,850.428394232578,471.432344412361,611.450864625227,1149.99646411385
2009-11-23T18:00:00Z,2009-11-23T13:23:15Z,1085.10271100758,562.851540594437,798.334096776906,884.865230774256
2009-11-23T19:00:00Z,2009-11-23T14:23:15Z,814.598069013849,589.759010065405,935.051865468882,867.627596408524
2009-11-23T20:00:00Z,2009-11-23T15:23:15Z,976.893710583243,513.592867455037,389.880381247497,785.54362323837
2009-11-23T21:00:00Z,2009-11-23T16:23:15Z,761.442793687017,676.127188107397,756.448548214957,737.114079067979
2009-11-23T22:00:00Z,2009-11-23T17:23:15Z,894.569945362318,544.643726511726,402.57410631221,926.728057091034
2009-11-23T23:00:00Z,2009-11-23T18:23:15Z,779.774760991298,480.883189822302,415.192966058266,703.459650068216
2009-11-24T00:00:00Z,2009-11-23T19:23:15Z,768.628852658559,343.473831980477,556.840725317072,526.979107752386
2009-11-24T01:00:00Z,2009-11-23T20:23:15Z,518.42834210844,284.095873433474,424.505901110561,426.015820753097
2009-11-24T02:00:00Z,2009-11-23T21:23:15Z,419.978703984679,210.868116109963,253.28673463629,513.845672045161
2009-11-24T03:00:00Z,2009-11-23T22:23:15Z,337.742157780178,183.836958554608,293.08917051813,285.652226632134
2009-11-24T04:00:00Z,2009-11-23T23:23:15Z,182.104037975488,133.918033029618,221.217167570838,159.242907950098
2009-11-24T05:00:00Z,2009-11-24T00:22:56Z,175.844244087589,145.242322736085,151.776995340391,201.926573998578
2009-11-24T06:00:00Z,2009-11-24T01:22:56Z,171.749949235752,51.3221803201872,137.772458987699,139.542754389261
2009-11-24T07:00:00Z,2009-11-24T02:22:56Z,166.841002073935,55.1518189372605,210.121240467855,171.555503925621
2009-11-24T08:00:00Z,2009-11-24T03:22:56Z,130.663270025351,39.8905777534801,193.918664894596,71.4130566580335
2009-11-24T09:00:00Z,2009-11-24T04:22:56Z,129.627936749698,87.0693684879465,168.010436595144,119.021761096723
2009-11-24T10:00:00Z,2009-11-24T05:22:56Z,149.311946934234,209.770424671339,279.464217883667,157.601228486695
2009-11-24T11:00:00Z,2009-11-24T06:22:56Z,255.618559574062,229.505181633635,333.981760147342,376.765436851005
2009-11-24T12:00:00Z,2009-11-24T07:22:56Z,444.817228065492,306.975453791035,377.593167167147,379.22795604611
2009-11-24T13:00:00Z,2009-11-24T08:22:56Z,509.573843509297,498.744502488071,431.903185845883,792.931180823684
2009-11-24T14:00:00Z,2009-11-24T09:22:56Z,743.224247314225,443.864622555804,532.163845216789,707.563848726724
2009-11-24T15:00:00Z,2009-11-24T10:22:56Z,760.114083330622,605.012063637112,765.156644238259,788.826982165176
2009-11-24T16:00:00Z,2009-11-24T11:22:56Z,970.14009058863,635.757359337227,907.938556881599,703.459650068216
2009-11-24T17:00:00Z,2009-11-24T12:22:56Z,931.924359273938,637.176989356572,670.929263137225,954.636607968886
2009-11-24T18:00:00Z,2009-11-24T13:22:56Z,928.623824818318,697.289762701111,684.854336401106,1547.2828942574
2009-11-24T19:00:00Z,2009-11-24T14:22:56Z,906.543315010942,735.562459938913,1114.96599401079,974.336761529723
2009-11-24T20:00:00Z,2009-11-24T15:22:56Z,958.493013029851,690.570864469621,675.718059252257,961.203325822499
2009-11-24T21:00:00Z,2009-11-24T16:22:56Z,830.591485752851,570.915506433326,912.38323273005,954.636607968886
2009-11-24T22:00:00Z,2009-11-24T17:22:56Z,991.840266224637,515.227123194863,620.220692011515,1072.83752933391
2009-11-24T23:00:00Z,2009-11-24T18:22:56Z,809.969908948805,454.743285597163,573.797870556636,807.706295994311
2009-11-25T00:00:00Z,2009-11-24T19:22:56Z,716.541555666716,440.150484411045,467.7817240493,698.534611678007
2009-11-25T01:00:00Z,2009-11-24T20:22:56Z,589.916304770861,368.647920463453,496.488232828157,835.614846872164
2009-11-25T02:00:00Z,2009-11-24T21:22:56Z,537.857317737767,321.370004480819,357.135707604552,557.350177825343
2009-11-25T03:00:00Z,2009-11-24T22:22:56Z,491.788769394949,320.594251622916,445.766527746778,564.737735410657
2009-11-25T04:00:00Z,2009-11-24T23:22:56Z,443.543427335441,287.265259664959,407.292634878741,484.295441703906
2009-11-25T05:00:00Z,2009-11-25T00:22:36Z,405.910069121919,222.514344397151,409.300882240193,624.659035824869
2009-11-25T06:00:00Z,2009-11-25T01:22:36Z,428.626555948015,273.41546088845,401.885865779047,389.89887255823
2009-11-25T07:00:00Z,2009-11-25T02:22:36Z,391.848699641791,216.101009522235,371.458096312487,423.553301557993
2009-11-25T08:00:00Z,2009-11-25T03:22:36Z,389.280836798301,239.616279429164,347.178531656257,269.235431998104
2009-11-25T09:00:00Z,2009-11-25T04:22:36Z,342.161442498717,225.023478243046,289.041810113733,438.32841672862
2009-11-25T10:00:00Z,2009-11-25T05:22:36Z,388.25793552759,238.865089407482,426.94232959756,422.732461826291
2009-11-25T11:00:00Z,2009-11-25T06:22:36Z,460.242389595709,330.614411782352,345.691062464832,522.054069362177
2009-11-25T12:00:00Z,2009-11-25T07:22:36Z,599.670435043483,451.450211281291,575.775252236594,719.876444702247
2009-11-25T13:00:00Z,2009-11-25T08:22:36Z,701.926700509433,459.852490925047,597.25653641342,851.210801774493
2009-11-25T14:00:00Z,2009-11-25T09:22:36Z,877.480682194918,573.845704108109,684.87206812693,801.139578140699
2009-11-25T15:00:00Z,2009-11-25T10:22:36Z,975.61769554826,646.099458077384,786.54073360045,831.510648213656
2009-11-25T16:00:00Z,2009-11-25T11:22:36Z,923.019802307504,579.878913214504,951.060051412871,1026.87050435862
2009-11-25T17:00:00Z,2009-11-25T12:22:36Z,891.818145762312,623.756442021025,627.445916613547,799.497898677296
2009-11-25T18:00:00Z,2009-11-25T13:22:36Z,730.930931869935,521.9623966505,464.175678726119,994.03691509056
2009-11-25T19:00:00Z,2009-11-25T14:22:36Z,691.123076641277,515.871000356305,428.800186966905,933.294774944646
2009-11-25T20:00:00Z,2009-11-25T15:22:36Z,695.722396803729,385.535229774985,460.494768084281,539.291703727909
2009-11-25T21:00:00Z,2009-11-25T16:22:36Z,660.464788909977,428.050441846675,443.771414340995,570.483613532567
2009-11-25T22:00:00Z,2009-11-25T17:22:36Z,708.622030312804,478.844245477734,672.544792824777,780.618584848161
2009-11-25T23:00:00Z,2009-11-25T18:22:36Z,737.17644272052,461.065682835985,534.233823941228,655.850945629527
2009-11-26T00:00:00Z,2009-11-25T19:22:36Z,559.510376185462,387.945238372714,484.015165304052,737.934918799681
2009-11-26T01:00:00Z,2009-11-25T20:22:36Z,530.379091766035,363.860653716289,424.978081873271,628.763234483377
2009-11-26T02:00:00Z,2009-11-25T21:22:36Z,481.650135157462,333.02442038008,369.370385862225,541.754222923014
2009-11-26T03:00:00Z,2009-11-25T22:22:36Z,433.092192786522,319.273746851739,264.837110776159,506.458114459848
2009-11-26T04:00:00Z,2009-11-25T23:22:36Z,411.907695396156,316.450862037195,244.574040842833,456.386890826054
2009-11-26T05:00:00Z,2009-11-26T00:22:15Z,401.309984905043,293.24115548684,286.826039167342,445.715974313934
2009-11-26T06:00:00Z,2009-11-26T01:22:15Z,356.557651251822,256.074337299736,277.786956833128,408.778186387365
2009-11-26T07:00:00Z,2009-11-26T02:22:15Z,359.65406453525,270.592576073907,259.765925757531,405.494827460559
2009-11-26T08:00:00Z,2009-11-26T03:22:15Z,375.074407388633,286.060255366095,288.644494669679,441.611775655426
2009-11-26T09:00:00Z,2009-11-26T04:22:15Z,373.341291916493,262.949674063907,362.449879659767,422.732461826291
2009-11-26T10:00:00Z,2009-11-26T05:22:15Z,391.241145132568,320.264125430122,369.529312039846,434.224218070112
2009-11-26T11:00:00Z,2009-11-26T06:22:15Z,508.380551406108,382.596844488128,412.253491127064,492.503839020922
2009-11-26T12:00:00Z,2009-11-26T07:22:15Z,603.339477366156,519.585138501065,610.391576559349,760.097591555622
2009-11-26T13:00:00Z,2009-11-26T08:22:15Z,757.269037465834,544.115349822598,758.152077176836,784.722783506668
2009-11-26T14:00:00Z,2009-11-26T09:22:15Z,822.793619062181,623.847379657119,765.646556726793,824.943930360044
2009-11-26T15:00:00Z,2009-11-26T10:22:15Z,819.914637278822,653.395858670443,891.894907485962,756.814232628816
2009-11-26T16:00:00Z,2009-11-26T11:22:15Z,790.265331958729,628.130832551374,763.589711958023,1145.89226545534
2009-11-26T17:00:00Z,2009-11-26T12:22:15Z,932.191610361687,766.489630911215,1086.95232353525,1383.93578764879
2009-11-26T18:00:00Z,2009-11-26T13:22:15Z,917.770260206989,735.471522302819,902.862774092817,1027.69134409032
2009-11-26T19:00:00Z,2009-11-26T14:22:15Z,816.921972825535,626.166450618754,806.870132666917,1332.22288455159
2009-11-26T20:00:00Z,2009-11-26T15:22:15Z,789.475644873435,497.019309112152,682.568297906214,977.620120456529
2009-11-26T21:00:00Z,2009-11-26T16:22:15Z,697.643035343424,360.790392732972,404.097038955283,819.198052238133
2009-11-26T22:00:00Z,2009-11-26T17:22:15Z,362.897479584886,151.366469478573,67.8377764985635,353.781924363362
2009-11-26T23:00:00Z,2009-11-26T18:22:15Z,237.173063619759,112.887334132364,155.016590901012,387.436353363125
2009-11-27T00:00:00Z,2009-11-26T19:22:15Z,149.272147809489,25.1904637071216,175.328258241655,224.910086486221
2009-11-27T01:00:00Z,2009-11-26T20:22:15Z,117.874839645144,57.660952783156,125.158197011797,192.897336949861
2009-11-27T02:00:00Z,2009-11-26T21:22:15Z,160.784212631849,111.929706002274,112.005425140044,229.83512487643
2009-11-27T03:00:00Z,2009-11-26T22:22:15Z,158.513243778808,83.3552303431868,143.492482672482,227.372605681325
2009-11-27T04:00:00Z,2009-11-26T23:22:15Z,146.003774591221,77.8085859622672,100.229793689412,224.089246754519
2009-11-27T05:00:00Z,2009-11-27T00:21:54Z,121.946820049795,71.2715630029641,70,183.047260169442
2009-11-27T06:00:00Z,2009-11-27T01:21:54Z,120.44199609709,52.8491231997725,32.8596001834036,186.330619096249
2009-11-27T07:00:00Z,2009-11-27T02:21:54Z,132.476639006668,102.115983951246,140.522142059786,269.235431998104
2009-11-27T08:00:00Z,2009-11-27T03:21:54Z,184.088444867559,136.773668292455,182.725542976978,354.602764095063
2009-11-27T09:00:00Z,2009-11-27T04:21:54Z,165.772869045507,121.198676140027,120.603192393042,281.548027973627
2009-11-27T10:00:00Z,2009-11-27T05:21:54Z,207.807557615937,149.855901823134,154.967993493695,391.540552021633
2009-11-27T11:00:00Z,2009-11-27T06:21:54Z,321.24876162114,225.922919185336,265.013768679604,551.604299703432
2009-11-27T12:00:00Z,2009-11-27T07:21:54Z,391.204789309439,263.94005264229,297.749906137035,583.617049239792
2009-11-27T13:00:00Z,2009-11-27T08:21:54Z,512.780894034392,373.765313403411,460.512499810105,993.216075358859
2009-11-27T14:00:00Z,2009-11-27T09:21:54Z,615.984834282786,507.707909269249,582.161846313356,738.755758531382
2009-11-27T15:00:00Z,2009-11-27T10:21:54Z,763.064614571712,621.800247700478,812.877143025449,1007.99119052949
2009-11-27T16:00:00Z,2009-11-27T11:21:54Z,805.185656126911,624.623132515022,702.844501795209,895.536147286376
2009-11-27T17:00:00Z,2009-11-27T12:21:54Z,807.54904892441,564.056544893301,708.692585976119,1192.68013016233
2009-11-27T18:00:00Z,2009-11-27T13:21:54Z,741.697111618307,595.536655390952,720.327022974954,1042.46645926095
2009-11-27T19:00:00Z,2009-11-27T14:21:54Z,852.310589450702,625.613511093405,836.777123963449,917.698820042317
2009-11-27T20:00:00Z,2009-11-27T15:21:54Z,772.309679053394,698.610267472289,677.474783391608,857.777519628105
2009-11-27T21:00:00Z,2009-11-27T16:21:54Z,862.339668044325,704.288787549669,847.652393525825,1172.15913686979
2009-11-27T22:00:00Z,2009-11-27T17:21:54Z,857.244831848524,676.060813307523,921.298852338291,1052.31653604137
2009-11-27T23:00:00Z,2009-11-27T18:21:54Z,825.722251184233,637.176989356572,808.21180963639,873.373474530434
2009-11-28T00:00:00Z,2009-11-27T19:21:54Z,747.367721852859,471.432344412361,770.483950249143,1173.8008163332
2009-11-28T01:00:00Z,2009-11-27T20:21:54Z,611.175250719731,441.454613958076,629.012848893782,658.313464824632
2009-11-28T02:00:00Z,2009-11-27T21:21:54Z,552.165059640854,396.669456597191,477.015196012783,742.039117458188
2009-11-28T03:00:00Z,2009-11-27T22:21:54Z,529.11893263497,405.146298652895,443.281501852462,755.172553165413
2009-11-28T04:00:00Z,2009-11-27T23:21:54Z,546.656841131238,406.351302951759,479.146906100209,889.790269164465
2009-11-28T05:00:00Z,2009-11-28T00:21:33Z,471.168143991777,413.672266381038,552.824230594168,894.715307554674
2009-11-28T06:00:00Z,2009-11-28T01:21:33Z,555.96872362486,436.436346266285,494.449119785211,632.867433141884
2009-11-28T07:00:00Z,2009-11-28T02:21:33Z,537.518723549416,401.993287645557,486.513325154038,576.229491654478
2009-11-28T08:00:00Z,2009-11-28T03:21:33Z,476.113355664773,423.907052260954,465.08063838453,703.459650068216
2009-11-28T09:00:00Z,2009-11-28T04:21:33Z,500.494569925255,371.602680974456,481.283213957789,575.408651922777
2009-11-28T10:00:00Z,2009-11-28T05:21:33Z,439.244990759383,340.981073358728,525.022681473722,547.500101044925
2009-11-28T11:00:00Z,2009-11-28T06:21:33Z,504.749673705523,344.893461999822,568.016115508866,646.82170858081
2009-11-28T12:00:00Z,2009-11-28T07:21:33Z,615.777622104308,479.042495974068,684.39988736422,1100.74608021176
2009-11-28T13:00:00Z,2009-11-28T08:21:33Z,730.191923697937,516.877754158835,732.371909373512,1244.39303325953
2009-11-28T14:00:00Z,2009-11-28T09:21:33Z,723.183548062925,609.03995275052,752.065603729493,1299.38929528353
2009-11-28T15:00:00Z,2009-11-28T10:21:33Z,758.092356593678,763.13018179547,1164.67241066345,1386.39830684389
2009-11-28T16:00:00Z,2009-11-28T11:21:33Z,845.028801908408,708.985116660739,764.564939164936,1705.70496247579
2009-11-28T17:00:00Z,2009-11-28T12:21:33Z,829.207677545361,751.79770447693,1086.30348486909,920.982178969123
2009-11-28T18:00:00Z,2009-11-28T13:21:33Z,834.076202546884,654.064298668105,1033.66612947074,1131.11715028472
2009-11-28T19:00:00Z,2009-11-28T14:21:33Z,738.824766081211,627.792518746506,763.038068106503,1093.35852262645
2009-11-28T20:00:00Z,2009-11-28T15:21:33Z,766.118529805431,534.846379684845,605.126001911452,1127.01295162621
2009-11-28T21:00:00Z,2009-11-28T16:21:33Z,667.651174798456,520.575517079448,595.817664629312,920.161339237422
2009-11-28T22:00:00Z,2009-11-28T17:21:33Z,611.884933780075,426.39162327063,453.666858926303,911.132102188705
2009-11-28T23:00:00Z,2009-11-28T18:21:33Z,532.44334076975,337.382435686282,468.638086300394,614.80895904445
2009-11-29T00:00:00Z,2009-11-28T19:21:33Z,407.223752282672,282.032366252687,349.787020276547,730.547361214367
2009-11-29T01:00:00Z,2009-11-28T20:21:33Z,336.805695363165,247.382869523552,282.544887266667,468.699486801577
2009-11-29T02:00:00Z,2009-11-28T21:21:33Z,306.232830899043,212.502371849789,267.211807900171,221.626727559415
2009-11-29T03:00:00Z,2009-11-28T22:21:33Z,277.459829600985,221.094714377806,321.349766445616,315.20245697339
2009-11-29T04:00:00Z,2009-11-28T23:21:33Z,282.100654551997,199.956702620311,245.050819375697,389.078032826528
2009-11-29T05:00:00Z,2009-11-29T00:21:11Z,251.083947289073,154.412167625671,189.204734098219,342.29016811954
2009-11-29T06:00:00Z,2009-11-29T01:21:11Z,96.5284057957363,62.4400319182463,50.3907187704662,84.546492365258
2009-11-29T07:00:00Z,2009-11-29T02:21:11Z,79.3573693073416,52.7499979516055,40,87.8298512920642
2009-11-29T08:00:00Z,2009-11-29T03:21:11Z,98.8047851275285,49.9025503008422,199.135642135175,68.1296977312273
2009-11-29T09:00:00Z,2009-11-29T04:21:11Z,113.39563239085,36.9483781894416,181.163208466896,80.4422937067504
2009-11-29T10:00:00Z,2009-11-29T05:21:11Z,85.6329579819746,40,182.443154073383,148.571991437978
2009-11-29T11:00:00Z,2009-11-29T06:21:11Z,91.4029178334858,125.87863002695,146.842407003407,394.823910948439
2009-11-29T12:00:00Z,2009-11-29T07:21:11Z,232.099480581001,261.645544516875,256.557195878404,609.883920654241
2009-11-29T13:00:00Z,2009-11-29T08:21:11Z,350.771408055499,336.292931859732,300.278931668514,668.984381336752
2009-11-29T14:00:00Z,2009-11-29T09:21:11Z,549.269693120036,387.738800264306,520.357348084663,807.706295994311
2009-11-29T15:00:00Z,2009-11-29T10:21:11Z,587.224268422255,746.672123924899,451.261296120798,772.410187531145
2009-11-29T16:00:00Z,2009-11-29T11:21:11Z,666.576445288743,625.729011565719,630.575183403864,1633.47106608606
2009-11-29T17:00:00Z,2009-11-29T12:21:11Z,608.982846071706,583.997739964005,700.633328618973,1032.61638248053
2009-11-29T18:00:00Z,2009-11-29T13:21:11Z,713.728629356877,522.325273291587,485.957083532363,1128.65463108961
2009-11-29T19:00:00Z,2009-11-29T14:21:11Z,703.824597505098,491.910103784267,498.050567338238,877.477673188942
2009-11-29T20:00:00Z,2009-11-29T15:21:11Z,638.981095808995,504.23295968119,598.346690160791,796.21453975049
2009-11-29T21:00:00Z,2009-11-29T16:21:11Z,612.412978014738,465.010821925372,579.173773974837,951.35324904208
2009-11-29T22:00:00Z,2009-11-29T17:21:11Z,538.863719281339,385.86535596778,471.639292594582,658.313464824632
2009-11-29T23:00:00Z,2009-11-29T18:21:11Z,496.962824346498,343.283769096216,552.713901823864,506.458114459848
2009-11-30T00:00:00Z,2009-11-29T19:21:11Z,505.270553699548,315.377733434791,484.840661873653,586.079568434897
2009-11-30T01:00:00Z,2009-11-29T20:21:11Z,335.000948556224,135.684164465904,448.931257988743,224.910086486221
2009-11-30T02:00:00Z,2009-11-29T21:21:11Z,226.537582654261,75.4231402007587,226.637070626202,263.489553876193
2009-11-30T03:00:00Z,2009-11-29T22:21:11Z,170.867760798047,87.745996097682,232.043839725896,245.431079778759
2009-11-30T04:00:00Z,2009-11-29T23:21:11Z,152.016699728446,43.9184668668877,137.47233835828,146.109472242873
2009-11-30T05:00:00Z,2009-11-30T00:20:48Z,89.4688124384084,76.1661426103681,211.511514844645,137.080235194156
2009-11-30T06:00:00Z,2009-11-30T01:20:48Z,106.692626383825,68.3495529402537,125.347988870912,118.200921365021
2009-11-30T07:00:00Z,2009-11-30T02:20:48Z,82.3899491020791,56.6869494289192,123.229412739156,131.334357072246
2009-11-30T08:00:00Z,2009-11-30T03:20:48Z,89.3624697928812,34.6494967291351,40.27461664455,133.79687626735
2009-11-30T09:00:00Z,2009-11-30T04:20:48Z,125.280190307551,49.8198002768217,43.3244203460561,118.200921365021
2009-11-30T10:00:00Z,2009-11-30T05:20:48Z,77.266532132172,40.2207039462746,28,84.546492365258
2009-11-30T11:00:00Z,2009-11-30T06:20:48Z,72.1324204541653,68.4241153522008,52.7608181243238,112.45504324311
2009-11-30T12:00:00Z,2009-11-30T07:20:48Z,124.000044010337,184.720024272751,142.194805340171,354.602764095063
2009-11-30T13:00:00Z,2009-11-30T08:20:48Z,241.039800699457,277.014098560896,278.625587358397,597.571324678718
2009-11-30T14:00:00Z,2009-11-30T09:20:48Z,319.881694708423,267.324064594255,297.498382914933,541.754222923014
2009-11-30T15:00:00Z,2009-11-30T10:20:48Z,409.594994529454,325.397893594227,402.216852089959,465.416127874771
2009-11-30T16:00:00Z,2009-11-30T11:20:48Z,516.203114820455,265.475183133949,287.033562752281,384.152994436319
2009-11-30T17:00:00Z,2009-11-30T12:20:48Z,579.313754138728,475.559358773936,601.493688676932,1537.43281747698
2009-11-30T18:00:00Z,2009-11-30T13:20:48Z,629.00963923763,519.791576609472,673.193631490933,617.271478239555
2009-11-30T19:00:00Z,2009-11-30T14:20:48Z,623.334584685647,602.205554046716,756.87213157035,1631.82938662265
2009-11-30T20:00:00Z,2009-11-30T15:20:48Z,874.726593785627,645.884832356903,918.972752621596,1249.31807164974
2009-11-30T21:00:00Z,2009-11-30T16:20:48Z,667.453221473176,581.802357086757,833.078481595788,838.077366067268
2009-11-30T22:00:00Z,2009-11-30T17:20:48Z,857.186925858933,536.37332256443,665.571091444848,1853.45611418207
2009-11-30T23:00:00Z,2009-11-30T18:20:48Z,720.770212320689,517.868132737218,777.660577443857,830.689808481954
2009-12-01T00:00:00Z,2009-11-30T19:20:48Z,561.577677039638,376.489072969787,488.742230056098,668.984381336752
2009-12-01T01:00:00Z,2009-11-30T20:20:48Z,416.303481346929,269.272071302729,367.600527767205,348.856885973153
2009-12-01T02:00:00Z,2009-11-30T21:20:48Z,299.813020338922,208.680920844789,266.721895411637,481.832922508802
